Staff_ID,Department,Role,Shift,Experience_Years,Monthly_Salary
600001,Administration,Manager,Morning,26,148843.9
600002,Emergency,Coordinator,Morning,14,150643.98
600003,Nursing,Assistant,Morning,28,76488.82
600004,Pharmacy,Nurse,Morning,14,63558.54
600005,Surgery,Nurse,Evening,15,40714.49
600006,Emergency,Manager,Morning,16,127843.83
600007,Pharmacy,Assistant,Evening,15,100010.4
600008,Pharmacy,Assistant,Morning,30,83199.51
600009,Emergency,Coordinator,Morning,26,90092.65
600010,Pharmacy,Manager,Morning,7,34447.75
600011,Surgery,Assistant,Evening,11,105832.93
600012,Diagnostics,Technician,Morning,21,64848.59
600013,Surgery,Coordinator,Night,19,81803.42
600014,Emergency,Manager,Morning,17,159512.17
600015,Emergency,Nurse,Evening,20,57260.05
600016,Diagnostics,Manager,Morning,17,55250.93
600017,Pharmacy,Technician,Morning,4,168807.47
600018,Administration,Assistant,Morning,9,76221.62
600019,Administration,Coordinator,Morning,10,68767.89
600020,Diagnostics,Pharmacist,Evening,27,45877.85
600021,Nursing,Coordinator,Night,17,53409.44
600022,Nursing,Nurse,Evening,22,28097.07
600023,Pharmacy,Coordinator,Morning,11,151334.08
600024,Emergency,Coordinator,Evening,8,144049.45
600025,Emergency,Manager,Morning,30,75849.15
600026,Surgery,Assistant,Morning,10,160992.06
600027,Emergency,Pharmacist,Morning,16,113193.72
600028,Emergency,Coordinator,Evening,3,39825.34
600029,Nursing,Assistant,Evening,27,97953.33
600030,Emergency,Technician,Night,11,87733.76
600031,Emergency,Nurse,Morning,26,135066.37
600032,Pharmacy,Manager,Evening,27,132626.26
600033,Emergency,Coordinator,Evening,19,160919.2
600034,Pharmacy,Pharmacist,Night,18,96476.29
600035,Surgery,Assistant,Morning,26,177283.53
600036,Administration,Technician,Night,7,30304.76
600037,Diagnostics,Technician,Morning,12,179783.93
600038,Surgery,Pharmacist,Night,9,120736.48
600039,Pharmacy,Technician,Evening,7,58261.48
600040,Nursing,Pharmacist,Morning,26,150867.69
600041,Administration,Technician,Morning,6,136520.04
600042,Administration,Nurse,Night,20,57291.37
600043,Nursing,Assistant,Morning,3,100713.51
600044,Diagnostics,Technician,Night,0,112054.37
600045,Emergency,Manager,Morning,15,50074.55
600046,Emergency,Assistant,Morning,7,82947.97
600047,Administration,Nurse,Night,18,117208.12
600048,Pharmacy,Pharmacist,Night,12,51795.3
600049,Surgery,Assistant,Morning,6,118788.81
600050,Emergency,Coordinator,Night,10,152409.83
600051,Emergency,Assistant,Night,7,30094.35
600052,Nursing,Pharmacist,Night,26,70708.12
600053,Nursing,Nurse,Morning,28,98375.5
600054,Nursing,Assistant,Evening,27,136836.75
600055,Pharmacy,Pharmacist,Night,28,67970.6
600056,Emergency,Nurse,Morning,3,30691.75
600057,Surgery,Manager,Evening,19,157027.87
600058,Diagnostics,Coordinator,Night,16,53263.27
600059,Surgery,Manager,Evening,23,147812.94
600060,Diagnostics,Nurse,Morning,29,100017.8
600061,Administration,Nurse,Morning,4,136528.71
600062,Administration,Nurse,Night,28,25637.14
600063,Nursing,Manager,Morning,24,92729.37
600064,Administration,Technician,Morning,9,140428.67
600065,Emergency,Technician,Morning,18,60870.54
600066,Emergency,Nurse,Night,20,110630.01
600067,Diagnostics,Nurse,Morning,12,136702.45
600068,Surgery,Coordinator,Evening,12,152565.81
600069,Administration,Coordinator,Evening,4,172838.71
600070,Diagnostics,Technician,Morning,8,141096.44
600071,Nursing,Assistant,Evening,11,95462.63
600072,Nursing,Pharmacist,Evening,20,87371.03
600073,Diagnostics,Manager,Evening,26,94235.22
600074,Administration,Coordinator,Morning,10,175804.29
600075,Administration,Assistant,Evening,5,35907.13
600076,Nursing,Pharmacist,Morning,27,173336.75
600077,Pharmacy,Pharmacist,Night,1,85455.52
600078,Surgery,Pharmacist,Morning,17,162113.56
600079,Surgery,Assistant,Evening,23,85076.36
600080,Pharmacy,Assistant,Night,4,130455.1
600081,Administration,Technician,Evening,24,92423.45
600082,Administration,Technician,Morning,28,119997.08
600083,Pharmacy,Pharmacist,Evening,7,69568.24
600084,Surgery,Pharmacist,Morning,0,150832.29
600085,Surgery,Coordinator,Night,6,139960.82
600086,Nursing,Coordinator,Night,21,102112.83
600087,Emergency,Assistant,Night,8,161787.93
600088,Administration,Manager,Evening,4,87971.59
600089,Surgery,Coordinator,Evening,27,31548.93
600090,Emergency,Nurse,Morning,11,98989.84
600091,Emergency,Technician,Morning,23,31048.28
600092,Emergency,Coordinator,Night,28,125501.44
600093,Nursing,Assistant,Morning,17,45646.84
600094,Administration,Manager,Night,3,147030.06
600095,Surgery,Pharmacist,Evening,16,133771.47
600096,Pharmacy,Technician,Night,6,80404.88
600097,Pharmacy,Manager,Evening,8,160602.06
600098,Pharmacy,Nurse,Morning,25,86712.04
600099,Surgery,Assistant,Night,21,46443.14
600100,Pharmacy,Assistant,Morning,1,98997.19
600101,Diagnostics,Manager,Morning,17,29458.89
600102,Diagnostics,Nurse,Night,17,167379.37
600103,Surgery,Technician,Evening,13,155152.5
600104,Nursing,Manager,Night,18,107726.4
600105,Administration,Nurse,Evening,28,149236.8
600106,Pharmacy,Nurse,Evening,2,84900.41
600107,Surgery,Pharmacist,Evening,28,60645.62
600108,Diagnostics,Pharmacist,Night,28,72484.76
600109,Diagnostics,Nurse,Morning,24,86857.26
600110,Emergency,Technician,Evening,27,109908.21
600111,Administration,Manager,Morning,22,25014.48
600112,Emergency,Technician,Morning,1,99793.18
600113,Pharmacy,Technician,Morning,21,28760.72
600114,Diagnostics,Coordinator,Night,9,116102.1
600115,Pharmacy,Nurse,Morning,10,27113.37
600116,Diagnostics,Technician,Morning,24,69538.66
600117,Nursing,Coordinator,Morning,30,135554.96
600118,Emergency,Assistant,Night,22,174749.22
600119,Administration,Nurse,Morning,27,115267.01
600120,Diagnostics,Technician,Evening,27,31060.46
600121,Diagnostics,Pharmacist,Morning,3,71301.66
600122,Administration,Technician,Evening,14,90862.04
600123,Surgery,Nurse,Night,6,54719.29
600124,Pharmacy,Technician,Night,23,158704.29
600125,Diagnostics,Assistant,Evening,18,88152.08
600126,Nursing,Technician,Night,16,65470.58
600127,Administration,Manager,Evening,10,77392.01
600128,Surgery,Pharmacist,Morning,27,87834.47
600129,Emergency,Technician,Evening,7,47234.51
600130,Surgery,Assistant,Night,26,47666.67
600131,Diagnostics,Assistant,Morning,10,127972.64
600132,Nursing,Pharmacist,Evening,4,117370.81
600133,Nursing,Coordinator,Night,29,177892.1
600134,Diagnostics,Assistant,Night,9,139058.46
600135,Nursing,Manager,Evening,17,134114.89
600136,Diagnostics,Technician,Morning,8,26014.7
600137,Surgery,Technician,Evening,5,135840.58
600138,Administration,Pharmacist,Evening,18,39676.27
600139,Nursing,Manager,Evening,20,136706.84
600140,Diagnostics,Coordinator,Evening,16,171003.35
600141,Diagnostics,Coordinator,Night,2,40043.42
600142,Surgery,Assistant,Night,27,147410.51
600143,Nursing,Manager,Morning,30,25592.6
600144,Nursing,Assistant,Night,26,43584.89
600145,Surgery,Nurse,Night,30,88815.1
600146,Diagnostics,Nurse,Morning,13,125481.62
600147,Pharmacy,Assistant,Night,14,44814.12
600148,Pharmacy,Assistant,Night,25,157037.5
600149,Emergency,Pharmacist,Evening,28,122474.19
600150,Diagnostics,Pharmacist,Evening,19,156353.93
600151,Administration,Pharmacist,Morning,25,51435.17
600152,Pharmacy,Coordinator,Night,27,99156.56
600153,Diagnostics,Technician,Morning,13,112861.82
600154,Administration,Technician,Morning,19,88315.19
600155,Diagnostics,Assistant,Morning,29,109360.5
600156,Administration,Nurse,Morning,5,61388.2
600157,Pharmacy,Coordinator,Night,20,113992.23
600158,Emergency,Nurse,Evening,30,92109.59
600159,Administration,Nurse,Night,5,42650.81
600160,Administration,Pharmacist,Morning,1,100026.78
600161,Emergency,Nurse,Night,22,170258
600162,Surgery,Technician,Evening,4,100562.9
600163,Diagnostics,Technician,Evening,16,152891.74
600164,Surgery,Coordinator,Morning,22,92416.75
600165,Diagnostics,Manager,Evening,5,91740.69
600166,Diagnostics,Technician,Night,23,34516.85
600167,Surgery,Coordinator,Evening,24,118076.71
600168,Nursing,Coordinator,Morning,6,126881.48
600169,Administration,Pharmacist,Evening,26,26876.46
600170,Pharmacy,Coordinator,Night,4,84859.31
600171,Pharmacy,Coordinator,Night,2,26894.45
600172,Diagnostics,Nurse,Night,8,85555.52
600173,Diagnostics,Assistant,Morning,10,161398.89
600174,Administration,Manager,Morning,25,115975.84
600175,Diagnostics,Assistant,Evening,1,80228.73
600176,Surgery,Assistant,Evening,16,64385.32
600177,Diagnostics,Pharmacist,Evening,9,27419.74
600178,Pharmacy,Manager,Evening,13,128456.66
600179,Emergency,Assistant,Night,17,156594.4
600180,Emergency,Nurse,Night,10,151545.06
600181,Nursing,Assistant,Morning,20,135648.12
600182,Surgery,Nurse,Evening,13,106879.41
600183,Nursing,Coordinator,Night,4,167295.89
600184,Pharmacy,Coordinator,Night,0,133317.38
600185,Diagnostics,Nurse,Evening,19,54157.56
600186,Nursing,Pharmacist,Morning,28,75469.29
600187,Surgery,Coordinator,Night,5,119237.02
600188,Administration,Assistant,Morning,7,172589.24
600189,Pharmacy,Nurse,Morning,10,28920.79
600190,Surgery,Technician,Morning,12,55980.87
600191,Surgery,Manager,Evening,26,76964.05
600192,Diagnostics,Assistant,Night,2,55743.02
600193,Diagnostics,Nurse,Night,12,147771.47
600194,Pharmacy,Coordinator,Evening,27,45289.46
600195,Emergency,Assistant,Morning,30,102346.06
600196,Nursing,Coordinator,Evening,6,48409.04
600197,Administration,Coordinator,Morning,5,78560.14
600198,Emergency,Pharmacist,Morning,16,49378.39
600199,Surgery,Pharmacist,Night,18,86762.7
600200,Nursing,Assistant,Morning,15,178205.26
600201,Nursing,Technician,Morning,23,130765.42
600202,Emergency,Pharmacist,Night,5,64842.53
600203,Pharmacy,Technician,Evening,1,177338.71
600204,Nursing,Pharmacist,Night,29,148644.29
600205,Administration,Coordinator,Morning,3,154305.03
600206,Administration,Manager,Night,20,81688.11
600207,Administration,Technician,Morning,22,164773.44
600208,Emergency,Technician,Morning,11,106248.44
600209,Surgery,Pharmacist,Night,16,107510.34
600210,Administration,Technician,Night,5,49871.97
600211,Pharmacy,Assistant,Morning,19,139226.07
600212,Surgery,Coordinator,Morning,8,147409.45
600213,Emergency,Assistant,Morning,13,52467.18
600214,Nursing,Manager,Morning,26,153467.44
600215,Emergency,Manager,Evening,15,154913.87
600216,Emergency,Technician,Morning,8,140559.72
600217,Administration,Pharmacist,Night,19,41232.17
600218,Administration,Coordinator,Evening,22,46569.54
600219,Pharmacy,Manager,Evening,24,112991.54
600220,Pharmacy,Manager,Night,20,42239.82
600221,Administration,Coordinator,Night,7,154659.7
600222,Emergency,Pharmacist,Night,11,145458.95
600223,Surgery,Pharmacist,Evening,23,165089.59
600224,Surgery,Assistant,Evening,6,96937.23
600225,Nursing,Pharmacist,Night,3,28986.98
600226,Diagnostics,Technician,Evening,20,63391.61
600227,Diagnostics,Manager,Morning,13,138807.29
600228,Surgery,Nurse,Night,24,62531.83
600229,Surgery,Manager,Evening,24,64954.49
600230,Nursing,Manager,Morning,7,53534.66
600231,Nursing,Nurse,Night,19,137043.86
600232,Surgery,Manager,Night,27,95746.3
600233,Diagnostics,Pharmacist,Night,15,171449.28
600234,Administration,Assistant,Morning,13,64907.68
600235,Nursing,Pharmacist,Evening,2,178263.89
600236,Nursing,Pharmacist,Morning,3,88405.14
600237,Emergency,Technician,Night,24,145843.93
600238,Nursing,Nurse,Morning,18,26619.63
600239,Administration,Technician,Evening,0,154617.97
600240,Emergency,Manager,Evening,27,28580.53
600241,Nursing,Coordinator,Evening,17,56260.13
600242,Administration,Nurse,Evening,5,147618.6
600243,Nursing,Coordinator,Night,18,125218.5
600244,Pharmacy,Technician,Morning,25,88653.46
600245,Nursing,Nurse,Night,7,152512.85
600246,Surgery,Pharmacist,Morning,19,85038.62
600247,Nursing,Coordinator,Evening,12,58835.08
600248,Administration,Manager,Night,28,151452.2
600249,Surgery,Technician,Night,7,69802.22
600250,Diagnostics,Technician,Evening,17,135618.05
600251,Diagnostics,Assistant,Night,24,46058.03
600252,Pharmacy,Nurse,Evening,30,115251.12
600253,Administration,Manager,Morning,29,94100.55
600254,Administration,Technician,Morning,3,165941.06
600255,Administration,Manager,Night,7,157936.52
600256,Diagnostics,Technician,Evening,28,82843.39
600257,Diagnostics,Manager,Night,1,176745.14
600258,Administration,Technician,Evening,0,65631.67
600259,Administration,Technician,Evening,11,161986.4
600260,Nursing,Nurse,Morning,24,38745.63
600261,Emergency,Nurse,Morning,27,57880.94
600262,Diagnostics,Nurse,Morning,8,60730.99
600263,Nursing,Technician,Night,4,65709.25
600264,Surgery,Pharmacist,Evening,26,132643.18
600265,Nursing,Nurse,Evening,13,74594.12
600266,Diagnostics,Assistant,Night,16,141092.95
600267,Surgery,Technician,Evening,8,111271.41
600268,Pharmacy,Assistant,Night,26,51239.02
600269,Emergency,Nurse,Night,2,49993.86
600270,Nursing,Manager,Evening,23,149746.23
600271,Diagnostics,Nurse,Morning,14,83920.01
600272,Diagnostics,Nurse,Morning,24,114199.29
600273,Administration,Nurse,Night,24,83187.52
600274,Surgery,Pharmacist,Morning,14,48161.9
600275,Surgery,Assistant,Evening,13,177802.26
600276,Nursing,Technician,Evening,11,54217.05
600277,Surgery,Technician,Morning,0,149927.19
600278,Surgery,Assistant,Morning,4,139854.26
600279,Surgery,Pharmacist,Evening,20,49170.98
600280,Nursing,Nurse,Evening,2,133700.44
600281,Emergency,Pharmacist,Night,3,125749.52
600282,Emergency,Nurse,Morning,24,107634.93
600283,Administration,Assistant,Night,13,156087.15
600284,Diagnostics,Nurse,Morning,5,162349.21
600285,Diagnostics,Assistant,Evening,30,55797.15
600286,Emergency,Pharmacist,Evening,6,26650.42
600287,Nursing,Pharmacist,Evening,19,63730.72
600288,Nursing,Nurse,Night,26,77901.74
600289,Emergency,Manager,Morning,25,58365.51
600290,Pharmacy,Nurse,Morning,15,60599.87
600291,Surgery,Pharmacist,Morning,9,46821.24
600292,Diagnostics,Nurse,Evening,16,117980.3
600293,Diagnostics,Manager,Morning,8,53268.93
600294,Surgery,Coordinator,Evening,15,98676.7
600295,Diagnostics,Assistant,Morning,16,65593.13
600296,Diagnostics,Manager,Evening,20,103894.27
600297,Diagnostics,Pharmacist,Morning,8,25885.79
600298,Surgery,Pharmacist,Night,2,109525.86
600299,Emergency,Assistant,Morning,10,146101.15
600300,Diagnostics,Assistant,Night,7,155803.9
600301,Diagnostics,Technician,Evening,9,129905.68
600302,Nursing,Pharmacist,Night,12,96964.88
600303,Surgery,Nurse,Evening,18,55376.12
600304,Diagnostics,Assistant,Morning,14,97187.92
600305,Surgery,Nurse,Evening,22,59083
600306,Nursing,Assistant,Morning,5,126755.73
600307,Administration,Assistant,Evening,0,52906.76
600308,Pharmacy,Assistant,Morning,30,99834.41
600309,Diagnostics,Manager,Night,8,85724.04
600310,Diagnostics,Manager,Night,4,174496.16
600311,Diagnostics,Pharmacist,Morning,8,97330.63
600312,Pharmacy,Technician,Morning,18,155951.97
600313,Administration,Coordinator,Morning,23,59263.4
600314,Diagnostics,Pharmacist,Morning,27,35436.33
600315,Pharmacy,Assistant,Evening,5,37931.74
600316,Diagnostics,Technician,Morning,1,162752.01
600317,Diagnostics,Technician,Night,2,173354.21
600318,Administration,Assistant,Evening,21,171125.27
600319,Diagnostics,Manager,Morning,24,93994.87
600320,Surgery,Manager,Morning,2,140295.68
600321,Surgery,Assistant,Morning,10,83292.27
600322,Nursing,Coordinator,Evening,21,84290.54
600323,Surgery,Nurse,Morning,26,177806.51
600324,Diagnostics,Nurse,Morning,21,164236.91
600325,Administration,Coordinator,Night,24,163729.85
600326,Nursing,Coordinator,Evening,11,170881.61
600327,Administration,Technician,Morning,21,149930.33
600328,Diagnostics,Pharmacist,Night,7,56614.67
600329,Nursing,Nurse,Evening,27,26149.75
600330,Nursing,Coordinator,Morning,26,166288.17
600331,Surgery,Nurse,Morning,1,75205.95
600332,Pharmacy,Technician,Evening,0,145574.35
600333,Administration,Coordinator,Evening,11,117849.74
600334,Emergency,Pharmacist,Evening,1,30846.19
600335,Administration,Assistant,Night,0,179926.99
600336,Administration,Assistant,Morning,7,176422.38
600337,Emergency,Manager,Evening,28,69251.69
600338,Emergency,Pharmacist,Evening,11,119799.86
600339,Nursing,Coordinator,Evening,30,102136.42
600340,Nursing,Technician,Night,6,30970.97
600341,Emergency,Nurse,Morning,2,173136.16
600342,Surgery,Technician,Night,23,68778.15
600343,Pharmacy,Coordinator,Night,10,117304.76
600344,Nursing,Nurse,Morning,30,43806.92
600345,Administration,Coordinator,Morning,8,148980.41
600346,Emergency,Manager,Morning,9,179596.48
600347,Administration,Pharmacist,Night,10,166355.39
600348,Pharmacy,Assistant,Morning,30,101955.25
600349,Emergency,Coordinator,Morning,24,104291.55
600350,Administration,Pharmacist,Evening,30,136958.27
600351,Administration,Technician,Night,6,175208.77
600352,Surgery,Assistant,Morning,24,64816.85
600353,Surgery,Nurse,Night,23,125608.74
600354,Surgery,Nurse,Night,5,111710.66
600355,Administration,Pharmacist,Night,24,101465.08
600356,Pharmacy,Manager,Morning,2,122187.47
600357,Nursing,Technician,Evening,12,82137.55
600358,Pharmacy,Pharmacist,Morning,16,25692.69
600359,Administration,Nurse,Morning,12,89394.96
600360,Administration,Technician,Evening,29,161338.63
600361,Diagnostics,Assistant,Evening,6,57564.95
600362,Diagnostics,Manager,Night,5,76368.23
600363,Diagnostics,Assistant,Night,15,48189.62
600364,Surgery,Nurse,Evening,3,72810.25
600365,Nursing,Nurse,Night,24,119713.27
600366,Diagnostics,Coordinator,Evening,15,84569.23
600367,Diagnostics,Assistant,Morning,23,116529.25
600368,Surgery,Technician,Night,8,116976.75
600369,Diagnostics,Technician,Evening,19,74497.66
600370,Diagnostics,Nurse,Evening,30,98800.86
600371,Pharmacy,Manager,Morning,23,159816.77
600372,Diagnostics,Nurse,Night,15,84235.39
600373,Surgery,Coordinator,Night,20,48103.83
600374,Emergency,Technician,Night,15,140676.17
600375,Administration,Manager,Evening,5,145999
600376,Pharmacy,Technician,Night,12,115918.16
600377,Emergency,Coordinator,Night,29,94195.07
600378,Nursing,Manager,Morning,7,179534.44
600379,Administration,Pharmacist,Night,12,124459.75
600380,Nursing,Assistant,Morning,24,169338.08
600381,Emergency,Coordinator,Evening,13,132844.1
600382,Diagnostics,Nurse,Night,20,27012.39
600383,Administration,Manager,Evening,12,158761.18
600384,Pharmacy,Assistant,Evening,27,72417.82
600385,Emergency,Assistant,Morning,29,47675.8
600386,Pharmacy,Nurse,Evening,16,178060.58
600387,Diagnostics,Assistant,Morning,30,124775.99
600388,Nursing,Nurse,Morning,6,41185.46
600389,Nursing,Manager,Evening,23,63726.46
600390,Pharmacy,Nurse,Morning,8,93444.75
600391,Nursing,Technician,Evening,9,46229.58
600392,Surgery,Pharmacist,Evening,16,48845.78
600393,Emergency,Coordinator,Morning,2,122902.72
600394,Nursing,Technician,Night,30,83999.95
600395,Surgery,Nurse,Night,19,81555.15
600396,Pharmacy,Coordinator,Morning,29,58323.66
600397,Emergency,Coordinator,Evening,15,141738.59
600398,Diagnostics,Coordinator,Night,7,76230.7
600399,Pharmacy,Manager,Morning,19,163180.39
600400,Administration,Coordinator,Morning,16,165059.2
600401,Administration,Coordinator,Night,7,161958.67
600402,Administration,Assistant,Evening,29,46212.08
600403,Administration,Coordinator,Night,17,146780.25
600404,Pharmacy,Coordinator,Night,15,72897.6
600405,Diagnostics,Coordinator,Morning,23,87012.82
600406,Diagnostics,Nurse,Night,12,112904.41
600407,Administration,Assistant,Night,22,105415.58
600408,Pharmacy,Coordinator,Morning,12,87139.99
600409,Surgery,Coordinator,Evening,30,37189.98
600410,Pharmacy,Nurse,Morning,3,75680.8
600411,Surgery,Assistant,Evening,23,131007.42
600412,Administration,Manager,Night,9,135259.32
600413,Administration,Nurse,Night,1,165692.19
600414,Diagnostics,Assistant,Evening,10,107469.3
600415,Administration,Nurse,Evening,19,42836.98
600416,Emergency,Pharmacist,Evening,30,94054.63
600417,Diagnostics,Nurse,Night,30,70659.33
600418,Administration,Technician,Evening,18,70288.97
600419,Pharmacy,Pharmacist,Morning,12,125519.03
600420,Diagnostics,Pharmacist,Evening,28,67063.05
600421,Surgery,Coordinator,Morning,20,138716.8
600422,Administration,Coordinator,Evening,21,57114.25
600423,Surgery,Technician,Night,26,139983.28
600424,Diagnostics,Assistant,Morning,9,83286.39
600425,Administration,Technician,Night,30,41312.92
600426,Nursing,Pharmacist,Night,3,119602.97
600427,Surgery,Nurse,Night,22,29835.23
600428,Administration,Nurse,Night,17,144737.62
600429,Administration,Technician,Morning,19,156507.93
600430,Nursing,Assistant,Morning,22,73812.96
600431,Administration,Technician,Night,18,121014.06
600432,Surgery,Manager,Evening,1,112023.85
600433,Emergency,Coordinator,Morning,9,153149.63
600434,Nursing,Assistant,Night,14,40971.48
600435,Administration,Assistant,Night,23,43285.47
600436,Nursing,Coordinator,Evening,17,107994.9
600437,Surgery,Coordinator,Evening,17,74400.43
600438,Diagnostics,Technician,Night,12,79325.93
600439,Diagnostics,Manager,Evening,4,26497.1
600440,Surgery,Nurse,Morning,25,123133.1
600441,Emergency,Nurse,Night,29,83233.69
600442,Emergency,Manager,Evening,17,141688.72
600443,Nursing,Technician,Morning,23,115655.95
600444,Emergency,Coordinator,Morning,28,52271.67
600445,Administration,Coordinator,Morning,11,49984.25
600446,Surgery,Nurse,Night,17,147325.38
600447,Diagnostics,Nurse,Morning,0,165948.36
600448,Administration,Coordinator,Evening,23,27954.59
600449,Administration,Technician,Morning,15,56225.22
600450,Nursing,Coordinator,Evening,29,137061.68
600451,Diagnostics,Manager,Evening,19,140089.79
600452,Surgery,Manager,Morning,19,67340.32
600453,Emergency,Assistant,Morning,15,61988.31
600454,Diagnostics,Technician,Morning,29,166669.96
600455,Emergency,Coordinator,Morning,16,81036.84
600456,Diagnostics,Manager,Morning,23,44021.52
600457,Administration,Technician,Evening,11,149054.96
600458,Surgery,Technician,Evening,20,147211.25
600459,Nursing,Technician,Evening,16,108750.6
600460,Pharmacy,Manager,Night,28,108142.29
600461,Nursing,Nurse,Evening,7,137353.13
600462,Diagnostics,Nurse,Evening,16,123153.55
600463,Emergency,Manager,Morning,1,157251.84
600464,Nursing,Technician,Night,20,118928.17
600465,Administration,Nurse,Night,26,73060.29
600466,Emergency,Assistant,Morning,21,169859
600467,Nursing,Pharmacist,Morning,0,139778.07
600468,Administration,Pharmacist,Morning,25,100172.23
600469,Pharmacy,Nurse,Evening,18,153131.2
600470,Administration,Assistant,Night,5,43415.45
600471,Emergency,Pharmacist,Evening,30,89418.7
600472,Nursing,Coordinator,Morning,1,96440.1
600473,Pharmacy,Coordinator,Night,25,157298.48
600474,Nursing,Pharmacist,Evening,0,107192.95
600475,Pharmacy,Nurse,Night,29,143071.96
600476,Emergency,Pharmacist,Night,21,60700.55
600477,Diagnostics,Nurse,Night,3,32103.99
600478,Diagnostics,Coordinator,Night,13,56674.93
600479,Administration,Manager,Night,8,148039.83
600480,Surgery,Nurse,Morning,7,175553.9
600481,Diagnostics,Nurse,Evening,6,106036.38
600482,Surgery,Coordinator,Night,23,31950.39
600483,Pharmacy,Technician,Morning,12,157083.87
600484,Pharmacy,Coordinator,Morning,0,128823.73
600485,Emergency,Coordinator,Evening,6,95277.7
600486,Diagnostics,Technician,Evening,25,62352.05
600487,Diagnostics,Manager,Morning,24,167444.34
600488,Pharmacy,Manager,Morning,10,124212.28
600489,Nursing,Coordinator,Evening,12,140215.77
600490,Nursing,Manager,Morning,3,145637.34
600491,Nursing,Manager,Night,11,87231.66
600492,Nursing,Coordinator,Morning,18,111058.63
600493,Emergency,Assistant,Evening,2,89559.03
600494,Diagnostics,Assistant,Evening,11,116283.69
600495,Emergency,Coordinator,Evening,14,30138.8
600496,Surgery,Manager,Morning,16,153733.65
600497,Diagnostics,Pharmacist,Evening,2,122423.86
600498,Surgery,Coordinator,Evening,10,84652.63
600499,Pharmacy,Assistant,Evening,30,140243.09
600500,Administration,Pharmacist,Evening,16,28792.04
600501,Emergency,Nurse,Night,28,125548.18
600502,Nursing,Technician,Evening,3,104486.43
600503,Diagnostics,Assistant,Evening,24,54781.84
600504,Emergency,Technician,Evening,1,173379.68
600505,Emergency,Coordinator,Evening,12,101354.26
600506,Diagnostics,Assistant,Evening,3,70932.55
600507,Emergency,Nurse,Morning,1,105097.2
600508,Emergency,Pharmacist,Night,0,77469.64
600509,Diagnostics,Technician,Morning,23,145598.31
600510,Pharmacy,Pharmacist,Morning,18,82267.32
600511,Diagnostics,Technician,Evening,8,108058.55
600512,Nursing,Nurse,Evening,0,155788.22
600513,Diagnostics,Coordinator,Evening,25,163491.71
600514,Nursing,Coordinator,Evening,5,107821.11
600515,Diagnostics,Coordinator,Night,30,42126.38
600516,Nursing,Manager,Morning,27,141424.92
600517,Diagnostics,Manager,Evening,4,130743.65
600518,Emergency,Nurse,Evening,26,119634.59
600519,Emergency,Pharmacist,Night,26,74690.27
600520,Diagnostics,Manager,Evening,11,97725.08
600521,Administration,Technician,Morning,6,54674.6
600522,Pharmacy,Technician,Night,25,130719.4
600523,Nursing,Pharmacist,Evening,14,125505.37
600524,Pharmacy,Assistant,Night,22,45394.35
600525,Diagnostics,Manager,Morning,29,75384.45
600526,Emergency,Coordinator,Morning,8,84876.63
600527,Nursing,Technician,Morning,8,114458.4
600528,Nursing,Coordinator,Evening,7,173127.74
600529,Administration,Assistant,Night,6,43781.6
600530,Emergency,Coordinator,Evening,7,114714.9
600531,Diagnostics,Coordinator,Morning,12,103918.15
600532,Emergency,Nurse,Evening,16,49302.39
600533,Surgery,Assistant,Night,7,107452.29
600534,Nursing,Assistant,Night,0,53602.46
600535,Nursing,Nurse,Night,26,147762.28
600536,Emergency,Nurse,Night,10,85110.48
600537,Emergency,Nurse,Evening,7,125510.42
600538,Emergency,Manager,Evening,9,151331.26
600539,Pharmacy,Coordinator,Morning,28,125538.76
600540,Pharmacy,Nurse,Evening,25,66873.28
600541,Surgery,Nurse,Morning,26,40448.93
600542,Administration,Manager,Morning,17,130762.03
600543,Emergency,Pharmacist,Evening,15,88793.2
600544,Administration,Technician,Evening,2,56512.27
600545,Emergency,Nurse,Evening,16,87940.51
600546,Surgery,Manager,Night,0,31997.13
600547,Pharmacy,Assistant,Morning,23,56034.7
600548,Nursing,Manager,Evening,16,138164.14
600549,Emergency,Technician,Evening,14,51838.69
600550,Nursing,Pharmacist,Evening,0,59412.57
600551,Emergency,Technician,Night,8,151142.86
600552,Diagnostics,Nurse,Morning,28,141731
600553,Nursing,Coordinator,Evening,27,147590.76
600554,Nursing,Technician,Evening,15,105027.58
600555,Pharmacy,Nurse,Morning,9,126331.83
600556,Emergency,Assistant,Morning,3,178378.68
600557,Administration,Coordinator,Morning,22,144834.15
600558,Emergency,Assistant,Evening,20,119100.63
600559,Emergency,Manager,Morning,1,90312.59
600560,Surgery,Nurse,Morning,19,105880.37
600561,Nursing,Nurse,Evening,22,129780.3
600562,Diagnostics,Technician,Night,25,106934.63
600563,Surgery,Assistant,Night,23,48264.27
600564,Diagnostics,Nurse,Evening,27,77104.09
600565,Pharmacy,Nurse,Evening,27,169881.27
600566,Emergency,Manager,Evening,5,116745.35
600567,Surgery,Technician,Evening,28,52333.06
600568,Diagnostics,Pharmacist,Night,13,88307
600569,Administration,Manager,Evening,3,75104.92
600570,Administration,Coordinator,Night,4,112839.45
600571,Emergency,Manager,Evening,8,146568.47
600572,Nursing,Coordinator,Night,8,47167.81
600573,Emergency,Technician,Evening,8,35190.07
600574,Emergency,Technician,Night,14,142282.29
600575,Surgery,Assistant,Night,29,140284.84
600576,Administration,Pharmacist,Night,28,90354.55
600577,Pharmacy,Assistant,Night,16,146817.2
600578,Emergency,Nurse,Evening,22,58818.66
600579,Pharmacy,Assistant,Morning,24,108703.71
600580,Administration,Coordinator,Night,4,177931.56
600581,Pharmacy,Coordinator,Night,27,147854.5
600582,Diagnostics,Manager,Evening,14,146799.95
600583,Nursing,Manager,Evening,17,160331.39
600584,Pharmacy,Manager,Night,29,153637.97
600585,Surgery,Nurse,Morning,21,163048.69
600586,Pharmacy,Coordinator,Evening,11,159752.19
600587,Emergency,Pharmacist,Evening,3,81234.98
600588,Nursing,Manager,Evening,10,178374.51
600589,Nursing,Coordinator,Evening,17,124695.56
600590,Diagnostics,Manager,Evening,25,156808.02
600591,Administration,Technician,Morning,15,50224.8
600592,Administration,Coordinator,Morning,6,129436.78
600593,Emergency,Assistant,Night,20,155733.95
600594,Nursing,Assistant,Evening,14,82065.26
600595,Pharmacy,Nurse,Night,18,72367.18
600596,Emergency,Technician,Night,30,114344.32
600597,Administration,Assistant,Morning,7,179160.81
600598,Nursing,Assistant,Morning,28,65381.64
600599,Surgery,Coordinator,Night,6,30405.53
600600,Nursing,Pharmacist,Evening,4,73777.6
600601,Emergency,Pharmacist,Morning,24,94006.82
600602,Surgery,Pharmacist,Evening,26,131459.64
600603,Emergency,Coordinator,Morning,1,84654.18
600604,Pharmacy,Pharmacist,Evening,23,133267.93
600605,Pharmacy,Nurse,Night,0,27663.29
600606,Administration,Technician,Evening,29,92366.73
600607,Administration,Pharmacist,Morning,24,130411.73
600608,Pharmacy,Assistant,Evening,29,39791.48
600609,Nursing,Manager,Night,25,77841.77
600610,Emergency,Nurse,Morning,14,177201.19
600611,Pharmacy,Nurse,Morning,4,99502.03
600612,Nursing,Pharmacist,Night,1,68855.6
600613,Emergency,Pharmacist,Night,5,177524.72
600614,Administration,Technician,Night,9,42385.22
600615,Nursing,Manager,Night,28,67949.08
600616,Pharmacy,Coordinator,Morning,18,67302.91
600617,Emergency,Nurse,Morning,23,110221.96
600618,Pharmacy,Technician,Night,27,27802.95
600619,Pharmacy,Nurse,Night,3,53296.23
600620,Emergency,Manager,Evening,25,98283.43
600621,Diagnostics,Coordinator,Evening,3,59431.91
600622,Pharmacy,Coordinator,Morning,26,93868.11
600623,Administration,Pharmacist,Evening,15,80419.07
600624,Diagnostics,Coordinator,Night,21,105732.32
600625,Pharmacy,Manager,Evening,3,102115.81
600626,Diagnostics,Manager,Morning,8,160972.88
600627,Emergency,Pharmacist,Night,18,138251.33
600628,Diagnostics,Coordinator,Night,18,142138.78
600629,Pharmacy,Pharmacist,Morning,15,100841.12
600630,Surgery,Coordinator,Morning,26,173650.47
600631,Surgery,Coordinator,Night,22,85103.74
600632,Administration,Coordinator,Night,12,147776.62
600633,Pharmacy,Manager,Evening,22,143202.44
600634,Surgery,Manager,Night,27,144960.55
600635,Pharmacy,Manager,Night,0,78493.71
600636,Administration,Pharmacist,Night,13,148145.37
600637,Surgery,Assistant,Morning,0,64097.56
600638,Surgery,Nurse,Morning,24,146447.26
600639,Surgery,Technician,Morning,1,104485.44
600640,Diagnostics,Manager,Evening,23,43959.7
600641,Emergency,Pharmacist,Evening,28,82726.67
600642,Pharmacy,Nurse,Morning,18,94729.39
600643,Surgery,Coordinator,Morning,5,81864.32
600644,Surgery,Technician,Morning,9,162717.8
600645,Emergency,Nurse,Night,26,40822.6
600646,Emergency,Assistant,Evening,13,168626.28
600647,Diagnostics,Nurse,Night,28,77086.76
600648,Pharmacy,Coordinator,Morning,27,171505.52
600649,Emergency,Assistant,Evening,8,45759.99
600650,Emergency,Coordinator,Evening,7,147485.45
600651,Administration,Nurse,Evening,17,111133.11
600652,Pharmacy,Technician,Morning,13,47541.62
600653,Nursing,Manager,Morning,9,121144.36
600654,Administration,Technician,Morning,3,134790.37
600655,Nursing,Assistant,Evening,6,97957.73
600656,Pharmacy,Nurse,Morning,20,163515.59
600657,Nursing,Assistant,Evening,8,156593.33
600658,Emergency,Pharmacist,Night,12,129561.39
600659,Pharmacy,Coordinator,Evening,16,102996.23
600660,Pharmacy,Coordinator,Evening,22,153522.89
600661,Pharmacy,Nurse,Morning,16,46663.27
600662,Emergency,Assistant,Evening,26,106555.95
600663,Pharmacy,Pharmacist,Night,22,170573.45
600664,Administration,Manager,Night,7,105933.17
600665,Surgery,Technician,Evening,14,107298.03
600666,Administration,Manager,Morning,6,63829.03
600667,Pharmacy,Assistant,Evening,30,105241.81
600668,Pharmacy,Nurse,Evening,12,149755.47
600669,Nursing,Nurse,Night,6,177442.38
600670,Administration,Technician,Night,19,141419.38
600671,Emergency,Coordinator,Night,24,88289.14
600672,Administration,Nurse,Night,1,130793.5
600673,Emergency,Coordinator,Morning,4,173503.88
600674,Diagnostics,Technician,Evening,22,119997.02
600675,Nursing,Pharmacist,Evening,30,85508.85
600676,Pharmacy,Manager,Evening,7,147131.78
600677,Surgery,Assistant,Morning,4,87820.72
600678,Diagnostics,Manager,Evening,21,154316.31
600679,Nursing,Technician,Morning,11,143629.59
600680,Surgery,Assistant,Evening,25,120044.9
600681,Nursing,Technician,Night,3,132479.25
600682,Emergency,Manager,Evening,12,103879.33
600683,Diagnostics,Assistant,Night,14,138310.7
600684,Nursing,Manager,Morning,13,171815.55
600685,Diagnostics,Technician,Evening,0,76538.56
600686,Diagnostics,Technician,Night,27,77171.82
600687,Nursing,Manager,Morning,30,75356.08
600688,Emergency,Coordinator,Morning,23,84153.5
600689,Emergency,Manager,Night,29,128077.86
600690,Surgery,Technician,Morning,25,171398.98
600691,Administration,Manager,Morning,16,37834.98
600692,Emergency,Assistant,Morning,25,167387.36
600693,Administration,Coordinator,Night,1,75261.37
600694,Pharmacy,Nurse,Evening,16,28898.91
600695,Nursing,Technician,Evening,28,99385.3
600696,Nursing,Nurse,Evening,25,97540.78
600697,Administration,Coordinator,Night,13,146935.15
600698,Surgery,Nurse,Evening,6,55034.78
600699,Emergency,Technician,Night,13,176749.23
600700,Surgery,Nurse,Morning,13,69149.56
600701,Emergency,Assistant,Morning,17,175232.49
600702,Diagnostics,Nurse,Evening,22,97046.03
600703,Pharmacy,Technician,Morning,16,125221.09
600704,Nursing,Coordinator,Night,5,42583.43
600705,Surgery,Assistant,Morning,5,46813.7
600706,Administration,Nurse,Night,3,73450.25
600707,Administration,Pharmacist,Evening,7,122303.57
600708,Nursing,Pharmacist,Morning,20,130493.49
600709,Emergency,Assistant,Morning,20,63028.13
600710,Administration,Technician,Night,8,131764.35
600711,Pharmacy,Assistant,Morning,20,55154.97
600712,Pharmacy,Pharmacist,Night,19,155767.7
600713,Surgery,Manager,Evening,26,86200.18
600714,Pharmacy,Assistant,Evening,26,154585.39
600715,Emergency,Manager,Morning,20,106017.31
600716,Surgery,Pharmacist,Morning,18,81715.06
600717,Nursing,Nurse,Night,15,123690.3
600718,Diagnostics,Manager,Morning,19,141715.39
600719,Pharmacy,Technician,Evening,9,63910.7
600720,Emergency,Pharmacist,Evening,22,67370.62
600721,Surgery,Assistant,Evening,27,40036.75
600722,Administration,Nurse,Morning,24,75389.58
600723,Emergency,Nurse,Night,28,179402.28
600724,Nursing,Assistant,Evening,2,135159.15
600725,Emergency,Assistant,Evening,14,156613.23
600726,Pharmacy,Manager,Night,26,98525.96
600727,Diagnostics,Assistant,Evening,28,118464.38
600728,Nursing,Technician,Night,23,68186.2
600729,Administration,Pharmacist,Morning,15,166535.77
600730,Nursing,Manager,Evening,14,37265.51
600731,Surgery,Technician,Evening,4,138270.06
600732,Emergency,Technician,Morning,9,41821.37
600733,Emergency,Pharmacist,Morning,0,59874.22
600734,Emergency,Manager,Morning,23,42774.59
600735,Nursing,Coordinator,Evening,21,121276.58
600736,Diagnostics,Assistant,Evening,18,57378.19
600737,Pharmacy,Assistant,Night,12,97341.19
600738,Surgery,Assistant,Night,25,145766.58
600739,Emergency,Technician,Morning,7,125017.12
600740,Surgery,Manager,Morning,18,27929.31
600741,Pharmacy,Assistant,Night,23,171059.2
600742,Emergency,Nurse,Evening,27,111325.31
600743,Surgery,Assistant,Morning,8,83127.62
600744,Surgery,Coordinator,Morning,16,71817.72
600745,Surgery,Nurse,Evening,0,154667.69
600746,Nursing,Coordinator,Night,25,90354.62
600747,Surgery,Manager,Night,19,97165.9
600748,Emergency,Coordinator,Evening,6,150164.4
600749,Administration,Technician,Morning,26,68390.41
600750,Emergency,Nurse,Night,17,124352.41
600751,Nursing,Assistant,Night,9,39020.7
600752,Emergency,Pharmacist,Evening,8,129958.17
600753,Nursing,Manager,Morning,16,179844.28
600754,Nursing,Assistant,Evening,15,138593.22
600755,Diagnostics,Coordinator,Night,27,112137.05
600756,Pharmacy,Assistant,Night,22,75341.02
600757,Administration,Nurse,Evening,16,122292.57
600758,Surgery,Technician,Evening,19,129104.02
600759,Administration,Technician,Evening,23,163043
600760,Administration,Manager,Morning,29,165850.29
600761,Nursing,Pharmacist,Morning,16,89290.07
600762,Surgery,Nurse,Morning,11,176555.18
600763,Administration,Pharmacist,Evening,19,132060.24
600764,Nursing,Assistant,Morning,23,53381.79
600765,Emergency,Manager,Evening,18,93800.72
600766,Surgery,Technician,Evening,27,126211.17
600767,Nursing,Manager,Night,17,56910.66
600768,Emergency,Manager,Morning,9,130394.93
600769,Pharmacy,Nurse,Evening,7,45138.29
600770,Diagnostics,Assistant,Night,24,72589.48
600771,Pharmacy,Pharmacist,Morning,30,131420.34
600772,Surgery,Assistant,Morning,30,40186.73
600773,Diagnostics,Pharmacist,Night,28,169853.23
600774,Surgery,Nurse,Night,6,170473.57
600775,Emergency,Technician,Night,24,114707.74
600776,Surgery,Manager,Night,0,75489.19
600777,Pharmacy,Technician,Evening,25,54240.15
600778,Emergency,Assistant,Morning,8,94225.43
600779,Pharmacy,Pharmacist,Morning,13,73853.19
600780,Diagnostics,Assistant,Evening,24,107645.44
600781,Nursing,Pharmacist,Night,26,129069.98
600782,Diagnostics,Assistant,Evening,2,128791.75
600783,Nursing,Coordinator,Morning,23,62671.45
600784,Administration,Manager,Night,15,66623.5
600785,Nursing,Assistant,Night,28,136017.63
600786,Pharmacy,Technician,Night,29,130434.13
600787,Emergency,Coordinator,Evening,4,108668.13
600788,Diagnostics,Nurse,Morning,12,74329.63
600789,Surgery,Nurse,Evening,7,51731.48
600790,Surgery,Manager,Night,22,170130.88
600791,Nursing,Assistant,Morning,18,35769.52
600792,Diagnostics,Assistant,Evening,29,38731.66
600793,Pharmacy,Technician,Evening,9,131602.46
600794,Diagnostics,Pharmacist,Evening,24,63306.08
600795,Administration,Pharmacist,Night,8,179542.22
600796,Administration,Pharmacist,Evening,2,100895.81
600797,Emergency,Nurse,Night,13,101001.45
600798,Administration,Technician,Evening,25,87743.37
600799,Surgery,Pharmacist,Night,25,105973.43
600800,Emergency,Pharmacist,Evening,17,106007.55
600801,Administration,Technician,Evening,3,112520.95
600802,Administration,Manager,Morning,23,51756.55
600803,Nursing,Manager,Morning,11,121162.48
600804,Administration,Pharmacist,Evening,10,43404.22
600805,Administration,Manager,Evening,21,171064.1
600806,Emergency,Technician,Morning,24,118478.11
600807,Emergency,Nurse,Night,7,82662.69
600808,Administration,Technician,Morning,22,176427.14
600809,Pharmacy,Assistant,Morning,0,126283.95
600810,Nursing,Technician,Evening,2,34822.47
600811,Surgery,Pharmacist,Night,19,67806.28
600812,Diagnostics,Assistant,Morning,29,146516.32
600813,Nursing,Nurse,Morning,18,127081.59
600814,Nursing,Manager,Night,19,42155.04
600815,Emergency,Pharmacist,Night,24,153027.2
600816,Emergency,Pharmacist,Night,25,71794.9
600817,Pharmacy,Pharmacist,Night,24,128710.05
600818,Diagnostics,Pharmacist,Evening,25,50237.26
600819,Diagnostics,Pharmacist,Night,9,89673.89
600820,Pharmacy,Technician,Night,28,160699.31
600821,Administration,Assistant,Morning,13,159581.55
600822,Diagnostics,Nurse,Evening,11,42545.73
600823,Emergency,Technician,Morning,20,102448.02
600824,Administration,Technician,Evening,15,31523.87
600825,Diagnostics,Technician,Evening,18,77181.85
600826,Pharmacy,Technician,Morning,2,66027.26
600827,Emergency,Pharmacist,Night,26,32664.11
600828,Emergency,Technician,Night,6,171616.1
600829,Surgery,Manager,Night,2,30848.32
600830,Pharmacy,Technician,Night,24,146009.04
600831,Nursing,Technician,Morning,24,68748.47
600832,Surgery,Manager,Morning,16,144181.2
600833,Diagnostics,Pharmacist,Evening,19,133208.75
600834,Diagnostics,Nurse,Morning,27,101403.27
600835,Administration,Manager,Night,19,137428.23
600836,Nursing,Nurse,Night,15,125299.57
600837,Emergency,Pharmacist,Evening,8,147308.84
600838,Emergency,Manager,Evening,18,53465.51
600839,Diagnostics,Coordinator,Evening,17,61559.56
600840,Administration,Assistant,Morning,11,75583.96
600841,Surgery,Technician,Evening,21,146640.96
600842,Nursing,Manager,Morning,7,71121.01
600843,Diagnostics,Assistant,Night,21,149749.35
600844,Pharmacy,Manager,Morning,30,68820.39
600845,Nursing,Manager,Morning,27,42271.51
600846,Surgery,Assistant,Night,13,160269.56
600847,Diagnostics,Manager,Evening,24,109616.07
600848,Nursing,Technician,Evening,13,94120.52
600849,Emergency,Manager,Morning,6,174703.93
600850,Emergency,Technician,Morning,24,26849.19
600851,Surgery,Manager,Night,21,50844.6
600852,Emergency,Manager,Morning,27,115591.75
600853,Administration,Nurse,Evening,24,81688
600854,Administration,Coordinator,Night,6,63332.97
600855,Pharmacy,Nurse,Evening,2,48643.6
600856,Pharmacy,Manager,Morning,4,49523.6
600857,Pharmacy,Manager,Night,28,70953.41
600858,Nursing,Nurse,Evening,8,68583.86
600859,Nursing,Coordinator,Evening,14,106734.34
600860,Surgery,Assistant,Evening,5,179974.23
600861,Pharmacy,Coordinator,Morning,19,61876.75
600862,Nursing,Manager,Morning,17,40661.01
600863,Emergency,Nurse,Evening,11,37178.6
600864,Diagnostics,Coordinator,Morning,30,36236.99
600865,Diagnostics,Technician,Evening,4,58294.72
600866,Diagnostics,Coordinator,Evening,7,146639.98
600867,Diagnostics,Manager,Evening,24,107294.11
600868,Administration,Assistant,Morning,1,136640.04
600869,Pharmacy,Assistant,Night,6,93379.76
600870,Administration,Pharmacist,Evening,13,139705.38
600871,Surgery,Manager,Night,0,176066.95
600872,Pharmacy,Pharmacist,Night,27,35467.75
600873,Nursing,Assistant,Evening,20,51687.66
600874,Surgery,Nurse,Evening,18,50413.18
600875,Pharmacy,Assistant,Morning,25,179329.59
600876,Surgery,Assistant,Morning,18,31436.79
600877,Emergency,Coordinator,Night,4,57563.48
600878,Emergency,Pharmacist,Night,25,146754.47
600879,Pharmacy,Pharmacist,Morning,11,174000.41
600880,Pharmacy,Nurse,Morning,2,70816.1
600881,Surgery,Assistant,Evening,19,176005.62
600882,Diagnostics,Manager,Evening,14,108427.04
600883,Emergency,Manager,Evening,22,74105.8
600884,Diagnostics,Manager,Evening,19,135386.38
600885,Surgery,Pharmacist,Morning,10,30118.59
600886,Administration,Assistant,Evening,18,130078.84
600887,Pharmacy,Technician,Night,5,79549.26
600888,Pharmacy,Manager,Evening,3,147866.36
600889,Nursing,Pharmacist,Night,8,165964.94
600890,Surgery,Technician,Night,19,125660.55
600891,Surgery,Technician,Night,5,25006.78
600892,Nursing,Manager,Night,27,143883.89
600893,Diagnostics,Assistant,Morning,22,167702.02
600894,Surgery,Assistant,Night,19,116794.28
600895,Surgery,Manager,Morning,23,43363.15
600896,Pharmacy,Assistant,Morning,27,151535.69
600897,Administration,Coordinator,Evening,1,58932.45
600898,Administration,Pharmacist,Morning,22,172758.68
600899,Diagnostics,Coordinator,Night,17,48310.27
600900,Surgery,Assistant,Night,22,145294.39
600901,Surgery,Technician,Night,10,80394.61
600902,Pharmacy,Manager,Evening,15,156033.28
600903,Pharmacy,Nurse,Evening,3,109919.57
600904,Administration,Coordinator,Evening,11,80402.41
600905,Surgery,Assistant,Night,2,97191.7
600906,Surgery,Nurse,Morning,29,51288.24
600907,Nursing,Coordinator,Evening,15,57453.88
600908,Pharmacy,Coordinator,Night,8,149366.12
600909,Surgery,Coordinator,Morning,10,31635.12
600910,Emergency,Assistant,Morning,21,87658.03
600911,Emergency,Manager,Night,12,115681.26
600912,Administration,Manager,Morning,9,100569.02
600913,Emergency,Technician,Evening,25,31130.54
600914,Pharmacy,Assistant,Evening,16,79400.17
600915,Administration,Coordinator,Evening,26,55058.81
600916,Emergency,Pharmacist,Night,6,105123.22
600917,Diagnostics,Nurse,Night,15,150318.56
600918,Surgery,Coordinator,Morning,13,73196.96
600919,Administration,Technician,Night,12,78575.33
600920,Diagnostics,Nurse,Morning,9,74549.11
600921,Diagnostics,Manager,Evening,17,85516.77
600922,Surgery,Technician,Night,16,97131.45
600923,Administration,Assistant,Morning,4,121231.22
600924,Pharmacy,Technician,Night,18,54600.56
600925,Surgery,Assistant,Evening,10,113290.85
600926,Pharmacy,Coordinator,Morning,13,179942.03
600927,Nursing,Pharmacist,Morning,30,39299.58
600928,Surgery,Assistant,Night,19,50257.67
600929,Emergency,Nurse,Night,3,144898.44
600930,Nursing,Pharmacist,Night,2,119702.19
600931,Emergency,Coordinator,Morning,29,86612.13
600932,Emergency,Manager,Night,30,40929.99
600933,Surgery,Pharmacist,Morning,29,48257.04
600934,Nursing,Pharmacist,Morning,9,174813.57
600935,Pharmacy,Technician,Evening,12,49974.15
600936,Administration,Nurse,Night,16,125143.98
600937,Administration,Nurse,Evening,28,151859.37
600938,Nursing,Technician,Evening,1,179963.38
600939,Pharmacy,Pharmacist,Morning,18,113831.99
600940,Administration,Technician,Morning,18,111667.16
600941,Emergency,Nurse,Morning,1,141585.15
600942,Administration,Technician,Night,7,89609.82
600943,Administration,Technician,Morning,30,78691.28
600944,Diagnostics,Nurse,Morning,25,174142.04
600945,Surgery,Nurse,Night,5,173676.12
600946,Surgery,Manager,Night,11,123588.66
600947,Surgery,Pharmacist,Morning,19,106202.44
600948,Emergency,Pharmacist,Night,12,132292.58
600949,Emergency,Assistant,Evening,25,25867.93
600950,Administration,Coordinator,Night,19,160648.24
600951,Administration,Coordinator,Night,27,107539.97
600952,Emergency,Pharmacist,Evening,14,103367.48
600953,Surgery,Technician,Evening,15,137439.64
600954,Surgery,Assistant,Night,6,68986.13
600955,Emergency,Assistant,Night,8,75283.13
600956,Diagnostics,Technician,Night,20,55409.35
600957,Surgery,Manager,Morning,20,175170.1
600958,Diagnostics,Coordinator,Evening,15,29894.56
600959,Surgery,Nurse,Morning,9,118223.99
600960,Nursing,Technician,Morning,27,105479.49
600961,Pharmacy,Coordinator,Evening,14,62238.19
600962,Diagnostics,Assistant,Morning,3,179281.34
600963,Nursing,Assistant,Evening,16,133762.62
600964,Diagnostics,Pharmacist,Evening,11,67481.14
600965,Nursing,Technician,Evening,25,92345.26
600966,Emergency,Manager,Evening,6,54241.01
600967,Pharmacy,Assistant,Night,23,139456.86
600968,Administration,Nurse,Morning,15,111645.9
600969,Nursing,Assistant,Night,1,38116.86
600970,Nursing,Coordinator,Evening,7,94187.89
600971,Diagnostics,Manager,Morning,11,57267.43
600972,Surgery,Technician,Evening,15,167010.04
600973,Surgery,Pharmacist,Night,22,123058.89
600974,Emergency,Technician,Evening,11,99789.25
600975,Diagnostics,Coordinator,Evening,17,66806.42
600976,Nursing,Pharmacist,Night,22,134182.49
600977,Nursing,Technician,Morning,17,73525.6
600978,Surgery,Pharmacist,Night,0,151979.37
600979,Emergency,Manager,Night,7,164414.05
600980,Administration,Nurse,Morning,15,167051.86
600981,Diagnostics,Pharmacist,Morning,7,128930.57
600982,Emergency,Coordinator,Morning,4,147673.48
600983,Diagnostics,Manager,Morning,3,138973.09
600984,Administration,Manager,Night,13,60906.31
600985,Surgery,Technician,Evening,16,146923.34
600986,Administration,Coordinator,Evening,14,117248.66
600987,Emergency,Pharmacist,Morning,9,88470.32
600988,Diagnostics,Coordinator,Morning,20,61143.26
600989,Administration,Coordinator,Morning,5,140853.27
600990,Nursing,Nurse,Morning,30,95605.54
600991,Nursing,Pharmacist,Morning,15,149049.38
600992,Emergency,Technician,Morning,24,43347.2
600993,Nursing,Technician,Morning,0,106815.52
600994,Administration,Technician,Morning,6,37862.29
600995,Emergency,Technician,Night,26,68790.47
600996,Emergency,Nurse,Evening,26,76352.57
600997,Emergency,Nurse,Evening,29,75340.61
600998,Emergency,Pharmacist,Morning,7,133967.73
600999,Administration,Coordinator,Morning,21,33601.93
601000,Administration,Technician,Evening,27,161229.45
601001,Emergency,Assistant,Evening,13,166691.91
601002,Pharmacy,Assistant,Morning,25,177057.09
601003,Administration,Manager,Night,30,151746.92
601004,Surgery,Coordinator,Morning,13,129318.16
601005,Surgery,Pharmacist,Night,23,65642.83
601006,Emergency,Manager,Morning,25,149391.25
601007,Administration,Technician,Morning,23,178750.36
601008,Diagnostics,Nurse,Night,16,37225.7
601009,Nursing,Nurse,Morning,13,173609.64
601010,Emergency,Manager,Night,30,105767.88
601011,Nursing,Pharmacist,Night,22,127415.11
601012,Surgery,Manager,Evening,10,41887.92
601013,Surgery,Coordinator,Morning,14,135168.76
601014,Surgery,Assistant,Evening,11,143961.15
601015,Diagnostics,Pharmacist,Evening,24,142964.98
601016,Pharmacy,Coordinator,Night,3,70639.88
601017,Diagnostics,Pharmacist,Evening,25,33071.58
601018,Emergency,Pharmacist,Night,27,76285.04
601019,Administration,Coordinator,Morning,7,61792.38
601020,Diagnostics,Manager,Morning,21,34592
601021,Pharmacy,Pharmacist,Night,9,129237.48
601022,Diagnostics,Assistant,Morning,27,36762.74
601023,Pharmacy,Assistant,Night,28,95865.55
601024,Nursing,Manager,Morning,13,147249.89
601025,Nursing,Manager,Evening,7,25466.02
601026,Pharmacy,Nurse,Evening,17,172687.92
601027,Nursing,Manager,Morning,8,172119.07
601028,Emergency,Assistant,Night,22,159527.23
601029,Administration,Technician,Night,2,164448.65
601030,Pharmacy,Assistant,Morning,2,62955.75
601031,Surgery,Assistant,Night,29,44550.24
601032,Administration,Nurse,Morning,5,58199.98
601033,Administration,Manager,Morning,7,89830.74
601034,Pharmacy,Assistant,Evening,8,157567.86
601035,Emergency,Assistant,Night,29,173304.84
601036,Surgery,Assistant,Night,2,88887.83
601037,Administration,Assistant,Morning,19,70857.91
601038,Pharmacy,Pharmacist,Night,1,139084.65
601039,Pharmacy,Assistant,Morning,19,42145.63
601040,Surgery,Pharmacist,Evening,17,31049.96
601041,Nursing,Assistant,Night,28,40343.44
601042,Emergency,Assistant,Evening,30,76573.66
601043,Nursing,Coordinator,Night,13,54604.45
601044,Diagnostics,Coordinator,Morning,1,63422.54
601045,Surgery,Pharmacist,Evening,7,167527.58
601046,Pharmacy,Coordinator,Evening,10,85526.14
601047,Emergency,Coordinator,Morning,23,170056.54
601048,Pharmacy,Nurse,Morning,0,152645.6
601049,Emergency,Technician,Morning,22,41055.91
601050,Nursing,Assistant,Evening,19,52042.79
601051,Administration,Manager,Night,5,166630.12
601052,Pharmacy,Coordinator,Evening,18,162566.83
601053,Administration,Assistant,Morning,2,58714.62
601054,Nursing,Pharmacist,Night,15,34937.57
601055,Diagnostics,Assistant,Night,12,76412.47
601056,Administration,Manager,Night,19,81413.08
601057,Nursing,Coordinator,Evening,26,52826.49
601058,Surgery,Technician,Evening,1,29134.06
601059,Diagnostics,Assistant,Morning,19,35529.92
601060,Administration,Coordinator,Night,2,133637.41
601061,Pharmacy,Nurse,Night,23,164696.48
601062,Pharmacy,Manager,Night,23,123130.73
601063,Pharmacy,Coordinator,Evening,11,42278.89
601064,Administration,Technician,Night,6,38227.81
601065,Pharmacy,Nurse,Night,17,109913.48
601066,Surgery,Manager,Night,18,96063.4
601067,Nursing,Manager,Morning,24,71856.35
601068,Diagnostics,Technician,Night,11,175882.95
601069,Emergency,Manager,Night,25,44062.62
601070,Diagnostics,Assistant,Morning,14,35273.99
601071,Surgery,Nurse,Night,14,41039.95
601072,Nursing,Pharmacist,Morning,2,150111.01
601073,Emergency,Coordinator,Morning,7,68796.37
601074,Nursing,Nurse,Night,20,110870.82
601075,Nursing,Nurse,Morning,28,172920.39
601076,Emergency,Nurse,Night,24,149577.64
601077,Pharmacy,Technician,Evening,30,25008.05
601078,Nursing,Manager,Evening,25,119037.18
601079,Emergency,Nurse,Morning,9,46567.86
601080,Administration,Coordinator,Evening,27,134140.42
601081,Administration,Technician,Night,24,91070.95
601082,Emergency,Coordinator,Evening,1,120491.35
601083,Emergency,Manager,Morning,9,124545.13
601084,Pharmacy,Assistant,Morning,0,25504.6
601085,Pharmacy,Manager,Night,14,91774.04
601086,Diagnostics,Coordinator,Evening,12,131400.61
601087,Surgery,Pharmacist,Evening,2,151924.39
601088,Diagnostics,Technician,Morning,28,58425.02
601089,Emergency,Technician,Morning,26,126698.17
601090,Diagnostics,Assistant,Night,12,42319.43
601091,Pharmacy,Technician,Evening,4,65287.02
601092,Administration,Pharmacist,Night,19,62556.39
601093,Administration,Technician,Morning,29,175299.2
601094,Administration,Manager,Evening,9,34686.01
601095,Administration,Nurse,Morning,12,150142.21
601096,Surgery,Coordinator,Evening,0,78706.11
601097,Emergency,Manager,Evening,17,63324.34
601098,Administration,Coordinator,Night,2,117520.03
601099,Diagnostics,Technician,Evening,8,170825.54
601100,Nursing,Manager,Evening,12,85870.15
601101,Emergency,Pharmacist,Morning,27,124810.47
601102,Nursing,Technician,Night,24,153210.92
601103,Pharmacy,Nurse,Night,10,77284.25
601104,Pharmacy,Pharmacist,Morning,24,36856.92
601105,Nursing,Nurse,Morning,22,130356.93
601106,Pharmacy,Coordinator,Night,12,143238.36
601107,Nursing,Coordinator,Night,2,37725.27
601108,Nursing,Manager,Morning,15,144197.77
601109,Nursing,Coordinator,Night,26,84197.04
601110,Pharmacy,Pharmacist,Morning,4,144926.55
601111,Pharmacy,Nurse,Morning,12,138403.09
601112,Surgery,Pharmacist,Morning,19,160418.2
601113,Administration,Nurse,Night,23,95934.36
601114,Administration,Nurse,Morning,30,160662.66
601115,Nursing,Manager,Night,10,142876.86
601116,Emergency,Nurse,Evening,23,31163.14
601117,Diagnostics,Manager,Evening,19,101321.28
601118,Nursing,Coordinator,Night,17,102899.57
601119,Diagnostics,Pharmacist,Night,28,85187.82
601120,Pharmacy,Nurse,Morning,2,49179.85
601121,Diagnostics,Nurse,Evening,8,165146.78
601122,Nursing,Manager,Night,19,111397.15
601123,Nursing,Nurse,Night,21,68245.1
601124,Nursing,Manager,Night,2,68703.72
601125,Administration,Nurse,Night,23,105733.56
601126,Emergency,Manager,Evening,24,168460.46
601127,Nursing,Coordinator,Evening,3,88200.4
601128,Surgery,Manager,Night,19,95338.91
601129,Diagnostics,Manager,Evening,24,27023.16
601130,Surgery,Manager,Evening,13,152180.82
601131,Nursing,Manager,Night,13,143389.3
601132,Surgery,Assistant,Evening,24,90168.33
601133,Administration,Nurse,Night,0,37210.94
601134,Emergency,Coordinator,Night,10,111552.3
601135,Diagnostics,Coordinator,Morning,28,45337.94
601136,Administration,Manager,Night,23,152860.44
601137,Emergency,Assistant,Morning,6,131302.03
601138,Surgery,Technician,Morning,12,99798.79
601139,Administration,Coordinator,Night,28,149520.99
601140,Diagnostics,Nurse,Morning,10,81235.94
601141,Administration,Assistant,Night,12,98775.35
601142,Diagnostics,Manager,Evening,25,54129.3
601143,Surgery,Pharmacist,Night,14,143688.18
601144,Diagnostics,Nurse,Evening,26,168237.14
601145,Pharmacy,Coordinator,Night,13,47425.24
601146,Surgery,Assistant,Evening,22,54286.34
601147,Emergency,Nurse,Evening,22,76258.35
601148,Nursing,Assistant,Evening,3,116548.41
601149,Diagnostics,Technician,Evening,30,33810.99
601150,Administration,Coordinator,Night,13,66308.35
601151,Administration,Assistant,Morning,13,99500.61
601152,Pharmacy,Manager,Morning,6,120718.09
601153,Diagnostics,Assistant,Night,18,117227.55
601154,Nursing,Assistant,Morning,12,60272.13
601155,Diagnostics,Coordinator,Morning,14,162880.81
601156,Nursing,Technician,Morning,20,125484.22
601157,Nursing,Nurse,Night,30,132217.38
601158,Pharmacy,Assistant,Night,8,141098.18
601159,Nursing,Pharmacist,Night,5,85830.55
601160,Nursing,Nurse,Evening,15,152745.31
601161,Administration,Coordinator,Night,1,69718.4
601162,Emergency,Manager,Evening,16,35605.98
601163,Emergency,Pharmacist,Evening,18,138904.7
601164,Surgery,Technician,Evening,30,164449.25
601165,Administration,Technician,Night,3,32849.25
601166,Emergency,Coordinator,Morning,25,175796.43
601167,Surgery,Coordinator,Evening,19,148336.71
601168,Nursing,Coordinator,Morning,20,120505.71
601169,Administration,Coordinator,Night,7,93157.36
601170,Administration,Technician,Evening,7,35154.52
601171,Diagnostics,Pharmacist,Evening,29,49058.47
601172,Administration,Assistant,Morning,19,69541.32
601173,Administration,Manager,Morning,0,80093.83
601174,Administration,Technician,Evening,9,82293.59
601175,Pharmacy,Nurse,Evening,12,115364.01
601176,Pharmacy,Coordinator,Morning,14,36079.71
601177,Surgery,Coordinator,Morning,8,35744.05
601178,Emergency,Manager,Morning,30,141614.58
601179,Administration,Nurse,Morning,24,164480.77
601180,Diagnostics,Pharmacist,Morning,30,74820.09
601181,Emergency,Manager,Evening,9,57632.24
601182,Nursing,Nurse,Evening,16,77049.58
601183,Diagnostics,Pharmacist,Night,21,119405.62
601184,Surgery,Assistant,Night,19,141315.01
601185,Administration,Manager,Night,22,76809.42
601186,Pharmacy,Manager,Night,3,109433.69
601187,Surgery,Manager,Evening,7,129076.71
601188,Pharmacy,Coordinator,Evening,20,134932.24
601189,Diagnostics,Pharmacist,Morning,12,96047.9
601190,Diagnostics,Nurse,Morning,1,83691.92
601191,Surgery,Nurse,Morning,23,125021.79
601192,Emergency,Technician,Evening,10,82547.57
601193,Diagnostics,Assistant,Morning,13,153855.51
601194,Emergency,Manager,Evening,26,85733.3
601195,Pharmacy,Assistant,Night,8,47397.69
601196,Nursing,Assistant,Morning,29,175692.27
601197,Administration,Coordinator,Night,21,25812
601198,Pharmacy,Technician,Morning,10,121471.96
601199,Emergency,Coordinator,Evening,18,153623.4
601200,Administration,Pharmacist,Night,30,67854.15
601201,Nursing,Assistant,Night,26,45508.64
601202,Surgery,Nurse,Morning,9,116268.26
601203,Administration,Manager,Night,17,170314.91
601204,Diagnostics,Manager,Evening,10,36242.68
601205,Diagnostics,Technician,Morning,13,173175.24
601206,Surgery,Nurse,Morning,19,142953.11
601207,Administration,Assistant,Night,1,111179.35
601208,Pharmacy,Technician,Night,16,132619.71
601209,Nursing,Coordinator,Morning,18,135189.58
601210,Administration,Coordinator,Morning,12,104784.66
601211,Diagnostics,Nurse,Morning,20,124384.35
601212,Surgery,Manager,Morning,11,72641.81
601213,Pharmacy,Manager,Morning,4,84513.44
601214,Pharmacy,Assistant,Morning,14,147883.1
601215,Emergency,Manager,Morning,28,71945.69
601216,Diagnostics,Assistant,Night,21,74851.58
601217,Administration,Technician,Night,21,30718.79
601218,Emergency,Nurse,Night,13,176826.13
601219,Emergency,Nurse,Evening,5,41824.79
601220,Nursing,Pharmacist,Evening,13,81886.13
601221,Diagnostics,Manager,Night,27,148317.31
601222,Diagnostics,Nurse,Morning,21,26224.04
601223,Surgery,Manager,Night,18,146239.85
601224,Diagnostics,Technician,Morning,9,78110.21
601225,Emergency,Coordinator,Night,29,73584.12
601226,Pharmacy,Pharmacist,Evening,19,106497.35
601227,Diagnostics,Pharmacist,Morning,26,44044.68
601228,Diagnostics,Pharmacist,Night,25,47202.42
601229,Administration,Technician,Morning,21,55666.77
601230,Surgery,Assistant,Morning,0,153581.58
601231,Administration,Nurse,Evening,27,48890.46
601232,Emergency,Pharmacist,Morning,27,148844.56
601233,Nursing,Pharmacist,Night,2,132222.59
601234,Pharmacy,Technician,Night,19,113553.49
601235,Administration,Assistant,Evening,26,26067.83
601236,Pharmacy,Technician,Night,6,29230.09
601237,Surgery,Assistant,Night,18,99225.56
601238,Nursing,Nurse,Morning,1,66760.7
601239,Nursing,Technician,Morning,7,146425.61
601240,Nursing,Manager,Night,20,82077.09
601241,Surgery,Manager,Morning,0,26202.57
601242,Emergency,Technician,Evening,24,61731.46
601243,Surgery,Technician,Evening,0,38831.03
601244,Pharmacy,Technician,Morning,30,26987.18
601245,Surgery,Nurse,Evening,6,64128.81
601246,Pharmacy,Assistant,Night,17,95069.68
601247,Diagnostics,Technician,Evening,22,62043.03
601248,Nursing,Coordinator,Night,12,27668.73
601249,Emergency,Pharmacist,Morning,12,46766.97
601250,Emergency,Pharmacist,Night,19,33088.4
601251,Administration,Manager,Night,6,95606.53
601252,Administration,Pharmacist,Night,30,52556.6
601253,Surgery,Assistant,Night,19,128700.3
601254,Nursing,Coordinator,Evening,25,105199.91
601255,Surgery,Nurse,Night,21,140569.67
601256,Surgery,Nurse,Morning,30,124730.87
601257,Nursing,Technician,Morning,22,152243.15
601258,Administration,Manager,Morning,8,95314.12
601259,Diagnostics,Nurse,Morning,17,31302.32
601260,Diagnostics,Nurse,Night,19,52364.76
601261,Nursing,Nurse,Morning,4,97419.54
601262,Emergency,Coordinator,Evening,23,121952.5
601263,Nursing,Technician,Night,1,128524.82
601264,Emergency,Nurse,Night,24,149268.89
601265,Administration,Nurse,Night,1,59573.61
601266,Administration,Coordinator,Evening,14,34790.56
601267,Pharmacy,Nurse,Morning,27,26757.32
601268,Administration,Technician,Night,7,150167.84
601269,Administration,Assistant,Evening,0,53351.12
601270,Nursing,Pharmacist,Evening,9,166147.94
601271,Pharmacy,Technician,Night,19,100556.53
601272,Pharmacy,Coordinator,Evening,20,39708.8
601273,Administration,Coordinator,Morning,26,141032.07
601274,Nursing,Coordinator,Evening,2,102121.38
601275,Surgery,Nurse,Morning,27,144239.69
601276,Surgery,Nurse,Morning,17,118251.9
601277,Diagnostics,Technician,Morning,10,67340.95
601278,Surgery,Assistant,Night,10,140163.78
601279,Diagnostics,Assistant,Evening,30,28807.55
601280,Pharmacy,Coordinator,Evening,11,44383.07
601281,Surgery,Pharmacist,Morning,18,87428.41
601282,Nursing,Manager,Evening,15,44328.56
601283,Pharmacy,Pharmacist,Morning,10,110833.97
601284,Pharmacy,Technician,Evening,26,137122.01
601285,Emergency,Nurse,Evening,18,48028.14
601286,Surgery,Nurse,Night,13,110466.57
601287,Diagnostics,Technician,Evening,10,90535.97
601288,Administration,Technician,Night,5,148241.31
601289,Administration,Assistant,Evening,0,86671.85
601290,Emergency,Nurse,Evening,14,28552.36
601291,Emergency,Manager,Night,4,115085.92
601292,Administration,Assistant,Morning,30,28322.51
601293,Pharmacy,Coordinator,Night,12,114686.97
601294,Emergency,Nurse,Morning,5,157709.97
601295,Emergency,Manager,Night,14,31620.5
601296,Administration,Nurse,Night,10,175308.52
601297,Nursing,Assistant,Evening,30,53412.79
601298,Surgery,Nurse,Evening,8,137447.6
601299,Diagnostics,Technician,Morning,29,160606.79
601300,Nursing,Nurse,Night,18,97033.67
601301,Pharmacy,Coordinator,Morning,4,71070.12
601302,Pharmacy,Coordinator,Morning,11,109996.23
601303,Pharmacy,Nurse,Evening,5,99167.45
601304,Administration,Pharmacist,Evening,15,78161.23
601305,Surgery,Nurse,Evening,10,66558
601306,Diagnostics,Nurse,Night,13,136920.98
601307,Emergency,Coordinator,Morning,2,71390.49
601308,Surgery,Technician,Evening,20,161173.98
601309,Nursing,Assistant,Morning,18,28866.94
601310,Emergency,Pharmacist,Night,18,70671.32
601311,Surgery,Technician,Evening,5,91432.83
601312,Nursing,Coordinator,Night,10,62025.21
601313,Nursing,Pharmacist,Morning,18,154242.73
601314,Surgery,Coordinator,Morning,3,147292.5
601315,Pharmacy,Manager,Evening,15,48494.49
601316,Pharmacy,Pharmacist,Morning,6,93812.34
601317,Surgery,Assistant,Morning,26,131181.36
601318,Diagnostics,Pharmacist,Evening,2,65920.35
601319,Emergency,Nurse,Morning,26,34201.94
601320,Nursing,Manager,Evening,6,169830.63
601321,Administration,Pharmacist,Evening,17,34418.37
601322,Surgery,Technician,Evening,24,71207.47
601323,Diagnostics,Assistant,Night,11,83959.26
601324,Nursing,Pharmacist,Morning,14,74533.51
601325,Administration,Technician,Evening,25,112093
601326,Pharmacy,Nurse,Morning,5,162388.27
601327,Administration,Assistant,Night,23,118602.78
601328,Diagnostics,Nurse,Morning,30,106579.99
601329,Administration,Assistant,Evening,8,28098.98
601330,Pharmacy,Nurse,Evening,28,44714.15
601331,Emergency,Technician,Night,16,159293.96
601332,Pharmacy,Manager,Morning,12,167108.22
601333,Diagnostics,Manager,Evening,20,155195.12
601334,Surgery,Coordinator,Night,6,143923.49
601335,Nursing,Coordinator,Morning,9,74138.93
601336,Administration,Manager,Night,19,138105.35
601337,Emergency,Nurse,Morning,25,113272.25
601338,Emergency,Assistant,Night,17,109454.14
601339,Diagnostics,Manager,Evening,23,133704.08
601340,Diagnostics,Pharmacist,Evening,30,26651.41
601341,Administration,Nurse,Evening,2,107842.73
601342,Nursing,Nurse,Night,4,173070.42
601343,Diagnostics,Assistant,Night,7,70595.09
601344,Nursing,Technician,Night,5,88925.11
601345,Nursing,Coordinator,Morning,25,133832.19
601346,Nursing,Nurse,Night,25,154236
601347,Nursing,Technician,Night,10,67017.84
601348,Pharmacy,Nurse,Night,6,57809.4
601349,Administration,Nurse,Morning,2,165879.25
601350,Diagnostics,Manager,Morning,20,148739.72
601351,Administration,Coordinator,Evening,30,81990.3
601352,Emergency,Pharmacist,Morning,16,31077.73
601353,Surgery,Coordinator,Morning,20,98437.24
601354,Emergency,Pharmacist,Night,21,153514.88
601355,Administration,Manager,Morning,12,58599.91
601356,Surgery,Nurse,Night,18,86086.41
601357,Diagnostics,Technician,Morning,16,112268.06
601358,Emergency,Technician,Morning,25,169290.55
601359,Administration,Pharmacist,Evening,19,90973.11
601360,Administration,Nurse,Evening,5,41960.21
601361,Emergency,Assistant,Morning,23,67372.51
601362,Diagnostics,Pharmacist,Night,19,142786.38
601363,Diagnostics,Technician,Night,4,123949.23
601364,Pharmacy,Technician,Night,8,71301.25
601365,Pharmacy,Pharmacist,Evening,26,157053.77
601366,Nursing,Pharmacist,Evening,10,96973.62
601367,Emergency,Nurse,Evening,3,64845.23
601368,Pharmacy,Coordinator,Night,17,43131.74
601369,Nursing,Pharmacist,Evening,7,31159.46
601370,Surgery,Nurse,Morning,20,91324.69
601371,Emergency,Pharmacist,Night,28,106917.28
601372,Pharmacy,Manager,Morning,24,90609.31
601373,Administration,Pharmacist,Evening,23,137488.4
601374,Emergency,Manager,Evening,4,161102.28
601375,Surgery,Assistant,Evening,30,29511.2
601376,Surgery,Assistant,Morning,16,86870.78
601377,Emergency,Coordinator,Evening,24,83052.49
601378,Pharmacy,Pharmacist,Evening,24,75242.84
601379,Diagnostics,Manager,Evening,17,120803.47
601380,Pharmacy,Coordinator,Evening,10,80376.07
601381,Nursing,Manager,Night,1,145705.24
601382,Diagnostics,Coordinator,Night,13,88889.85
601383,Pharmacy,Manager,Evening,1,115749.1
601384,Pharmacy,Coordinator,Morning,24,134711.03
601385,Pharmacy,Coordinator,Morning,13,146193.71
601386,Surgery,Manager,Evening,27,60879.12
601387,Nursing,Technician,Morning,8,46073.77
601388,Diagnostics,Technician,Morning,13,70169.16
601389,Pharmacy,Technician,Night,14,165447.8
601390,Pharmacy,Technician,Night,4,84225.7
601391,Pharmacy,Pharmacist,Night,21,168967.06
601392,Surgery,Manager,Night,10,109042.38
601393,Pharmacy,Coordinator,Evening,9,169296.05
601394,Pharmacy,Assistant,Morning,11,43015.24
601395,Administration,Pharmacist,Evening,2,87629.51
601396,Nursing,Nurse,Morning,11,76725.48
601397,Surgery,Manager,Night,6,147124.02
601398,Nursing,Manager,Night,19,98193.05
601399,Surgery,Manager,Evening,26,58363
601400,Pharmacy,Assistant,Morning,6,55557.42
601401,Nursing,Nurse,Night,19,96449.77
601402,Emergency,Assistant,Night,30,105459.55
601403,Emergency,Nurse,Morning,7,141724.69
601404,Nursing,Coordinator,Morning,1,99135.57
601405,Nursing,Pharmacist,Morning,19,122661.49
601406,Diagnostics,Assistant,Night,20,169146.4
601407,Emergency,Assistant,Night,2,111018.68
601408,Nursing,Assistant,Night,15,40600.72
601409,Pharmacy,Pharmacist,Evening,25,50914.28
601410,Emergency,Pharmacist,Night,2,78109.28
601411,Diagnostics,Manager,Evening,16,78785.26
601412,Surgery,Assistant,Night,5,99287.95
601413,Emergency,Manager,Evening,29,99076.02
601414,Diagnostics,Assistant,Morning,24,110804.85
601415,Pharmacy,Nurse,Night,22,52223.97
601416,Surgery,Assistant,Evening,12,81894.43
601417,Surgery,Pharmacist,Night,0,161461.13
601418,Surgery,Nurse,Evening,7,156332.61
601419,Diagnostics,Assistant,Evening,0,116379.92
601420,Diagnostics,Manager,Night,10,72589.78
601421,Diagnostics,Pharmacist,Night,28,76286.15
601422,Administration,Nurse,Night,17,79618.15
601423,Surgery,Nurse,Morning,17,148026.62
601424,Administration,Pharmacist,Night,20,42198.07
601425,Emergency,Pharmacist,Morning,2,112241.85
601426,Surgery,Pharmacist,Night,22,85697.88
601427,Emergency,Assistant,Morning,29,60433.31
601428,Nursing,Manager,Evening,23,32731.38
601429,Diagnostics,Manager,Morning,9,153486.72
601430,Diagnostics,Assistant,Morning,3,81385.44
601431,Emergency,Pharmacist,Night,2,156034.04
601432,Nursing,Coordinator,Morning,19,58173.38
601433,Pharmacy,Pharmacist,Morning,19,155503.02
601434,Emergency,Technician,Evening,16,28095.22
601435,Pharmacy,Manager,Night,16,80024.16
601436,Pharmacy,Technician,Night,16,81100.39
601437,Surgery,Assistant,Morning,4,50506.54
601438,Administration,Technician,Night,30,47680.8
601439,Pharmacy,Nurse,Night,14,160450.31
601440,Nursing,Coordinator,Morning,20,165799.58
601441,Surgery,Coordinator,Evening,23,77178.48
601442,Diagnostics,Nurse,Evening,13,125495.14
601443,Administration,Coordinator,Evening,20,94329.99
601444,Surgery,Coordinator,Morning,22,107026.26
601445,Diagnostics,Technician,Night,18,150779.24
601446,Emergency,Pharmacist,Morning,15,84454.8
601447,Surgery,Assistant,Evening,20,113642.59
601448,Emergency,Assistant,Evening,14,93746.68
601449,Diagnostics,Technician,Night,0,26092.02
601450,Administration,Manager,Night,4,100714.02
601451,Emergency,Pharmacist,Evening,15,133600.88
601452,Emergency,Technician,Evening,6,90039.8
601453,Surgery,Technician,Morning,23,67952.15
601454,Diagnostics,Coordinator,Morning,4,72078.77
601455,Surgery,Manager,Night,4,66570.41
601456,Diagnostics,Assistant,Evening,1,169123.22
601457,Administration,Assistant,Morning,11,122473.24
601458,Diagnostics,Technician,Morning,22,82213.23
601459,Emergency,Technician,Morning,4,91540.34
601460,Diagnostics,Pharmacist,Night,3,146407.56
601461,Surgery,Coordinator,Night,14,117968.14
601462,Diagnostics,Pharmacist,Evening,29,114504.49
601463,Surgery,Pharmacist,Evening,8,61984.63
601464,Nursing,Pharmacist,Night,15,29806.16
601465,Emergency,Nurse,Evening,6,42028.65
601466,Administration,Assistant,Evening,21,106543.82
601467,Diagnostics,Manager,Evening,16,34416.14
601468,Pharmacy,Coordinator,Evening,28,115558.7
601469,Administration,Nurse,Night,5,30037.76
601470,Pharmacy,Manager,Morning,14,87868.88
601471,Pharmacy,Manager,Evening,14,90435.26
601472,Nursing,Nurse,Night,18,36510.91
601473,Administration,Coordinator,Morning,25,144133.12
601474,Surgery,Coordinator,Morning,9,103730.92
601475,Pharmacy,Manager,Night,17,167631.59
601476,Emergency,Nurse,Evening,14,48142.91
601477,Diagnostics,Nurse,Evening,10,107381.43
601478,Pharmacy,Pharmacist,Night,14,151177.09
601479,Nursing,Pharmacist,Night,10,114757.8
601480,Surgery,Pharmacist,Morning,2,34868.22
601481,Pharmacy,Technician,Night,24,57573.44
601482,Administration,Pharmacist,Morning,9,67036.81
601483,Nursing,Coordinator,Evening,14,50620.81
601484,Pharmacy,Assistant,Night,2,50924.85
601485,Diagnostics,Pharmacist,Evening,12,169024.16
601486,Surgery,Manager,Night,17,147052.37
601487,Administration,Pharmacist,Morning,8,42658.32
601488,Pharmacy,Manager,Morning,1,119017.4
601489,Diagnostics,Pharmacist,Night,25,153258.57
601490,Nursing,Manager,Morning,11,59758.82
601491,Surgery,Pharmacist,Night,13,121913.14
601492,Nursing,Coordinator,Morning,27,118847.33
601493,Surgery,Nurse,Evening,19,86285.76
601494,Pharmacy,Manager,Evening,5,33884.14
601495,Administration,Nurse,Night,20,141618.42
601496,Surgery,Coordinator,Night,16,77693.51
601497,Pharmacy,Assistant,Morning,4,67918.49
601498,Diagnostics,Pharmacist,Evening,6,52442.95
601499,Emergency,Coordinator,Night,7,125423.72
601500,Nursing,Assistant,Night,20,30819.86
601501,Surgery,Nurse,Night,15,142968.95
601502,Surgery,Coordinator,Evening,20,80960.09
601503,Administration,Nurse,Evening,21,154895.93
601504,Diagnostics,Technician,Night,8,171890.08
601505,Pharmacy,Pharmacist,Morning,26,92587.42
601506,Nursing,Technician,Evening,2,54762.28
601507,Nursing,Assistant,Night,23,136716.26
601508,Pharmacy,Coordinator,Night,23,45140.53
601509,Administration,Pharmacist,Morning,0,44374.25
601510,Pharmacy,Nurse,Morning,20,64742.07
601511,Emergency,Manager,Morning,3,123391.89
601512,Nursing,Coordinator,Evening,29,157149.81
601513,Administration,Coordinator,Night,27,100555.97
601514,Nursing,Assistant,Night,28,124673.88
601515,Pharmacy,Manager,Evening,17,169610.25
601516,Surgery,Coordinator,Morning,22,88694.42
601517,Emergency,Pharmacist,Morning,16,32962.85
601518,Surgery,Coordinator,Morning,19,110265.97
601519,Pharmacy,Coordinator,Evening,4,107484.84
601520,Emergency,Nurse,Evening,20,134164.38
601521,Diagnostics,Pharmacist,Night,21,109152.64
601522,Diagnostics,Nurse,Night,15,126286.79
601523,Nursing,Technician,Morning,26,132705.04
601524,Administration,Nurse,Evening,29,86862.66
601525,Emergency,Coordinator,Morning,23,37724.72
601526,Nursing,Assistant,Morning,1,170549.69
601527,Surgery,Manager,Night,22,126012.72
601528,Diagnostics,Pharmacist,Morning,23,86300.16
601529,Emergency,Assistant,Evening,28,55748.46
601530,Administration,Manager,Evening,24,148642.29
601531,Pharmacy,Technician,Evening,12,87255.06
601532,Pharmacy,Nurse,Evening,21,117698.02
601533,Nursing,Manager,Morning,7,147804.79
601534,Emergency,Pharmacist,Evening,24,67934.22
601535,Nursing,Manager,Morning,22,154958.46
601536,Diagnostics,Assistant,Evening,2,64807.4
601537,Nursing,Manager,Morning,0,56460.08
601538,Pharmacy,Pharmacist,Morning,21,46866.68
601539,Emergency,Assistant,Morning,10,103439.35
601540,Surgery,Nurse,Evening,16,160917.22
601541,Surgery,Manager,Evening,27,115171.43
601542,Emergency,Pharmacist,Evening,22,174267.08
601543,Administration,Coordinator,Night,17,47657
601544,Nursing,Pharmacist,Night,24,125007.15
601545,Surgery,Nurse,Night,11,116642.25
601546,Diagnostics,Assistant,Morning,1,30499.15
601547,Pharmacy,Pharmacist,Evening,15,166902.66
601548,Pharmacy,Coordinator,Night,6,53316.03
601549,Nursing,Technician,Evening,9,103835.71
601550,Pharmacy,Pharmacist,Morning,24,157042.99
601551,Diagnostics,Technician,Night,13,96529.86
601552,Diagnostics,Nurse,Evening,18,174947.49
601553,Administration,Coordinator,Morning,20,67286.19
601554,Diagnostics,Manager,Night,29,32809.55
601555,Administration,Nurse,Evening,6,91542.89
601556,Administration,Technician,Evening,27,85080.51
601557,Surgery,Coordinator,Evening,19,126220.65
601558,Nursing,Coordinator,Morning,29,179669.35
601559,Emergency,Nurse,Morning,19,62414.19
601560,Diagnostics,Coordinator,Night,17,135620.4
601561,Emergency,Coordinator,Morning,19,78163.8
601562,Surgery,Nurse,Morning,30,33183.4
601563,Emergency,Assistant,Evening,5,167103.47
601564,Emergency,Assistant,Evening,7,131868.06
601565,Diagnostics,Pharmacist,Evening,10,54198.99
601566,Emergency,Manager,Morning,12,156198.44
601567,Pharmacy,Technician,Morning,14,59799.21
601568,Surgery,Technician,Evening,27,54888.93
601569,Emergency,Coordinator,Evening,3,137034.78
601570,Nursing,Pharmacist,Evening,28,73438.06
601571,Nursing,Technician,Evening,7,177708.66
601572,Nursing,Coordinator,Night,17,123302.86
601573,Nursing,Coordinator,Morning,21,71241.15
601574,Emergency,Nurse,Morning,6,45594.43
601575,Pharmacy,Manager,Night,16,170817.78
601576,Emergency,Pharmacist,Night,2,156067.68
601577,Emergency,Assistant,Night,7,70179.12
601578,Administration,Pharmacist,Night,0,117025.4
601579,Pharmacy,Technician,Night,2,149930.14
601580,Surgery,Assistant,Evening,13,31389.71
601581,Nursing,Coordinator,Morning,13,47720.2
601582,Administration,Coordinator,Night,18,44298.39
601583,Pharmacy,Pharmacist,Night,15,28142.75
601584,Surgery,Pharmacist,Night,2,61356.45
601585,Surgery,Assistant,Night,30,160417.38
601586,Administration,Assistant,Morning,7,95993.44
601587,Surgery,Pharmacist,Night,9,30231.04
601588,Emergency,Pharmacist,Morning,17,67060.09
601589,Emergency,Manager,Morning,19,103762.23
601590,Pharmacy,Assistant,Morning,12,74411.88
601591,Surgery,Pharmacist,Night,22,27223.36
601592,Pharmacy,Assistant,Morning,29,121226.97
601593,Diagnostics,Assistant,Night,22,37625.17
601594,Pharmacy,Nurse,Night,26,167898.41
601595,Administration,Pharmacist,Night,17,37247.61
601596,Emergency,Manager,Night,2,31452.19
601597,Administration,Nurse,Night,21,157409.08
601598,Surgery,Coordinator,Night,26,99030.15
601599,Emergency,Manager,Morning,13,39073.36
601600,Surgery,Pharmacist,Morning,30,129234.32
601601,Nursing,Manager,Night,12,114572.62
601602,Nursing,Pharmacist,Evening,9,119156.37
601603,Emergency,Manager,Morning,12,159807.25
601604,Surgery,Manager,Evening,20,105709.97
601605,Emergency,Pharmacist,Morning,4,84454.18
601606,Surgery,Assistant,Night,9,52173.38
601607,Diagnostics,Technician,Night,15,154031.53
601608,Surgery,Pharmacist,Morning,20,45076.07
601609,Diagnostics,Pharmacist,Morning,12,136199.97
601610,Surgery,Pharmacist,Evening,4,175009.26
601611,Administration,Manager,Evening,14,146498.58
601612,Nursing,Pharmacist,Evening,18,120239.44
601613,Emergency,Assistant,Night,12,34670.89
601614,Diagnostics,Nurse,Night,27,151049.35
601615,Diagnostics,Nurse,Morning,11,160343.7
601616,Diagnostics,Assistant,Evening,9,110662.08
601617,Administration,Technician,Evening,11,86033.17
601618,Diagnostics,Coordinator,Evening,15,119884.44
601619,Pharmacy,Technician,Morning,25,147907.23
601620,Surgery,Pharmacist,Morning,25,107438.33
601621,Pharmacy,Nurse,Morning,12,169929.95
601622,Surgery,Coordinator,Morning,26,142016.64
601623,Pharmacy,Coordinator,Night,8,31180.72
601624,Emergency,Coordinator,Evening,23,89180.63
601625,Emergency,Assistant,Night,19,95911.02
601626,Emergency,Pharmacist,Night,18,29345.15
601627,Administration,Assistant,Morning,28,168306.89
601628,Nursing,Assistant,Night,29,50540.34
601629,Diagnostics,Nurse,Night,1,101252.01
601630,Diagnostics,Coordinator,Evening,15,57995.76
601631,Surgery,Manager,Evening,15,75779.21
601632,Diagnostics,Assistant,Night,4,28241.46
601633,Pharmacy,Technician,Morning,19,129406.34
601634,Surgery,Technician,Night,26,52037.02
601635,Nursing,Manager,Evening,14,102744.19
601636,Nursing,Assistant,Night,15,25647.25
601637,Administration,Technician,Morning,22,77418.09
601638,Nursing,Coordinator,Night,10,81029.15
601639,Emergency,Nurse,Morning,8,106054.22
601640,Surgery,Pharmacist,Morning,8,67629.82
601641,Nursing,Pharmacist,Morning,8,136601.35
601642,Surgery,Assistant,Night,6,49050.25
601643,Administration,Technician,Night,0,100936.93
601644,Surgery,Coordinator,Night,13,123997.32
601645,Diagnostics,Nurse,Evening,17,174128.66
601646,Emergency,Nurse,Morning,14,79993.17
601647,Surgery,Assistant,Evening,28,27265.91
601648,Surgery,Manager,Evening,4,77239.67
601649,Emergency,Coordinator,Morning,17,49730.12
601650,Pharmacy,Technician,Night,23,30476.57
601651,Pharmacy,Pharmacist,Night,1,130379.19
601652,Nursing,Pharmacist,Evening,12,110090.47
601653,Emergency,Manager,Night,9,62522.25
601654,Nursing,Manager,Morning,22,48408.52
601655,Pharmacy,Assistant,Evening,18,71126.42
601656,Nursing,Coordinator,Night,30,134252.32
601657,Diagnostics,Coordinator,Morning,10,44947.92
601658,Emergency,Pharmacist,Night,0,79638.2
601659,Administration,Manager,Evening,7,121216.98
601660,Pharmacy,Manager,Morning,8,49086.65
601661,Pharmacy,Nurse,Night,8,104868.79
601662,Pharmacy,Coordinator,Morning,0,108887.61
601663,Pharmacy,Assistant,Morning,10,40080.66
601664,Emergency,Pharmacist,Night,23,101242.61
601665,Pharmacy,Nurse,Evening,12,127025.66
601666,Pharmacy,Pharmacist,Night,30,44273.81
601667,Nursing,Nurse,Night,27,170191.41
601668,Administration,Manager,Night,7,151252.34
601669,Administration,Manager,Evening,18,58469.16
601670,Surgery,Coordinator,Morning,24,37792.31
601671,Diagnostics,Manager,Evening,9,102359.26
601672,Administration,Assistant,Morning,11,128204.34
601673,Pharmacy,Technician,Evening,0,171694.66
601674,Surgery,Manager,Evening,25,42730.65
601675,Pharmacy,Pharmacist,Night,22,69514.63
601676,Pharmacy,Coordinator,Night,1,149895.21
601677,Surgery,Nurse,Night,24,165759.46
601678,Nursing,Manager,Morning,28,80091.47
601679,Pharmacy,Coordinator,Night,11,127000.18
601680,Diagnostics,Nurse,Morning,27,167323.8
601681,Surgery,Technician,Evening,23,61482.24
601682,Nursing,Coordinator,Night,6,171312.8
601683,Nursing,Technician,Night,16,99224.38
601684,Pharmacy,Manager,Night,6,39224.81
601685,Diagnostics,Manager,Morning,1,63824.82
601686,Administration,Assistant,Morning,16,60747.39
601687,Surgery,Manager,Morning,28,123633.66
601688,Surgery,Nurse,Night,19,123385.46
601689,Diagnostics,Manager,Night,4,134238.84
601690,Nursing,Coordinator,Morning,12,79363.59
601691,Nursing,Technician,Night,26,61679.18
601692,Emergency,Nurse,Morning,26,89600.76
601693,Emergency,Manager,Morning,3,134610.68
601694,Pharmacy,Manager,Morning,24,72959.3
601695,Nursing,Nurse,Morning,22,39753.04
601696,Pharmacy,Nurse,Evening,6,163882.05
601697,Emergency,Nurse,Morning,5,34547.15
601698,Emergency,Nurse,Night,4,135355.81
601699,Diagnostics,Nurse,Night,17,63157.88
601700,Administration,Manager,Evening,24,141186.98
601701,Emergency,Pharmacist,Morning,21,178019.44
601702,Surgery,Assistant,Morning,9,53313.7
601703,Nursing,Coordinator,Evening,23,168484.58
601704,Pharmacy,Pharmacist,Night,19,151974.85
601705,Nursing,Coordinator,Morning,11,28410.3
601706,Nursing,Pharmacist,Evening,17,164799.85
601707,Pharmacy,Coordinator,Evening,3,173485.88
601708,Nursing,Manager,Evening,4,52246.17
601709,Surgery,Coordinator,Morning,22,129716.78
601710,Pharmacy,Nurse,Evening,14,83750.23
601711,Pharmacy,Nurse,Evening,17,157318.24
601712,Surgery,Manager,Morning,14,78439.18
601713,Pharmacy,Manager,Morning,19,156878.31
601714,Pharmacy,Assistant,Evening,15,49705.06
601715,Surgery,Assistant,Morning,20,110712.17
601716,Diagnostics,Coordinator,Evening,5,154458.13
601717,Administration,Pharmacist,Evening,16,164856.95
601718,Administration,Manager,Morning,29,91582.74
601719,Administration,Assistant,Night,5,144235.33
601720,Administration,Technician,Morning,0,150278.72
601721,Emergency,Coordinator,Morning,16,130420.77
601722,Emergency,Manager,Morning,13,118847.3
601723,Nursing,Assistant,Morning,5,62442.09
601724,Administration,Technician,Night,7,177240.25
601725,Administration,Nurse,Evening,29,88190.61
601726,Administration,Manager,Evening,29,163984.29
601727,Pharmacy,Assistant,Morning,17,179497.2
601728,Administration,Coordinator,Morning,9,173465.38
601729,Diagnostics,Manager,Night,0,102442.3
601730,Emergency,Assistant,Night,15,38966.27
601731,Administration,Manager,Morning,2,165612.95
601732,Pharmacy,Pharmacist,Evening,15,70655.96
601733,Nursing,Assistant,Evening,11,26157.19
601734,Administration,Nurse,Night,14,150306.26
601735,Emergency,Manager,Morning,26,178110.56
601736,Pharmacy,Assistant,Evening,25,42460.78
601737,Nursing,Manager,Evening,27,93019.68
601738,Administration,Nurse,Evening,15,174974.99
601739,Administration,Coordinator,Evening,8,126802.41
601740,Administration,Manager,Evening,6,156473.61
601741,Pharmacy,Coordinator,Morning,19,29473.75
601742,Nursing,Technician,Evening,4,142465.64
601743,Surgery,Assistant,Evening,30,120917.04
601744,Emergency,Technician,Evening,26,32298.39
601745,Administration,Assistant,Evening,4,55905.52
601746,Surgery,Assistant,Night,17,133900.45
601747,Pharmacy,Assistant,Evening,5,45515.76
601748,Surgery,Coordinator,Evening,13,173787.99
601749,Nursing,Nurse,Evening,19,109311.29
601750,Pharmacy,Pharmacist,Morning,27,59244.65
601751,Pharmacy,Coordinator,Evening,16,56059.09
601752,Pharmacy,Coordinator,Night,1,145232.6
601753,Surgery,Coordinator,Morning,9,166982.8
601754,Surgery,Coordinator,Morning,6,25813.72
601755,Pharmacy,Nurse,Evening,0,72979.9
601756,Diagnostics,Manager,Night,10,162490.09
601757,Surgery,Manager,Night,3,169331.36
601758,Pharmacy,Pharmacist,Night,2,163926.78
601759,Nursing,Nurse,Night,7,41381.1
601760,Nursing,Coordinator,Evening,27,148122.04
601761,Diagnostics,Technician,Morning,12,141571.08
601762,Pharmacy,Pharmacist,Morning,26,141414.35
601763,Surgery,Technician,Evening,10,43194.56
601764,Emergency,Coordinator,Night,1,178131.43
601765,Nursing,Assistant,Night,29,93984.46
601766,Administration,Assistant,Night,8,97894.93
601767,Administration,Coordinator,Evening,12,57575.23
601768,Emergency,Assistant,Morning,7,82359.32
601769,Emergency,Pharmacist,Night,27,34997.96
601770,Pharmacy,Manager,Night,30,155455.6
601771,Nursing,Pharmacist,Evening,27,159366.61
601772,Surgery,Technician,Evening,26,133618.22
601773,Diagnostics,Nurse,Morning,15,76019.38
601774,Administration,Coordinator,Morning,17,67248.66
601775,Nursing,Nurse,Evening,2,64868.13
601776,Surgery,Assistant,Night,14,157412.04
601777,Administration,Assistant,Evening,9,154095.99
601778,Administration,Pharmacist,Morning,27,174277.82
601779,Nursing,Technician,Morning,25,51455.34
601780,Administration,Assistant,Evening,1,83826.58
601781,Emergency,Manager,Morning,18,163018.97
601782,Surgery,Assistant,Evening,6,108069.93
601783,Diagnostics,Assistant,Night,8,51962.82
601784,Nursing,Technician,Morning,2,105117.7
601785,Emergency,Technician,Evening,17,123836.23
601786,Administration,Nurse,Night,3,52012.17
601787,Pharmacy,Pharmacist,Morning,17,161489.91
601788,Pharmacy,Coordinator,Morning,29,139830.58
601789,Administration,Pharmacist,Morning,25,55697.22
601790,Diagnostics,Coordinator,Night,27,72031.21
601791,Diagnostics,Nurse,Night,1,169528.8
601792,Emergency,Nurse,Evening,2,61434.36
601793,Diagnostics,Nurse,Evening,5,155600.69
601794,Emergency,Pharmacist,Morning,28,30246.76
601795,Administration,Technician,Evening,2,139107.2
601796,Emergency,Pharmacist,Morning,22,146417.17
601797,Diagnostics,Pharmacist,Evening,30,42565.67
601798,Administration,Pharmacist,Morning,4,55324.37
601799,Emergency,Assistant,Morning,1,136472.83
601800,Diagnostics,Technician,Morning,18,108809.1
601801,Nursing,Technician,Night,29,94087.96
601802,Pharmacy,Nurse,Morning,16,50146.28
601803,Pharmacy,Coordinator,Morning,2,150854.73
601804,Pharmacy,Technician,Morning,3,126692.24
601805,Surgery,Pharmacist,Night,15,139083.74
601806,Nursing,Technician,Morning,9,164484.14
601807,Emergency,Nurse,Night,15,155379.86
601808,Pharmacy,Nurse,Night,9,135059.02
601809,Administration,Coordinator,Morning,3,93718.17
601810,Administration,Assistant,Evening,1,116879.57
601811,Surgery,Technician,Evening,27,75088.4
601812,Emergency,Assistant,Night,20,89482.42
601813,Surgery,Manager,Night,0,51687.06
601814,Surgery,Coordinator,Morning,29,163346.91
601815,Surgery,Assistant,Evening,8,120698.41
601816,Administration,Pharmacist,Night,17,43927.74
601817,Nursing,Assistant,Morning,13,104492.72
601818,Administration,Nurse,Night,21,154175.44
601819,Emergency,Pharmacist,Morning,6,173656
601820,Pharmacy,Coordinator,Morning,30,85723.8
601821,Pharmacy,Coordinator,Evening,25,114316.54
601822,Diagnostics,Assistant,Evening,14,54957.27
601823,Pharmacy,Assistant,Morning,9,54699.77
601824,Nursing,Assistant,Morning,25,160151.76
601825,Nursing,Assistant,Evening,23,164569.77
601826,Administration,Nurse,Evening,0,71892.98
601827,Administration,Technician,Morning,14,89242.33
601828,Pharmacy,Pharmacist,Evening,16,91776.81
601829,Nursing,Manager,Morning,7,68757.57
601830,Emergency,Coordinator,Night,21,28349.11
601831,Emergency,Nurse,Night,25,38789.57
601832,Nursing,Manager,Night,13,179262.19
601833,Nursing,Assistant,Morning,7,98013.89
601834,Emergency,Nurse,Evening,30,166198.84
601835,Administration,Nurse,Evening,29,38578.33
601836,Diagnostics,Technician,Evening,9,173010.58
601837,Pharmacy,Manager,Evening,4,103645.96
601838,Nursing,Nurse,Morning,2,31058.82
601839,Nursing,Coordinator,Morning,4,62974.83
601840,Administration,Manager,Night,9,31856.06
601841,Nursing,Manager,Night,19,160159.84
601842,Emergency,Manager,Morning,3,102273.4
601843,Pharmacy,Manager,Morning,24,136260.65
601844,Administration,Pharmacist,Evening,24,49519.26
601845,Nursing,Nurse,Night,9,120413.25
601846,Diagnostics,Coordinator,Night,16,50497.02
601847,Pharmacy,Nurse,Evening,7,38981.82
601848,Diagnostics,Nurse,Evening,2,145835.22
601849,Diagnostics,Nurse,Evening,14,153832.6
601850,Nursing,Technician,Morning,3,157639.04
601851,Nursing,Manager,Morning,15,54158.2
601852,Nursing,Assistant,Night,5,117186.93
601853,Diagnostics,Pharmacist,Morning,23,132063.82
601854,Nursing,Manager,Morning,18,118397.73
601855,Nursing,Coordinator,Night,28,31842.35
601856,Surgery,Assistant,Night,8,76794.16
601857,Nursing,Technician,Night,7,38210.62
601858,Nursing,Coordinator,Evening,21,36223.41
601859,Surgery,Manager,Evening,14,108584.05
601860,Diagnostics,Coordinator,Evening,12,164317.84
601861,Diagnostics,Nurse,Morning,6,86082.47
601862,Administration,Technician,Night,16,141161.48
601863,Nursing,Technician,Night,0,31396.17
601864,Pharmacy,Technician,Evening,13,55621.92
601865,Administration,Manager,Night,23,132684.41
601866,Administration,Technician,Morning,0,118574.4
601867,Pharmacy,Pharmacist,Evening,10,133994.68
601868,Emergency,Pharmacist,Night,3,145480.32
601869,Nursing,Technician,Morning,5,28276.9
601870,Emergency,Assistant,Evening,11,100046.5
601871,Surgery,Coordinator,Night,5,40451.62
601872,Nursing,Technician,Evening,9,137811.71
601873,Administration,Nurse,Morning,22,168369.22
601874,Surgery,Nurse,Morning,28,73753.07
601875,Nursing,Coordinator,Morning,24,26275.56
601876,Nursing,Pharmacist,Evening,22,130990.68
601877,Administration,Pharmacist,Night,12,92753.48
601878,Nursing,Technician,Night,25,50591.23
601879,Administration,Technician,Night,3,133982.84
601880,Surgery,Technician,Morning,22,83608.36
601881,Surgery,Nurse,Night,23,145299.99
601882,Emergency,Pharmacist,Night,18,67084.1
601883,Nursing,Assistant,Evening,22,157553.44
601884,Emergency,Assistant,Morning,13,152246.58
601885,Surgery,Assistant,Evening,18,162829.27
601886,Nursing,Technician,Evening,21,171169.69
601887,Diagnostics,Nurse,Evening,8,157882.13
601888,Emergency,Pharmacist,Evening,5,96253.85
601889,Surgery,Technician,Night,29,33494.73
601890,Pharmacy,Assistant,Night,18,74807.39
601891,Surgery,Coordinator,Night,17,179155.88
601892,Nursing,Pharmacist,Evening,25,165808.93
601893,Diagnostics,Assistant,Evening,20,66942.42
601894,Emergency,Coordinator,Evening,5,139685.18
601895,Administration,Pharmacist,Night,19,122154.2
601896,Administration,Pharmacist,Evening,5,153963.38
601897,Nursing,Assistant,Morning,18,71147.37
601898,Surgery,Manager,Evening,9,119224.93
601899,Administration,Manager,Morning,11,130436.53
601900,Emergency,Coordinator,Evening,9,127765.73
601901,Pharmacy,Assistant,Night,21,179637.69
601902,Diagnostics,Pharmacist,Evening,11,160748.46
601903,Nursing,Technician,Night,24,28987.58
601904,Emergency,Pharmacist,Evening,24,89469.52
601905,Diagnostics,Manager,Evening,16,131841.3
601906,Nursing,Technician,Morning,2,31871.37
601907,Pharmacy,Pharmacist,Morning,1,55912.26
601908,Surgery,Manager,Night,5,102952.15
601909,Diagnostics,Assistant,Evening,10,170987.79
601910,Diagnostics,Manager,Morning,6,155882.75
601911,Administration,Assistant,Evening,29,107995.1
601912,Nursing,Technician,Evening,5,68884.95
601913,Administration,Nurse,Evening,28,36367.5
601914,Emergency,Nurse,Evening,26,179715.61
601915,Pharmacy,Coordinator,Night,25,109650.82
601916,Pharmacy,Assistant,Evening,15,41267.97
601917,Emergency,Nurse,Night,0,76584.45
601918,Surgery,Pharmacist,Evening,16,34825.37
601919,Nursing,Coordinator,Morning,18,107325.97
601920,Surgery,Technician,Morning,15,39914.56
601921,Emergency,Technician,Morning,8,52381.89
601922,Diagnostics,Technician,Night,26,67063.07
601923,Diagnostics,Assistant,Evening,22,28697.59
601924,Pharmacy,Assistant,Morning,9,176499.03
601925,Surgery,Assistant,Night,21,162023.23
601926,Emergency,Manager,Morning,27,78771.53
601927,Administration,Coordinator,Evening,14,160362.22
601928,Emergency,Pharmacist,Morning,8,42766.26
601929,Pharmacy,Assistant,Night,1,119594.95
601930,Administration,Coordinator,Morning,6,161340.99
601931,Diagnostics,Nurse,Morning,25,115356.49
601932,Diagnostics,Assistant,Evening,7,91823.97
601933,Diagnostics,Technician,Morning,24,58556.53
601934,Surgery,Nurse,Night,6,26628.16
601935,Nursing,Coordinator,Night,7,140877.22
601936,Nursing,Assistant,Morning,21,40267.82
601937,Emergency,Manager,Morning,3,58633.93
601938,Nursing,Assistant,Night,18,73644.84
601939,Pharmacy,Pharmacist,Morning,7,97040.71
601940,Surgery,Technician,Evening,14,65303.57
601941,Surgery,Assistant,Evening,19,31903.66
601942,Nursing,Technician,Night,18,175210.78
601943,Administration,Nurse,Evening,11,52463.94
601944,Pharmacy,Assistant,Evening,8,70985.89
601945,Emergency,Coordinator,Morning,13,69577.04
601946,Emergency,Pharmacist,Night,25,93360.43
601947,Administration,Assistant,Night,24,41776.41
601948,Administration,Assistant,Evening,18,85720.88
601949,Diagnostics,Pharmacist,Night,1,169758.94
601950,Diagnostics,Assistant,Evening,11,178325.52
601951,Administration,Manager,Night,13,139355.9
601952,Pharmacy,Assistant,Morning,1,144319.33
601953,Emergency,Manager,Night,10,27413.06
601954,Surgery,Assistant,Evening,20,79614.2
601955,Pharmacy,Manager,Evening,19,134329.96
601956,Emergency,Technician,Morning,3,49531.85
601957,Diagnostics,Manager,Night,9,161013.21
601958,Surgery,Pharmacist,Night,12,101628.38
601959,Nursing,Pharmacist,Morning,16,57189.06
601960,Emergency,Technician,Night,21,68654.22
601961,Emergency,Technician,Morning,6,64386.26
601962,Emergency,Coordinator,Evening,12,87480.73
601963,Pharmacy,Assistant,Evening,29,127175.91
601964,Nursing,Assistant,Night,14,68794.86
601965,Emergency,Nurse,Night,27,61318.06
601966,Surgery,Coordinator,Morning,18,29953.2
601967,Diagnostics,Manager,Morning,8,123321.04
601968,Nursing,Coordinator,Night,15,166832.34
601969,Surgery,Manager,Night,24,62014.86
601970,Administration,Technician,Night,3,43188.44
601971,Emergency,Nurse,Evening,2,144933.75
601972,Diagnostics,Coordinator,Morning,19,132608.19
601973,Administration,Pharmacist,Morning,26,82364.4
601974,Diagnostics,Coordinator,Night,10,103797.24
601975,Pharmacy,Manager,Night,10,168998.49
601976,Surgery,Manager,Night,9,93137.74
601977,Diagnostics,Assistant,Evening,17,89076.9
601978,Nursing,Technician,Night,19,97831.72
601979,Surgery,Pharmacist,Night,6,57490.83
601980,Diagnostics,Nurse,Morning,6,91669.82
601981,Nursing,Coordinator,Morning,24,38823.89
601982,Pharmacy,Pharmacist,Morning,19,94332.14
601983,Surgery,Pharmacist,Night,5,73510.04
601984,Emergency,Assistant,Morning,27,98901.38
601985,Emergency,Pharmacist,Evening,13,127569.12
601986,Emergency,Pharmacist,Morning,8,128308.05
601987,Nursing,Technician,Night,6,135904.93
601988,Diagnostics,Technician,Night,17,120224.84
601989,Nursing,Technician,Evening,5,97036.82
601990,Emergency,Nurse,Morning,25,113775.27
601991,Nursing,Assistant,Evening,13,68191.17
601992,Nursing,Manager,Morning,15,141431.52
601993,Diagnostics,Nurse,Evening,24,61930.06
601994,Emergency,Manager,Morning,19,54808.54
601995,Nursing,Technician,Night,12,125067.69
601996,Emergency,Assistant,Night,17,150483.61
601997,Surgery,Manager,Morning,20,157634.66
601998,Surgery,Technician,Evening,7,108390.52
601999,Emergency,Coordinator,Morning,5,35962.54
602000,Diagnostics,Pharmacist,Evening,5,35651.33
602001,Emergency,Nurse,Night,15,135871.32
602002,Administration,Coordinator,Night,25,143568.22
602003,Diagnostics,Assistant,Morning,7,42050.16
602004,Emergency,Coordinator,Night,13,174958.3
602005,Administration,Manager,Evening,8,90499.1
602006,Surgery,Technician,Evening,2,94214.8
602007,Emergency,Coordinator,Night,2,75823.17
602008,Nursing,Coordinator,Night,20,145257.37
602009,Emergency,Assistant,Morning,21,158429.05
602010,Surgery,Technician,Night,5,176161.68
602011,Nursing,Coordinator,Evening,3,172674.97
602012,Surgery,Nurse,Night,10,35195.4
602013,Administration,Coordinator,Morning,1,174901.55
602014,Administration,Nurse,Morning,13,171152.49
602015,Surgery,Assistant,Evening,21,162003.69
602016,Surgery,Nurse,Morning,11,141750.2
602017,Pharmacy,Technician,Evening,25,37289.29
602018,Emergency,Coordinator,Morning,6,73577.42
602019,Nursing,Nurse,Morning,20,91807.13
602020,Diagnostics,Coordinator,Night,5,79708.67
602021,Nursing,Manager,Evening,20,150095.23
602022,Nursing,Pharmacist,Evening,1,124498.06
602023,Nursing,Manager,Night,6,40273.66
602024,Nursing,Pharmacist,Morning,9,73561.38
602025,Surgery,Coordinator,Morning,25,171166.48
602026,Surgery,Coordinator,Night,28,35304.77
602027,Administration,Assistant,Evening,14,43680.24
602028,Pharmacy,Technician,Morning,27,146036.02
602029,Pharmacy,Nurse,Morning,9,50296.94
602030,Emergency,Technician,Morning,21,63889.52
602031,Emergency,Technician,Evening,18,93450.45
602032,Nursing,Technician,Evening,6,164594.69
602033,Diagnostics,Technician,Morning,5,139663.99
602034,Administration,Coordinator,Night,10,169291.14
602035,Nursing,Technician,Evening,23,149941.77
602036,Pharmacy,Technician,Morning,2,122469.36
602037,Pharmacy,Pharmacist,Evening,9,126233.04
602038,Emergency,Assistant,Night,25,178848.73
602039,Pharmacy,Coordinator,Night,29,36123.32
602040,Emergency,Coordinator,Night,18,155749.22
602041,Emergency,Assistant,Evening,19,128864.27
602042,Surgery,Manager,Night,4,168659.59
602043,Pharmacy,Nurse,Evening,12,52314.6
602044,Emergency,Assistant,Morning,28,172509.41
602045,Emergency,Manager,Morning,26,74551.77
602046,Administration,Coordinator,Morning,4,87592.92
602047,Nursing,Pharmacist,Night,16,163238.72
602048,Administration,Coordinator,Night,19,53089.63
602049,Diagnostics,Manager,Morning,6,163321.94
602050,Pharmacy,Nurse,Evening,26,141228.42
602051,Administration,Technician,Night,6,46171.6
602052,Nursing,Pharmacist,Morning,21,118462.46
602053,Administration,Manager,Morning,11,156075.1
602054,Administration,Technician,Morning,1,161264.53
602055,Administration,Nurse,Evening,6,145600.48
602056,Diagnostics,Nurse,Evening,4,136194.75
602057,Diagnostics,Coordinator,Night,19,77605.67
602058,Diagnostics,Pharmacist,Night,4,105087.51
602059,Administration,Coordinator,Morning,19,37756.92
602060,Emergency,Assistant,Morning,16,128934.23
602061,Surgery,Manager,Evening,27,141535.09
602062,Pharmacy,Manager,Evening,25,53350.38
602063,Nursing,Pharmacist,Evening,2,130743.36
602064,Diagnostics,Technician,Night,0,129267.47
602065,Administration,Pharmacist,Night,3,42094.39
602066,Pharmacy,Technician,Morning,9,108474.5
602067,Diagnostics,Assistant,Night,7,90049.55
602068,Nursing,Coordinator,Evening,18,71457.56
602069,Pharmacy,Nurse,Night,12,168605.91
602070,Nursing,Pharmacist,Morning,12,88133.94
602071,Surgery,Coordinator,Morning,5,114007.01
602072,Diagnostics,Manager,Morning,23,52212.79
602073,Surgery,Manager,Evening,23,45582.87
602074,Surgery,Assistant,Evening,8,136027.16
602075,Diagnostics,Pharmacist,Night,21,88419.93
602076,Pharmacy,Assistant,Night,14,133866.8
602077,Nursing,Technician,Morning,9,108546.63
602078,Nursing,Coordinator,Night,22,146942.27
602079,Pharmacy,Manager,Evening,26,149016.67
602080,Surgery,Manager,Morning,7,63532.96
602081,Diagnostics,Pharmacist,Night,13,109913.74
602082,Administration,Assistant,Evening,16,39747.9
602083,Diagnostics,Assistant,Night,6,148354.94
602084,Diagnostics,Manager,Evening,18,162490.11
602085,Emergency,Coordinator,Morning,6,51918.09
602086,Surgery,Technician,Night,17,57091.19
602087,Emergency,Nurse,Evening,20,36417.64
602088,Diagnostics,Technician,Evening,19,69092.69
602089,Pharmacy,Manager,Night,29,53636.73
602090,Emergency,Manager,Night,9,172261.12
602091,Emergency,Manager,Night,27,92945.42
602092,Nursing,Nurse,Morning,30,179531.11
602093,Diagnostics,Nurse,Morning,27,122506.64
602094,Nursing,Nurse,Night,10,140037.09
602095,Surgery,Technician,Night,19,134464.54
602096,Administration,Coordinator,Evening,0,30623.25
602097,Administration,Manager,Morning,13,67139.68
602098,Diagnostics,Nurse,Morning,26,113789.18
602099,Nursing,Assistant,Morning,6,73988.79
602100,Surgery,Nurse,Morning,5,27270.68
602101,Nursing,Assistant,Morning,3,104905.68
602102,Nursing,Nurse,Evening,12,67276.45
602103,Diagnostics,Pharmacist,Morning,21,91617.74
602104,Surgery,Technician,Night,6,95786.87
602105,Diagnostics,Assistant,Morning,25,27124.61
602106,Diagnostics,Coordinator,Morning,30,51003.34
602107,Emergency,Pharmacist,Evening,21,171729.65
602108,Surgery,Technician,Evening,25,131773.46
602109,Nursing,Assistant,Night,22,175785.28
602110,Pharmacy,Manager,Morning,2,179422.78
602111,Pharmacy,Technician,Night,14,119530.95
602112,Pharmacy,Manager,Evening,17,121876.26
602113,Surgery,Coordinator,Morning,3,133684.26
602114,Administration,Coordinator,Night,4,167117.17
602115,Emergency,Technician,Night,29,170617.32
602116,Pharmacy,Assistant,Evening,7,68745.57
602117,Nursing,Manager,Morning,7,104182.16
602118,Pharmacy,Coordinator,Night,5,163637.46
602119,Diagnostics,Assistant,Morning,26,130588.81
602120,Surgery,Manager,Night,3,33017.64
602121,Emergency,Coordinator,Morning,0,82029.28
602122,Surgery,Coordinator,Morning,4,153155.25
602123,Pharmacy,Nurse,Evening,1,89574.32
602124,Diagnostics,Manager,Morning,4,59034.88
602125,Administration,Coordinator,Night,4,84575.4
602126,Emergency,Technician,Evening,26,164755.85
602127,Surgery,Manager,Evening,24,109573.86
602128,Emergency,Coordinator,Evening,8,117828.75
602129,Emergency,Assistant,Night,29,170806.15
602130,Diagnostics,Nurse,Morning,22,134010.83
602131,Pharmacy,Manager,Morning,14,144622.29
602132,Emergency,Coordinator,Night,30,112233.65
602133,Pharmacy,Assistant,Evening,29,150988.88
602134,Surgery,Technician,Evening,19,66629.24
602135,Nursing,Nurse,Morning,10,178040.44
602136,Pharmacy,Manager,Evening,3,53367.9
602137,Emergency,Coordinator,Morning,9,135576.97
602138,Pharmacy,Manager,Night,1,136256.58
602139,Nursing,Coordinator,Evening,0,79887.18
602140,Emergency,Manager,Morning,12,140593.74
602141,Surgery,Coordinator,Night,20,142325.44
602142,Administration,Assistant,Night,16,45845.24
602143,Pharmacy,Manager,Night,21,143340.04
602144,Administration,Coordinator,Night,24,110221.43
602145,Emergency,Coordinator,Morning,18,61695.29
602146,Pharmacy,Assistant,Evening,3,144288.21
602147,Emergency,Pharmacist,Evening,26,30927.06
602148,Pharmacy,Technician,Morning,30,56088.92
602149,Administration,Pharmacist,Evening,10,49782.3
602150,Surgery,Pharmacist,Night,29,173091.38
602151,Administration,Manager,Morning,28,55202.97
602152,Pharmacy,Technician,Morning,12,32143.97
602153,Nursing,Manager,Night,24,72618.71
602154,Administration,Manager,Evening,12,122270.69
602155,Administration,Nurse,Night,15,68543.89
602156,Diagnostics,Coordinator,Morning,24,173410.62
602157,Diagnostics,Coordinator,Evening,17,97914.07
602158,Diagnostics,Coordinator,Night,19,101208.68
602159,Nursing,Assistant,Morning,4,128967.93
602160,Emergency,Assistant,Night,25,49009.03
602161,Pharmacy,Pharmacist,Evening,16,161298.55
602162,Pharmacy,Manager,Night,21,148607.53
602163,Administration,Pharmacist,Night,10,35883.03
602164,Emergency,Nurse,Morning,27,72876.83
602165,Surgery,Coordinator,Night,30,86789.5
602166,Nursing,Technician,Morning,4,169082.88
602167,Surgery,Assistant,Night,2,121028
602168,Surgery,Pharmacist,Morning,21,139743.72
602169,Pharmacy,Manager,Morning,11,50412.59
602170,Surgery,Assistant,Night,29,51946.73
602171,Nursing,Technician,Evening,13,32960.29
602172,Pharmacy,Assistant,Evening,10,107684.87
602173,Nursing,Nurse,Morning,19,102561.92
602174,Nursing,Pharmacist,Morning,12,106231.83
602175,Pharmacy,Technician,Night,21,132137.73
602176,Emergency,Manager,Night,22,78203.98
602177,Diagnostics,Manager,Night,14,171725.42
602178,Administration,Assistant,Morning,0,153994.18
602179,Pharmacy,Manager,Morning,12,138159.66
602180,Emergency,Technician,Evening,6,160055.87
602181,Emergency,Coordinator,Evening,27,109264.83
602182,Diagnostics,Technician,Evening,22,70231.41
602183,Nursing,Manager,Evening,11,78861.38
602184,Administration,Coordinator,Night,26,144502.6
602185,Emergency,Technician,Evening,21,140537.95
602186,Pharmacy,Nurse,Night,9,59152.8
602187,Pharmacy,Assistant,Morning,6,48305.54
602188,Emergency,Manager,Night,29,147246.58
602189,Emergency,Pharmacist,Morning,16,111724.98
602190,Nursing,Nurse,Morning,12,73835.55
602191,Nursing,Pharmacist,Night,18,45697.95
602192,Surgery,Assistant,Night,6,82655.49
602193,Emergency,Technician,Night,10,162737.95
602194,Surgery,Coordinator,Night,5,64598.72
602195,Nursing,Coordinator,Morning,10,87420.7
602196,Emergency,Assistant,Night,7,51344.61
602197,Emergency,Technician,Morning,1,125839.25
602198,Nursing,Pharmacist,Night,13,95563.48
602199,Diagnostics,Pharmacist,Night,14,32333
602200,Administration,Nurse,Night,16,36669.39
602201,Emergency,Manager,Evening,12,92082.93
602202,Surgery,Technician,Evening,19,101789.25
602203,Administration,Manager,Morning,14,136896.39
602204,Administration,Technician,Evening,8,59067.81
602205,Administration,Coordinator,Morning,12,84599.3
602206,Diagnostics,Technician,Night,3,40095.92
602207,Nursing,Manager,Night,25,27629.62
602208,Administration,Assistant,Night,15,101051.03
602209,Emergency,Coordinator,Night,6,95002.82
602210,Nursing,Assistant,Evening,26,40821.29
602211,Administration,Technician,Evening,4,163499.57
602212,Emergency,Technician,Morning,11,119148.75
602213,Surgery,Manager,Evening,13,128732.66
602214,Diagnostics,Manager,Night,9,118460.44
602215,Diagnostics,Nurse,Evening,4,175982.18
602216,Emergency,Assistant,Morning,3,165782
602217,Emergency,Assistant,Night,20,168958.56
602218,Pharmacy,Manager,Morning,18,154013.01
602219,Surgery,Nurse,Evening,28,82045.44
602220,Nursing,Nurse,Night,28,160282.56
602221,Surgery,Pharmacist,Morning,15,155081.24
602222,Administration,Manager,Morning,30,114985.57
602223,Diagnostics,Manager,Night,9,94698.98
602224,Administration,Manager,Night,4,162846.9
602225,Diagnostics,Nurse,Night,23,110928.04
602226,Surgery,Manager,Morning,20,170183.16
602227,Nursing,Coordinator,Night,28,85488.9
602228,Diagnostics,Nurse,Evening,4,73677.88
602229,Administration,Nurse,Night,9,32129.32
602230,Pharmacy,Pharmacist,Night,21,87107.17
602231,Nursing,Assistant,Morning,1,89710.02
602232,Emergency,Assistant,Evening,25,71213.17
602233,Administration,Coordinator,Evening,27,137237.22
602234,Diagnostics,Manager,Morning,29,30870.97
602235,Surgery,Manager,Night,18,105975.4
602236,Diagnostics,Assistant,Night,29,89232.57
602237,Surgery,Manager,Morning,13,92674.98
602238,Administration,Assistant,Morning,18,75915.41
602239,Administration,Coordinator,Night,23,56655.34
602240,Administration,Manager,Morning,28,39444.93
602241,Emergency,Technician,Evening,27,100382.35
602242,Administration,Assistant,Morning,4,60951.2
602243,Diagnostics,Nurse,Night,18,134834.02
602244,Diagnostics,Manager,Night,29,161978.16
602245,Emergency,Technician,Night,1,39732.51
602246,Administration,Pharmacist,Night,13,63875.27
602247,Nursing,Nurse,Morning,22,159407.78
602248,Diagnostics,Technician,Night,15,86924.75
602249,Nursing,Pharmacist,Night,25,32800.47
602250,Emergency,Coordinator,Evening,4,82278.05
602251,Surgery,Assistant,Morning,27,179560.3
602252,Pharmacy,Coordinator,Morning,21,114651.53
602253,Emergency,Pharmacist,Morning,4,162034.02
602254,Surgery,Nurse,Night,24,149285.95
602255,Pharmacy,Assistant,Night,21,90178.17
602256,Surgery,Assistant,Evening,10,155887.21
602257,Administration,Nurse,Morning,10,178939.54
602258,Diagnostics,Nurse,Morning,24,118289.2
602259,Nursing,Assistant,Morning,17,107534.16
602260,Diagnostics,Assistant,Evening,17,146967.24
602261,Surgery,Coordinator,Night,5,53604.91
602262,Administration,Nurse,Evening,26,86647.06
602263,Emergency,Pharmacist,Night,3,119708.67
602264,Emergency,Pharmacist,Evening,18,156899.67
602265,Nursing,Coordinator,Evening,13,146858.58
602266,Pharmacy,Pharmacist,Night,2,135419.72
602267,Administration,Pharmacist,Morning,3,30378.87
602268,Surgery,Technician,Evening,28,129730.29
602269,Surgery,Nurse,Night,20,121628.9
602270,Surgery,Coordinator,Night,4,164529.33
602271,Nursing,Coordinator,Night,1,37187.58
602272,Surgery,Coordinator,Morning,23,133552.76
602273,Surgery,Coordinator,Morning,14,77781.49
602274,Diagnostics,Coordinator,Night,0,126293.48
602275,Pharmacy,Technician,Evening,16,69732.19
602276,Pharmacy,Assistant,Night,30,78406.08
602277,Diagnostics,Technician,Night,14,103451.92
602278,Emergency,Assistant,Night,11,140131.84
602279,Nursing,Pharmacist,Night,2,96947.25
602280,Diagnostics,Coordinator,Night,22,158930.41
602281,Administration,Manager,Morning,5,108579.96
602282,Emergency,Technician,Night,11,164121.27
602283,Emergency,Manager,Night,1,104951.64
602284,Pharmacy,Coordinator,Evening,5,56198
602285,Emergency,Technician,Morning,24,92613.08
602286,Administration,Technician,Morning,23,134237.35
602287,Pharmacy,Assistant,Evening,13,128518.44
602288,Pharmacy,Coordinator,Night,4,134602.9
602289,Pharmacy,Technician,Morning,7,55772.18
602290,Surgery,Pharmacist,Evening,20,134440.57
602291,Emergency,Technician,Evening,29,155940.28
602292,Nursing,Pharmacist,Evening,26,146488.33
602293,Diagnostics,Assistant,Morning,5,73171.86
602294,Emergency,Pharmacist,Morning,12,144771.5
602295,Administration,Nurse,Morning,4,138910.77
602296,Surgery,Nurse,Night,17,144941.99
602297,Pharmacy,Coordinator,Evening,14,48970.51
602298,Nursing,Assistant,Morning,23,110000.55
602299,Surgery,Nurse,Evening,18,42610.21
602300,Emergency,Pharmacist,Morning,8,140866.61
602301,Nursing,Nurse,Morning,26,148947.9
602302,Diagnostics,Coordinator,Night,0,80232.22
602303,Administration,Assistant,Morning,16,45788.09
602304,Administration,Nurse,Evening,3,91468.42
602305,Nursing,Manager,Night,0,123625.43
602306,Administration,Assistant,Morning,2,43478.44
602307,Pharmacy,Nurse,Night,8,101322.94
602308,Diagnostics,Technician,Night,27,90485.39
602309,Administration,Coordinator,Morning,30,79277.63
602310,Emergency,Nurse,Night,4,141528.54
602311,Administration,Pharmacist,Evening,23,68050.19
602312,Surgery,Coordinator,Evening,6,120537.32
602313,Pharmacy,Manager,Evening,18,176821.96
602314,Nursing,Nurse,Evening,21,30344.38
602315,Diagnostics,Pharmacist,Night,14,65250.18
602316,Diagnostics,Manager,Evening,29,72305.74
602317,Nursing,Technician,Evening,15,110762.93
602318,Emergency,Coordinator,Night,17,143549.1
602319,Emergency,Nurse,Night,23,28487.66
602320,Nursing,Manager,Night,12,26979.37
602321,Emergency,Coordinator,Evening,5,152578.3
602322,Emergency,Manager,Night,23,57968.47
602323,Surgery,Pharmacist,Evening,24,89228.3
602324,Administration,Coordinator,Evening,15,128293.07
602325,Surgery,Coordinator,Night,2,158378.98
602326,Surgery,Coordinator,Evening,2,156384.04
602327,Emergency,Coordinator,Evening,21,84541.53
602328,Nursing,Coordinator,Night,17,49116.53
602329,Surgery,Technician,Night,25,50757.57
602330,Pharmacy,Technician,Night,24,166543.75
602331,Diagnostics,Nurse,Evening,3,120576.8
602332,Nursing,Technician,Morning,18,177503.92
602333,Nursing,Assistant,Morning,2,37300.37
602334,Administration,Coordinator,Evening,10,35230.23
602335,Emergency,Coordinator,Evening,20,124128.79
602336,Pharmacy,Technician,Morning,24,167111.45
602337,Nursing,Coordinator,Night,24,91454.17
602338,Administration,Manager,Morning,26,102181.27
602339,Nursing,Manager,Night,26,44216.5
602340,Emergency,Assistant,Night,28,58684.72
602341,Administration,Assistant,Night,6,103152.72
602342,Diagnostics,Nurse,Morning,29,106911.93
602343,Emergency,Nurse,Morning,21,101677.38
602344,Surgery,Manager,Morning,6,86908.63
602345,Nursing,Assistant,Night,28,125263.42
602346,Emergency,Manager,Morning,0,111716.26
602347,Emergency,Assistant,Night,2,117731.14
602348,Emergency,Assistant,Morning,27,156237.06
602349,Emergency,Manager,Morning,9,46986.97
602350,Nursing,Technician,Night,19,160226.54
602351,Diagnostics,Manager,Night,5,174603.81
602352,Surgery,Technician,Night,30,174351.65
602353,Diagnostics,Technician,Morning,2,104035.9
602354,Surgery,Assistant,Morning,2,144095.36
602355,Surgery,Pharmacist,Evening,11,174789.1
602356,Pharmacy,Pharmacist,Night,10,155626.68
602357,Emergency,Assistant,Night,8,71624.42
602358,Administration,Coordinator,Night,5,159003.51
602359,Emergency,Pharmacist,Evening,13,81791.55
602360,Nursing,Manager,Morning,5,165887.62
602361,Surgery,Technician,Night,6,141744.15
602362,Surgery,Technician,Morning,21,63304.39
602363,Administration,Technician,Morning,14,36443.11
602364,Nursing,Coordinator,Morning,22,66924.11
602365,Nursing,Pharmacist,Night,2,99862.77
602366,Pharmacy,Manager,Morning,7,65558.58
602367,Emergency,Nurse,Evening,21,58473.01
602368,Administration,Manager,Morning,25,91639.38
602369,Administration,Manager,Morning,8,79545.5
602370,Emergency,Assistant,Morning,7,75793.44
602371,Pharmacy,Technician,Evening,27,27930.98
602372,Pharmacy,Pharmacist,Night,21,159897.1
602373,Administration,Technician,Morning,6,134555.42
602374,Surgery,Assistant,Night,25,156541.08
602375,Emergency,Nurse,Evening,19,103003.06
602376,Administration,Technician,Morning,20,44881.43
602377,Diagnostics,Manager,Morning,19,163833.44
602378,Administration,Assistant,Night,27,172247.85
602379,Pharmacy,Technician,Morning,14,94467.57
602380,Nursing,Assistant,Evening,26,59528.99
602381,Pharmacy,Assistant,Evening,3,122326.93
602382,Surgery,Coordinator,Morning,18,61086.16
602383,Nursing,Pharmacist,Evening,27,126919.76
602384,Diagnostics,Coordinator,Evening,19,74789.27
602385,Diagnostics,Nurse,Morning,16,111577.42
602386,Administration,Coordinator,Evening,11,160442.32
602387,Pharmacy,Manager,Evening,3,179780.92
602388,Emergency,Assistant,Night,19,172010.06
602389,Surgery,Coordinator,Evening,13,90552.03
602390,Nursing,Pharmacist,Night,12,112156.69
602391,Emergency,Technician,Evening,5,140781.84
602392,Surgery,Manager,Evening,10,122937.77
602393,Administration,Assistant,Morning,29,52233.97
602394,Nursing,Technician,Morning,7,147898.76
602395,Nursing,Assistant,Evening,6,134315.34
602396,Nursing,Assistant,Morning,12,86480.87
602397,Nursing,Technician,Morning,26,62077.06
602398,Pharmacy,Nurse,Evening,22,80304.99
602399,Nursing,Manager,Morning,23,108750.77
602400,Diagnostics,Manager,Evening,16,49513.68
602401,Surgery,Pharmacist,Night,23,66540.97
602402,Emergency,Assistant,Evening,1,32152.68
602403,Emergency,Pharmacist,Night,29,61928.97
602404,Surgery,Pharmacist,Morning,7,106227.08
602405,Surgery,Manager,Morning,23,110859.63
602406,Diagnostics,Technician,Morning,18,124602.5
602407,Nursing,Assistant,Night,16,26871.29
602408,Diagnostics,Assistant,Evening,9,80588.06
602409,Surgery,Technician,Morning,26,99597.78
602410,Administration,Assistant,Morning,16,107531
602411,Surgery,Pharmacist,Morning,6,68472.37
602412,Pharmacy,Assistant,Morning,22,128043.87
602413,Nursing,Manager,Evening,0,28459.83
602414,Surgery,Nurse,Evening,22,90986.54
602415,Nursing,Technician,Morning,24,65119.83
602416,Administration,Nurse,Morning,6,102931.7
602417,Administration,Manager,Evening,8,40228.5
602418,Diagnostics,Coordinator,Night,16,29697.54
602419,Nursing,Technician,Night,22,92709.67
602420,Surgery,Nurse,Evening,29,137079.08
602421,Nursing,Technician,Evening,0,78283.5
602422,Pharmacy,Assistant,Morning,26,169291.84
602423,Diagnostics,Manager,Morning,28,73577.26
602424,Emergency,Nurse,Evening,14,167295.85
602425,Nursing,Manager,Evening,26,69573.92
602426,Emergency,Nurse,Night,8,41810.04
602427,Administration,Pharmacist,Evening,23,54803.76
602428,Diagnostics,Manager,Evening,9,71550.25
602429,Administration,Assistant,Morning,21,107758.8
602430,Nursing,Nurse,Night,27,30224.94
602431,Surgery,Manager,Evening,12,125200.56
602432,Diagnostics,Manager,Night,19,147619.21
602433,Surgery,Coordinator,Evening,28,61702.03
602434,Nursing,Manager,Night,18,54219.44
602435,Emergency,Assistant,Evening,7,123303.38
602436,Pharmacy,Manager,Night,30,176061.32
602437,Emergency,Nurse,Night,23,41954.28
602438,Administration,Assistant,Morning,16,81767.92
602439,Emergency,Nurse,Evening,23,63405.57
602440,Diagnostics,Coordinator,Night,28,88052.53
602441,Surgery,Nurse,Evening,18,104338.29
602442,Administration,Pharmacist,Morning,25,76153.83
602443,Emergency,Technician,Evening,12,160953.08
602444,Administration,Pharmacist,Morning,11,179027.13
602445,Pharmacy,Coordinator,Evening,4,178509.36
602446,Pharmacy,Pharmacist,Morning,6,161363.22
602447,Pharmacy,Coordinator,Evening,18,80047.1
602448,Nursing,Nurse,Evening,30,61640.55
602449,Diagnostics,Coordinator,Morning,17,76909.51
602450,Surgery,Coordinator,Morning,5,86633.3
602451,Nursing,Assistant,Morning,17,144137.03
602452,Surgery,Technician,Night,25,152618.37
602453,Surgery,Assistant,Morning,13,106484.13
602454,Nursing,Manager,Evening,17,160575.91
602455,Nursing,Coordinator,Evening,5,108023.29
602456,Administration,Assistant,Night,1,114544.08
602457,Surgery,Coordinator,Night,24,132973.63
602458,Surgery,Assistant,Night,27,125288.67
602459,Nursing,Coordinator,Night,22,122558.96
602460,Surgery,Pharmacist,Evening,12,134867.51
602461,Administration,Coordinator,Night,15,94224.39
602462,Emergency,Technician,Night,11,97497.77
602463,Pharmacy,Pharmacist,Night,23,139479.89
602464,Administration,Assistant,Morning,2,55872.48
602465,Pharmacy,Nurse,Morning,13,128366.54
602466,Diagnostics,Technician,Night,17,58674.48
602467,Diagnostics,Nurse,Evening,29,117238.49
602468,Nursing,Manager,Night,28,49643.21
602469,Nursing,Coordinator,Morning,17,157129.5
602470,Administration,Coordinator,Morning,4,172401.53
602471,Nursing,Nurse,Morning,19,128775.71
602472,Surgery,Coordinator,Night,11,179559.13
602473,Pharmacy,Technician,Evening,11,123066.15
602474,Diagnostics,Technician,Evening,24,128339.85
602475,Nursing,Nurse,Night,20,49196.38
602476,Surgery,Nurse,Night,4,120535.59
602477,Nursing,Pharmacist,Evening,7,73463.41
602478,Administration,Pharmacist,Evening,30,155956.36
602479,Pharmacy,Pharmacist,Night,22,25625.15
602480,Emergency,Pharmacist,Evening,30,77474.77
602481,Surgery,Coordinator,Night,9,175877.79
602482,Administration,Technician,Night,24,69179.42
602483,Emergency,Manager,Night,4,70696.62
602484,Diagnostics,Assistant,Night,27,137120.77
602485,Emergency,Technician,Morning,27,83718.63
602486,Surgery,Pharmacist,Night,6,43350.16
602487,Pharmacy,Assistant,Night,14,119368.5
602488,Diagnostics,Assistant,Morning,26,165606.17
602489,Diagnostics,Nurse,Night,21,53542.22
602490,Administration,Technician,Evening,18,161668.09
602491,Pharmacy,Pharmacist,Morning,27,179329.55
602492,Nursing,Coordinator,Evening,25,146733.32
602493,Nursing,Nurse,Night,5,177177.85
602494,Administration,Pharmacist,Evening,15,128209.51
602495,Administration,Manager,Morning,25,79913.25
602496,Diagnostics,Pharmacist,Night,12,90828.22
602497,Pharmacy,Technician,Morning,8,129605.66
602498,Administration,Technician,Morning,17,58266.15
602499,Pharmacy,Assistant,Evening,20,94194.94
602500,Nursing,Coordinator,Night,7,86496.44
602501,Surgery,Coordinator,Evening,23,134229.38
602502,Pharmacy,Pharmacist,Night,6,28811.56
602503,Diagnostics,Technician,Evening,23,30914.41
602504,Diagnostics,Technician,Morning,5,142466.06
602505,Nursing,Manager,Evening,25,155275.75
602506,Emergency,Manager,Night,19,98781.23
602507,Administration,Nurse,Night,29,84936.92
602508,Emergency,Coordinator,Night,16,93164.35
602509,Administration,Coordinator,Evening,14,85338.98
602510,Surgery,Pharmacist,Morning,22,133440.42
602511,Nursing,Technician,Evening,0,45444.48
602512,Nursing,Nurse,Night,1,85349.48
602513,Emergency,Coordinator,Evening,11,51328.33
602514,Administration,Technician,Night,22,63400.18
602515,Surgery,Pharmacist,Morning,29,135453.74
602516,Pharmacy,Pharmacist,Night,26,138717.52
602517,Nursing,Nurse,Morning,21,127002.42
602518,Surgery,Manager,Evening,23,71229.59
602519,Surgery,Pharmacist,Night,12,120715.81
602520,Diagnostics,Technician,Morning,4,131363.99
602521,Diagnostics,Technician,Evening,2,104895.14
602522,Pharmacy,Nurse,Night,13,178331.55
602523,Administration,Manager,Evening,25,159951.99
602524,Diagnostics,Manager,Night,7,172897.78
602525,Nursing,Manager,Morning,29,155171.78
602526,Surgery,Manager,Morning,6,151015.22
602527,Nursing,Nurse,Night,17,59796.27
602528,Nursing,Technician,Evening,26,57675.91
602529,Nursing,Nurse,Night,23,173613.62
602530,Pharmacy,Manager,Evening,10,29214.88
602531,Administration,Nurse,Evening,27,127890.87
602532,Nursing,Technician,Night,3,147469.94
602533,Pharmacy,Assistant,Morning,2,86107.35
602534,Emergency,Nurse,Night,9,136827.03
602535,Administration,Pharmacist,Night,17,44427.59
602536,Surgery,Manager,Evening,13,102293.48
602537,Emergency,Coordinator,Evening,11,118738.93
602538,Pharmacy,Manager,Evening,20,68918.98
602539,Emergency,Technician,Night,24,97362.36
602540,Surgery,Pharmacist,Evening,9,32543.43
602541,Diagnostics,Technician,Evening,24,43863.18
602542,Diagnostics,Pharmacist,Evening,9,142042.56
602543,Diagnostics,Manager,Morning,0,109386.8
602544,Emergency,Nurse,Night,28,165219.1
602545,Emergency,Technician,Night,28,128786.5
602546,Pharmacy,Nurse,Night,16,62631.63
602547,Nursing,Nurse,Morning,11,91674.89
602548,Administration,Manager,Evening,17,27173.46
602549,Administration,Manager,Evening,5,25596
602550,Administration,Manager,Evening,24,145961.1
602551,Administration,Assistant,Morning,25,158394.05
602552,Pharmacy,Nurse,Morning,11,46677.67
602553,Diagnostics,Coordinator,Evening,2,59478.5
602554,Nursing,Coordinator,Night,17,59258.41
602555,Diagnostics,Coordinator,Evening,0,163496.74
602556,Surgery,Coordinator,Night,8,130091.64
602557,Administration,Nurse,Evening,12,57722.8
602558,Surgery,Assistant,Morning,28,28466.1
602559,Administration,Nurse,Morning,5,73182.74
602560,Surgery,Coordinator,Night,21,26174.75
602561,Diagnostics,Coordinator,Night,14,128889.65
602562,Emergency,Pharmacist,Night,28,138579.48
602563,Nursing,Technician,Morning,13,92332.8
602564,Nursing,Manager,Morning,22,39102.31
602565,Pharmacy,Nurse,Morning,2,99421.45
602566,Pharmacy,Pharmacist,Evening,10,137964.47
602567,Nursing,Pharmacist,Evening,23,58087.08
602568,Emergency,Assistant,Night,12,50233.42
602569,Nursing,Technician,Evening,0,25760.98
602570,Pharmacy,Nurse,Night,13,131178.4
602571,Administration,Nurse,Morning,5,26950.26
602572,Surgery,Assistant,Morning,30,164168.19
602573,Administration,Technician,Night,6,122519.77
602574,Nursing,Technician,Morning,12,129122.29
602575,Diagnostics,Coordinator,Morning,4,159076.57
602576,Nursing,Nurse,Night,10,162044.57
602577,Nursing,Technician,Evening,2,145456.25
602578,Administration,Coordinator,Night,7,28572.79
602579,Emergency,Assistant,Night,12,83177.8
602580,Emergency,Manager,Morning,30,71940.23
602581,Emergency,Assistant,Evening,21,112171.1
602582,Surgery,Nurse,Evening,16,88690.26
602583,Administration,Assistant,Morning,28,120083
602584,Nursing,Pharmacist,Morning,20,45294.27
602585,Pharmacy,Nurse,Morning,16,30407.58
602586,Emergency,Nurse,Morning,12,140226.81
602587,Emergency,Technician,Morning,2,107729.4
602588,Emergency,Pharmacist,Morning,25,115187.52
602589,Surgery,Assistant,Night,20,126321.49
602590,Administration,Manager,Morning,10,133018.23
602591,Nursing,Coordinator,Morning,18,44183.8
602592,Pharmacy,Coordinator,Morning,1,84663.6
602593,Pharmacy,Nurse,Night,21,78604.69
602594,Emergency,Assistant,Evening,11,117439.36
602595,Emergency,Technician,Night,5,76409.52
602596,Pharmacy,Manager,Morning,25,115283.33
602597,Administration,Assistant,Morning,15,28842.69
602598,Surgery,Nurse,Evening,25,121966.46
602599,Diagnostics,Manager,Morning,29,60395.9
602600,Nursing,Assistant,Night,19,145319.67
602601,Emergency,Nurse,Evening,29,115218.63
602602,Diagnostics,Coordinator,Evening,18,54644.52
602603,Surgery,Nurse,Evening,25,133726.49
602604,Administration,Nurse,Night,27,104101.52
602605,Diagnostics,Coordinator,Evening,1,104402.28
602606,Diagnostics,Technician,Morning,11,83041.4
602607,Emergency,Assistant,Morning,5,48270.7
602608,Administration,Nurse,Night,5,87944.17
602609,Surgery,Coordinator,Evening,11,53786.26
602610,Emergency,Assistant,Night,15,172639.14
602611,Nursing,Technician,Evening,20,28804.68
602612,Nursing,Assistant,Morning,8,34872.19
602613,Diagnostics,Assistant,Morning,15,38320.97
602614,Diagnostics,Manager,Morning,0,64186.58
602615,Diagnostics,Technician,Night,18,50930.69
602616,Nursing,Pharmacist,Morning,12,35583.1
602617,Administration,Manager,Evening,6,101898.27
602618,Emergency,Manager,Night,8,144621.47
602619,Diagnostics,Coordinator,Morning,25,94190.95
602620,Pharmacy,Coordinator,Evening,25,139295.91
602621,Emergency,Manager,Morning,17,80913.31
602622,Surgery,Nurse,Morning,15,152951.41
602623,Nursing,Technician,Morning,24,126374.74
602624,Emergency,Coordinator,Morning,4,39985.19
602625,Pharmacy,Assistant,Night,26,85568.19
602626,Administration,Assistant,Morning,14,138367.83
602627,Diagnostics,Nurse,Night,2,125960.02
602628,Emergency,Manager,Night,25,81062.43
602629,Diagnostics,Pharmacist,Morning,0,35685.64
602630,Pharmacy,Technician,Night,2,67838.62
602631,Emergency,Manager,Morning,28,131217.74
602632,Nursing,Manager,Morning,1,124352.02
602633,Surgery,Technician,Night,11,149565.91
602634,Nursing,Assistant,Morning,19,33796.31
602635,Administration,Nurse,Night,3,88462.31
602636,Diagnostics,Assistant,Evening,6,117546.68
602637,Emergency,Coordinator,Evening,5,100975.6
602638,Administration,Manager,Evening,5,163404.25
602639,Nursing,Pharmacist,Morning,3,82561.07
602640,Diagnostics,Technician,Morning,27,37203.65
602641,Nursing,Nurse,Evening,1,72147.07
602642,Diagnostics,Pharmacist,Morning,4,139759.58
602643,Surgery,Coordinator,Morning,16,125515.36
602644,Pharmacy,Pharmacist,Evening,24,159021.17
602645,Emergency,Pharmacist,Morning,7,66640.58
602646,Nursing,Pharmacist,Evening,16,94335.99
602647,Nursing,Nurse,Night,11,157196.73
602648,Nursing,Nurse,Evening,5,173649.04
602649,Nursing,Pharmacist,Morning,9,39906.38
602650,Pharmacy,Pharmacist,Morning,8,144394.11
602651,Emergency,Manager,Morning,1,161679.96
602652,Nursing,Assistant,Night,30,47787.94
602653,Pharmacy,Assistant,Night,26,42325.61
602654,Administration,Manager,Morning,29,107056.66
602655,Surgery,Manager,Evening,0,139139.31
602656,Nursing,Nurse,Evening,10,138848.84
602657,Pharmacy,Coordinator,Morning,10,47852.69
602658,Pharmacy,Manager,Evening,1,116757.48
602659,Emergency,Assistant,Night,26,145656.1
602660,Diagnostics,Technician,Night,9,167284.17
602661,Pharmacy,Pharmacist,Night,12,103585.27
602662,Pharmacy,Assistant,Evening,1,44933.96
602663,Surgery,Assistant,Morning,6,114076.15
602664,Pharmacy,Manager,Morning,4,133412.6
602665,Nursing,Nurse,Morning,9,62642.69
602666,Diagnostics,Assistant,Evening,18,176661.91
602667,Emergency,Nurse,Morning,26,101352.61
602668,Nursing,Manager,Evening,0,116442.28
602669,Nursing,Coordinator,Night,17,110488.32
602670,Pharmacy,Nurse,Evening,23,121969.22
602671,Emergency,Nurse,Evening,4,173673.05
602672,Surgery,Pharmacist,Morning,0,69727.93
602673,Diagnostics,Pharmacist,Night,28,131296.85
602674,Administration,Manager,Morning,21,75532.48
602675,Diagnostics,Manager,Morning,26,175252.96
602676,Pharmacy,Manager,Morning,5,31195.93
602677,Diagnostics,Nurse,Night,20,61197.94
602678,Surgery,Assistant,Morning,30,156521.97
602679,Emergency,Coordinator,Evening,12,138090.25
602680,Emergency,Manager,Morning,0,102351.9
602681,Pharmacy,Pharmacist,Morning,7,47341.05
602682,Pharmacy,Pharmacist,Evening,27,119032.53
602683,Pharmacy,Nurse,Night,10,58361.98
602684,Diagnostics,Manager,Evening,29,65318.47
602685,Surgery,Assistant,Morning,22,110324.78
602686,Surgery,Technician,Night,8,31529.66
602687,Nursing,Technician,Morning,2,156508.05
602688,Nursing,Nurse,Evening,20,109803.28
602689,Diagnostics,Assistant,Evening,26,55543.04
602690,Emergency,Manager,Evening,29,171826.37
602691,Surgery,Manager,Morning,20,44837.3
602692,Pharmacy,Technician,Evening,5,148743.86
602693,Administration,Coordinator,Morning,6,107619.8
602694,Surgery,Manager,Evening,23,158657.54
602695,Surgery,Coordinator,Night,30,162228.1
602696,Surgery,Assistant,Night,28,170720.13
602697,Emergency,Manager,Evening,0,106687.67
602698,Pharmacy,Pharmacist,Night,14,170632.42
602699,Pharmacy,Manager,Morning,22,151722.92
602700,Surgery,Pharmacist,Evening,28,89173.48
602701,Nursing,Technician,Evening,12,173467.93
602702,Nursing,Coordinator,Evening,0,140982.99
602703,Surgery,Manager,Night,22,140023.29
602704,Emergency,Pharmacist,Night,3,94062.4
602705,Nursing,Coordinator,Morning,6,170205.59
602706,Surgery,Nurse,Morning,15,130068.49
602707,Surgery,Manager,Morning,13,154219.79
602708,Pharmacy,Technician,Evening,25,144066.13
602709,Surgery,Assistant,Evening,9,46244.82
602710,Diagnostics,Pharmacist,Night,6,130256.38
602711,Nursing,Technician,Morning,15,106308.82
602712,Pharmacy,Technician,Morning,17,98770.97
602713,Nursing,Pharmacist,Evening,0,27137.9
602714,Pharmacy,Technician,Evening,28,161314.18
602715,Pharmacy,Manager,Night,27,83185.88
602716,Emergency,Technician,Night,12,178811.32
602717,Emergency,Manager,Night,13,40951.05
602718,Pharmacy,Nurse,Evening,15,57600.12
602719,Pharmacy,Nurse,Night,14,126849.34
602720,Surgery,Pharmacist,Night,7,117508.74
602721,Pharmacy,Assistant,Morning,19,153688.93
602722,Emergency,Technician,Evening,13,108912.85
602723,Diagnostics,Coordinator,Night,0,143695.8
602724,Nursing,Manager,Morning,16,109742.21
602725,Emergency,Assistant,Evening,14,103294.85
602726,Emergency,Manager,Evening,11,81879.46
602727,Emergency,Coordinator,Night,0,104101.06
602728,Nursing,Assistant,Night,6,50365.51
602729,Surgery,Coordinator,Evening,26,60140.24
602730,Diagnostics,Manager,Morning,14,66962.03
602731,Pharmacy,Assistant,Evening,23,81926.01
602732,Nursing,Nurse,Evening,15,108579.71
602733,Surgery,Technician,Morning,27,146559.5
602734,Administration,Nurse,Morning,0,160637.42
602735,Surgery,Nurse,Evening,24,155539.51
602736,Pharmacy,Coordinator,Evening,20,72502.42
602737,Nursing,Assistant,Morning,19,167794.09
602738,Administration,Assistant,Evening,8,170109.97
602739,Surgery,Manager,Night,6,127982.71
602740,Pharmacy,Pharmacist,Morning,1,121383.54
602741,Diagnostics,Coordinator,Night,26,111919.11
602742,Administration,Assistant,Night,22,114222.67
602743,Diagnostics,Nurse,Evening,12,162107.36
602744,Administration,Manager,Morning,15,166069.7
602745,Emergency,Coordinator,Night,28,141993.65
602746,Diagnostics,Coordinator,Morning,1,140205.6
602747,Emergency,Coordinator,Morning,14,85698.8
602748,Pharmacy,Nurse,Night,24,155036.89
602749,Surgery,Technician,Morning,21,33179.07
602750,Emergency,Pharmacist,Evening,10,87377.62
602751,Diagnostics,Pharmacist,Evening,28,172700.94
602752,Administration,Coordinator,Night,8,55202.53
602753,Administration,Nurse,Night,17,27145.27
602754,Administration,Coordinator,Night,9,130054.87
602755,Nursing,Technician,Night,20,93520.62
602756,Administration,Coordinator,Night,22,110137.41
602757,Emergency,Coordinator,Night,18,158823.39
602758,Emergency,Coordinator,Evening,14,131914.66
602759,Administration,Pharmacist,Morning,24,56703.98
602760,Administration,Coordinator,Night,16,164971.91
602761,Diagnostics,Nurse,Night,29,118264.53
602762,Administration,Coordinator,Night,26,86935.02
602763,Administration,Technician,Morning,6,26845.85
602764,Diagnostics,Assistant,Night,12,176734.19
602765,Nursing,Manager,Evening,8,111390.25
602766,Nursing,Pharmacist,Night,26,178271.41
602767,Pharmacy,Coordinator,Morning,19,172116.59
602768,Emergency,Pharmacist,Morning,20,123542.6
602769,Surgery,Manager,Evening,19,134053.75
602770,Administration,Pharmacist,Night,16,67162.69
602771,Diagnostics,Technician,Morning,26,154321.63
602772,Administration,Assistant,Night,22,155593.09
602773,Nursing,Manager,Morning,9,74415.98
602774,Diagnostics,Pharmacist,Evening,22,152547.78
602775,Administration,Coordinator,Evening,22,162172.97
602776,Administration,Technician,Morning,25,121910.67
602777,Administration,Technician,Night,28,116586.28
602778,Administration,Manager,Night,17,135057.25
602779,Nursing,Nurse,Morning,2,87820.62
602780,Pharmacy,Manager,Evening,16,163733.78
602781,Diagnostics,Nurse,Night,1,119794.71
602782,Pharmacy,Assistant,Morning,2,105533.19
602783,Emergency,Assistant,Evening,10,105911.7
602784,Surgery,Manager,Evening,8,68388.02
602785,Surgery,Technician,Night,18,152508
602786,Pharmacy,Pharmacist,Evening,8,158028.35
602787,Nursing,Manager,Night,3,128384.82
602788,Nursing,Assistant,Night,13,57261.27
602789,Emergency,Technician,Evening,27,112457.22
602790,Emergency,Nurse,Morning,25,137884.83
602791,Diagnostics,Coordinator,Evening,22,99413.07
602792,Pharmacy,Technician,Night,3,119814.7
602793,Administration,Manager,Evening,22,65937.86
602794,Diagnostics,Coordinator,Evening,9,30458.08
602795,Diagnostics,Manager,Night,22,127912.5
602796,Nursing,Manager,Morning,16,107963.82
602797,Administration,Nurse,Evening,26,162011.12
602798,Surgery,Coordinator,Evening,11,152584.39
602799,Pharmacy,Manager,Night,15,139788.84
602800,Pharmacy,Pharmacist,Evening,15,131368.57
602801,Diagnostics,Nurse,Night,15,131548.36
602802,Surgery,Coordinator,Morning,2,54584.48
602803,Pharmacy,Pharmacist,Evening,19,176100.24
602804,Emergency,Coordinator,Night,22,95951.71
602805,Emergency,Coordinator,Morning,18,127608.42
602806,Diagnostics,Pharmacist,Evening,12,123022.8
602807,Emergency,Manager,Evening,27,66176.71
602808,Surgery,Manager,Morning,14,158057.27
602809,Emergency,Manager,Night,23,65948.3
602810,Surgery,Pharmacist,Night,20,96370.31
602811,Surgery,Manager,Evening,9,56401
602812,Emergency,Coordinator,Morning,27,108205.2
602813,Emergency,Pharmacist,Night,4,77219.09
602814,Pharmacy,Technician,Morning,4,70140.32
602815,Nursing,Manager,Evening,28,170562.3
602816,Diagnostics,Coordinator,Morning,8,143246.21
602817,Nursing,Nurse,Evening,10,131209.2
602818,Nursing,Coordinator,Evening,11,137772.78
602819,Surgery,Technician,Night,27,87096.48
602820,Surgery,Nurse,Evening,21,86562.71
602821,Administration,Coordinator,Evening,22,67157.54
602822,Emergency,Assistant,Evening,8,37215.76
602823,Diagnostics,Pharmacist,Night,10,29293.22
602824,Nursing,Manager,Evening,15,30349.92
602825,Emergency,Nurse,Evening,30,102847.34
602826,Diagnostics,Manager,Evening,27,129549.55
602827,Administration,Pharmacist,Morning,4,144832.74
602828,Surgery,Assistant,Night,8,158455.21
602829,Nursing,Assistant,Evening,26,173991.94
602830,Administration,Manager,Evening,12,114125.78
602831,Nursing,Coordinator,Evening,21,123103.48
602832,Administration,Pharmacist,Morning,12,42108.63
602833,Emergency,Coordinator,Evening,16,150405.58
602834,Emergency,Manager,Night,6,58234.22
602835,Diagnostics,Pharmacist,Evening,0,121143.57
602836,Pharmacy,Pharmacist,Morning,11,36369.41
602837,Nursing,Nurse,Evening,22,121843.75
602838,Surgery,Pharmacist,Morning,10,179550.64
602839,Diagnostics,Coordinator,Evening,26,53471.69
602840,Emergency,Nurse,Night,14,107003.3
602841,Surgery,Manager,Morning,29,138331.1
602842,Emergency,Pharmacist,Night,26,115190.72
602843,Nursing,Technician,Evening,11,77606.44
602844,Pharmacy,Pharmacist,Evening,1,110473.09
602845,Diagnostics,Manager,Evening,21,27052.96
602846,Pharmacy,Manager,Morning,5,31837.37
602847,Pharmacy,Nurse,Night,10,125938.73
602848,Administration,Pharmacist,Morning,13,92865.51
602849,Diagnostics,Pharmacist,Evening,22,179055.43
602850,Pharmacy,Pharmacist,Night,8,26589.91
602851,Emergency,Nurse,Night,26,64857.14
602852,Surgery,Technician,Morning,25,87149.34
602853,Administration,Coordinator,Morning,2,157613.24
602854,Pharmacy,Technician,Night,5,148702.04
602855,Pharmacy,Coordinator,Morning,1,133545.12
602856,Pharmacy,Pharmacist,Evening,29,83527.52
602857,Administration,Assistant,Morning,14,103551.44
602858,Pharmacy,Nurse,Morning,10,126820.43
602859,Emergency,Nurse,Night,27,39765.77
602860,Diagnostics,Assistant,Evening,24,86332.03
602861,Surgery,Coordinator,Morning,4,92962.29
602862,Nursing,Manager,Night,4,159732.13
602863,Nursing,Pharmacist,Morning,28,54659.04
602864,Diagnostics,Manager,Morning,28,60048.5
602865,Diagnostics,Manager,Morning,23,66448.7
602866,Pharmacy,Nurse,Morning,25,140982.77
602867,Diagnostics,Technician,Morning,9,28692.93
602868,Diagnostics,Assistant,Night,25,177449.21
602869,Nursing,Coordinator,Morning,9,47228.04
602870,Emergency,Technician,Morning,27,174303.29
602871,Surgery,Pharmacist,Night,3,100033.98
602872,Administration,Pharmacist,Night,16,61873.81
602873,Surgery,Pharmacist,Night,20,162973.28
602874,Nursing,Nurse,Night,14,98476.7
602875,Nursing,Pharmacist,Evening,5,110703.23
602876,Administration,Coordinator,Morning,0,125214.38
602877,Pharmacy,Pharmacist,Evening,7,155511.9
602878,Administration,Nurse,Morning,21,176569.71
602879,Emergency,Pharmacist,Evening,27,76075.81
602880,Pharmacy,Pharmacist,Night,13,89403.14
602881,Nursing,Technician,Evening,14,129100.04
602882,Emergency,Coordinator,Night,16,28974.71
602883,Emergency,Pharmacist,Morning,9,90219.88
602884,Surgery,Coordinator,Evening,5,98706.49
602885,Emergency,Pharmacist,Evening,10,127938.92
602886,Surgery,Nurse,Evening,8,41299.28
602887,Administration,Manager,Night,11,169673.13
602888,Diagnostics,Assistant,Morning,25,90829.01
602889,Pharmacy,Manager,Morning,16,142930.7
602890,Pharmacy,Coordinator,Morning,17,131588.84
602891,Nursing,Nurse,Morning,20,82692.14
602892,Diagnostics,Pharmacist,Night,30,153597
602893,Diagnostics,Manager,Morning,24,174541.79
602894,Administration,Coordinator,Evening,28,42201.19
602895,Nursing,Nurse,Night,28,163011.51
602896,Emergency,Pharmacist,Morning,26,116597.54
602897,Diagnostics,Coordinator,Evening,24,160320.33
602898,Pharmacy,Technician,Evening,25,153342.06
602899,Nursing,Assistant,Night,0,44573.06
602900,Diagnostics,Pharmacist,Night,4,110692.32
602901,Nursing,Pharmacist,Morning,8,27351.71
602902,Administration,Manager,Evening,22,90694.22
602903,Diagnostics,Manager,Morning,26,76642.16
602904,Pharmacy,Coordinator,Night,29,35457.04
602905,Pharmacy,Coordinator,Night,21,78881.54
602906,Pharmacy,Pharmacist,Evening,11,142802.73
602907,Pharmacy,Coordinator,Night,1,171249.23
602908,Nursing,Technician,Morning,29,134626.43
602909,Diagnostics,Nurse,Morning,23,134666.88
602910,Administration,Pharmacist,Morning,16,145706.94
602911,Pharmacy,Technician,Morning,26,58555.75
602912,Nursing,Assistant,Night,24,108215.08
602913,Surgery,Coordinator,Morning,30,121288.01
602914,Diagnostics,Nurse,Evening,1,92957.85
602915,Emergency,Assistant,Evening,14,141353.06
602916,Administration,Nurse,Morning,27,60856.57
602917,Emergency,Technician,Evening,11,30007.18
602918,Pharmacy,Coordinator,Evening,14,148120.98
602919,Surgery,Pharmacist,Evening,22,50694.96
602920,Pharmacy,Coordinator,Night,12,54731.86
602921,Surgery,Pharmacist,Morning,30,55212.56
602922,Nursing,Coordinator,Morning,6,176565.89
602923,Nursing,Pharmacist,Night,19,133310.28
602924,Emergency,Nurse,Morning,2,147965.01
602925,Pharmacy,Coordinator,Evening,28,25445.3
602926,Surgery,Assistant,Morning,26,72452.56
602927,Diagnostics,Manager,Evening,27,156914.4
602928,Administration,Coordinator,Morning,20,97333.8
602929,Nursing,Technician,Night,20,86647.97
602930,Pharmacy,Manager,Morning,2,115435.88
602931,Surgery,Nurse,Evening,19,98476.79
602932,Administration,Pharmacist,Evening,14,127749.1
602933,Surgery,Manager,Evening,25,32708.28
602934,Pharmacy,Coordinator,Night,29,120131.21
602935,Surgery,Nurse,Evening,19,108394.38
602936,Nursing,Coordinator,Night,29,57407.33
602937,Emergency,Technician,Morning,11,149452.33
602938,Surgery,Technician,Evening,5,111445.42
602939,Surgery,Pharmacist,Evening,8,50389.3
602940,Surgery,Technician,Night,3,77449.15
602941,Nursing,Technician,Evening,25,69437.36
602942,Diagnostics,Pharmacist,Morning,12,135473.5
602943,Administration,Technician,Evening,27,97514.17
602944,Administration,Nurse,Morning,3,141644.59
602945,Emergency,Assistant,Morning,5,49067.47
602946,Diagnostics,Coordinator,Evening,3,139917.81
602947,Surgery,Coordinator,Evening,17,165738.64
602948,Emergency,Manager,Morning,2,30054.2
602949,Nursing,Technician,Morning,29,74879.68
602950,Surgery,Nurse,Night,17,54846.97
602951,Diagnostics,Manager,Evening,30,122322.2
602952,Diagnostics,Coordinator,Evening,25,135701.38
602953,Administration,Coordinator,Morning,3,71286.51
602954,Diagnostics,Technician,Evening,11,35214.94
602955,Diagnostics,Coordinator,Night,5,43906.53
602956,Diagnostics,Nurse,Morning,1,46554.54
602957,Emergency,Pharmacist,Evening,4,135254.54
602958,Surgery,Technician,Evening,19,109914.44
602959,Surgery,Technician,Morning,14,104964.11
602960,Diagnostics,Nurse,Night,6,49674.35
602961,Emergency,Manager,Night,19,65306.48
602962,Emergency,Manager,Evening,21,161435.86
602963,Surgery,Coordinator,Morning,17,165108.48
602964,Diagnostics,Assistant,Morning,29,146120.52
602965,Surgery,Pharmacist,Night,0,52118.76
602966,Emergency,Technician,Night,20,107091.02
602967,Pharmacy,Manager,Night,27,85765.15
602968,Nursing,Coordinator,Evening,2,107610.95
602969,Nursing,Nurse,Night,3,89967.01
602970,Nursing,Pharmacist,Night,17,30707.78
602971,Diagnostics,Assistant,Evening,3,170248.43
602972,Diagnostics,Nurse,Evening,8,47096.48
602973,Emergency,Pharmacist,Evening,15,178079.82
602974,Administration,Coordinator,Evening,13,129923.37
602975,Surgery,Assistant,Evening,30,75929.4
602976,Administration,Assistant,Morning,6,75596.69
602977,Nursing,Manager,Morning,15,54280.02
602978,Nursing,Pharmacist,Evening,26,143123.74
602979,Surgery,Manager,Night,7,72645.38
602980,Diagnostics,Assistant,Night,5,46529.8
602981,Emergency,Technician,Morning,8,161657.11
602982,Emergency,Pharmacist,Morning,30,64162.38
602983,Administration,Pharmacist,Morning,6,161439.87
602984,Emergency,Coordinator,Morning,13,27645.14
602985,Pharmacy,Nurse,Night,8,146467.43
602986,Surgery,Manager,Evening,15,159415.21
602987,Surgery,Manager,Morning,24,62598.56
602988,Pharmacy,Pharmacist,Night,29,107262.93
602989,Diagnostics,Assistant,Night,23,111550.89
602990,Diagnostics,Manager,Evening,20,47802.16
602991,Pharmacy,Assistant,Evening,22,118127.36
602992,Pharmacy,Nurse,Evening,23,88515.59
602993,Emergency,Manager,Morning,26,39456.93
602994,Emergency,Coordinator,Night,26,80196.34
602995,Pharmacy,Assistant,Night,27,117044.11
602996,Administration,Nurse,Night,10,153422.63
602997,Pharmacy,Technician,Evening,27,149272.12
602998,Nursing,Technician,Evening,25,115263.47
602999,Surgery,Nurse,Night,0,42517.4
603000,Emergency,Assistant,Night,8,155663.59
603001,Emergency,Pharmacist,Morning,12,161543.97
603002,Administration,Coordinator,Evening,26,67796.96
603003,Pharmacy,Coordinator,Morning,19,56617.12
603004,Administration,Assistant,Evening,17,42674.38
603005,Surgery,Technician,Morning,10,169043.51
603006,Nursing,Coordinator,Night,27,51690.3
603007,Pharmacy,Coordinator,Evening,8,127545.74
603008,Diagnostics,Nurse,Night,17,112352.4
603009,Pharmacy,Technician,Evening,28,129052.2
603010,Emergency,Coordinator,Night,8,145335.86
603011,Diagnostics,Manager,Night,14,50926.65
603012,Nursing,Pharmacist,Night,29,153059.01
603013,Pharmacy,Technician,Evening,15,135084.13
603014,Administration,Technician,Night,13,73059.05
603015,Nursing,Nurse,Evening,8,161200.24
603016,Administration,Pharmacist,Evening,24,52583.4
603017,Nursing,Technician,Morning,16,145629.88
603018,Emergency,Assistant,Morning,26,150398.14
603019,Surgery,Coordinator,Morning,27,87492.89
603020,Pharmacy,Assistant,Morning,4,76046.36
603021,Emergency,Coordinator,Evening,28,67385.85
603022,Nursing,Coordinator,Morning,27,117384.08
603023,Surgery,Technician,Morning,21,74609.14
603024,Nursing,Assistant,Night,9,84136.46
603025,Pharmacy,Coordinator,Morning,14,137633.96
603026,Administration,Manager,Night,4,170390.25
603027,Administration,Pharmacist,Morning,22,141286.42
603028,Administration,Nurse,Morning,28,134077.41
603029,Surgery,Manager,Night,16,118041.29
603030,Administration,Technician,Morning,9,146600.57
603031,Diagnostics,Coordinator,Evening,30,141514.06
603032,Pharmacy,Manager,Evening,3,139140.76
603033,Emergency,Pharmacist,Morning,17,107620.06
603034,Nursing,Assistant,Evening,8,79228.48
603035,Nursing,Pharmacist,Night,26,135684.39
603036,Pharmacy,Manager,Evening,24,165723.01
603037,Emergency,Nurse,Night,21,61478.87
603038,Surgery,Pharmacist,Evening,0,46110.82
603039,Pharmacy,Nurse,Morning,5,103773.91
603040,Nursing,Technician,Evening,28,101723.94
603041,Emergency,Coordinator,Evening,22,51631.44
603042,Diagnostics,Pharmacist,Morning,7,77425.79
603043,Administration,Pharmacist,Night,1,168718.69
603044,Surgery,Assistant,Night,2,119226
603045,Emergency,Nurse,Night,16,73487.8
603046,Nursing,Pharmacist,Night,4,110479.85
603047,Emergency,Assistant,Morning,14,25679.12
603048,Pharmacy,Nurse,Morning,13,76637.75
603049,Nursing,Manager,Evening,7,65963.99
603050,Surgery,Assistant,Morning,7,66355.75
603051,Surgery,Technician,Night,5,33782.99
603052,Pharmacy,Assistant,Morning,6,102059.59
603053,Nursing,Pharmacist,Night,15,57535.57
603054,Emergency,Assistant,Night,20,71044.77
603055,Emergency,Manager,Night,5,128249.28
603056,Nursing,Pharmacist,Night,12,127199.5
603057,Pharmacy,Assistant,Night,5,115796.68
603058,Pharmacy,Coordinator,Morning,6,140842.51
603059,Administration,Manager,Evening,11,143740.94
603060,Nursing,Pharmacist,Evening,18,171810.39
603061,Diagnostics,Pharmacist,Evening,17,121328.15
603062,Pharmacy,Assistant,Night,7,51506.9
603063,Emergency,Manager,Night,21,108126.66
603064,Nursing,Technician,Morning,27,90750.8
603065,Pharmacy,Technician,Evening,6,111643.67
603066,Emergency,Nurse,Evening,7,159705.19
603067,Pharmacy,Assistant,Evening,18,149096.77
603068,Surgery,Manager,Evening,13,145145.49
603069,Emergency,Assistant,Morning,10,102089.8
603070,Surgery,Coordinator,Morning,9,143909.58
603071,Pharmacy,Assistant,Night,8,75925.7
603072,Pharmacy,Assistant,Morning,7,87021.36
603073,Administration,Coordinator,Night,30,141735.41
603074,Nursing,Manager,Morning,23,58516.67
603075,Emergency,Pharmacist,Night,3,154414.12
603076,Administration,Technician,Evening,6,81541.58
603077,Nursing,Pharmacist,Morning,4,84905.96
603078,Nursing,Assistant,Night,13,133922.06
603079,Diagnostics,Manager,Night,18,146427.86
603080,Emergency,Manager,Morning,4,139023.48
603081,Diagnostics,Technician,Morning,14,141637.18
603082,Nursing,Nurse,Morning,24,49855.23
603083,Diagnostics,Nurse,Morning,28,56303.36
603084,Administration,Assistant,Evening,23,168061.02
603085,Emergency,Assistant,Night,21,109932.51
603086,Emergency,Nurse,Evening,5,68649.16
603087,Diagnostics,Manager,Evening,22,97287.92
603088,Emergency,Assistant,Evening,27,127866.32
603089,Surgery,Pharmacist,Evening,18,170498.61
603090,Diagnostics,Pharmacist,Morning,11,142675.16
603091,Pharmacy,Technician,Night,8,53379.26
603092,Diagnostics,Technician,Morning,14,100322.41
603093,Nursing,Coordinator,Night,29,116518.63
603094,Administration,Manager,Night,13,77022.81
603095,Nursing,Assistant,Night,22,169353.69
603096,Administration,Manager,Evening,2,161476.5
603097,Administration,Assistant,Morning,14,55187.42
603098,Diagnostics,Nurse,Morning,18,97256.54
603099,Emergency,Nurse,Morning,27,47822.07
603100,Diagnostics,Nurse,Morning,26,56965.32
603101,Surgery,Nurse,Evening,20,92925.69
603102,Pharmacy,Assistant,Morning,30,123626.39
603103,Diagnostics,Nurse,Morning,1,122235.94
603104,Pharmacy,Technician,Morning,24,109395.73
603105,Diagnostics,Pharmacist,Morning,10,98374.22
603106,Pharmacy,Nurse,Morning,1,58679.59
603107,Diagnostics,Assistant,Morning,21,162262.14
603108,Emergency,Pharmacist,Night,20,82618.98
603109,Surgery,Pharmacist,Evening,20,90262.81
603110,Pharmacy,Nurse,Morning,14,161354.98
603111,Pharmacy,Pharmacist,Evening,5,31368.27
603112,Pharmacy,Nurse,Evening,4,96371.72
603113,Surgery,Manager,Evening,11,58569.52
603114,Pharmacy,Assistant,Morning,19,111716.97
603115,Emergency,Nurse,Evening,21,161670.41
603116,Administration,Nurse,Night,30,57764.1
603117,Diagnostics,Assistant,Evening,25,173782.24
603118,Pharmacy,Nurse,Evening,16,147633.82
603119,Diagnostics,Nurse,Morning,20,50332.79
603120,Administration,Assistant,Morning,3,117296.47
603121,Pharmacy,Technician,Morning,20,71353.23
603122,Diagnostics,Nurse,Night,6,78674.3
603123,Emergency,Nurse,Evening,19,179303.44
603124,Nursing,Nurse,Morning,19,25868.87
603125,Surgery,Coordinator,Morning,12,105552.05
603126,Pharmacy,Assistant,Morning,0,50626.02
603127,Administration,Manager,Evening,17,169090.56
603128,Surgery,Assistant,Morning,25,68562.03
603129,Pharmacy,Manager,Evening,4,74459.7
603130,Pharmacy,Technician,Evening,16,160966.24
603131,Administration,Coordinator,Morning,12,102572.92
603132,Diagnostics,Coordinator,Night,14,108307.38
603133,Pharmacy,Coordinator,Night,2,140796.56
603134,Nursing,Assistant,Evening,30,68787.27
603135,Pharmacy,Manager,Night,18,56197.52
603136,Administration,Coordinator,Night,3,28312.72
603137,Emergency,Technician,Evening,6,59471.18
603138,Diagnostics,Technician,Morning,29,145888.93
603139,Pharmacy,Coordinator,Night,1,101958.92
603140,Administration,Pharmacist,Morning,12,102584.64
603141,Pharmacy,Coordinator,Night,20,172979.29
603142,Surgery,Coordinator,Evening,14,82146.09
603143,Diagnostics,Pharmacist,Morning,13,60923.04
603144,Diagnostics,Manager,Morning,16,122489.93
603145,Emergency,Assistant,Morning,17,27017.3
603146,Emergency,Pharmacist,Night,27,168520.69
603147,Administration,Manager,Morning,3,56809.48
603148,Administration,Manager,Morning,3,110373.02
603149,Nursing,Coordinator,Evening,4,67608.77
603150,Pharmacy,Coordinator,Evening,2,54525.02
603151,Emergency,Coordinator,Night,22,164679.26
603152,Administration,Pharmacist,Night,26,139303.7
603153,Administration,Pharmacist,Night,7,69975.76
603154,Nursing,Assistant,Morning,6,100223.86
603155,Emergency,Nurse,Evening,5,79257.06
603156,Nursing,Coordinator,Night,30,168582.13
603157,Pharmacy,Technician,Night,0,105040.87
603158,Surgery,Nurse,Evening,2,67856.85
603159,Surgery,Technician,Morning,29,148191.14
603160,Emergency,Nurse,Evening,28,56122.32
603161,Nursing,Pharmacist,Night,30,129659.99
603162,Emergency,Manager,Evening,22,47285.15
603163,Surgery,Manager,Evening,29,104961.12
603164,Administration,Coordinator,Morning,20,115923.08
603165,Surgery,Assistant,Evening,2,127915.05
603166,Administration,Pharmacist,Night,24,63892.66
603167,Pharmacy,Pharmacist,Night,21,159571.4
603168,Emergency,Pharmacist,Evening,5,123028.05
603169,Surgery,Manager,Evening,18,81872.66
603170,Administration,Technician,Night,18,39480.35
603171,Emergency,Coordinator,Night,22,105992.62
603172,Diagnostics,Manager,Evening,26,132376.44
603173,Emergency,Assistant,Night,1,167441.44
603174,Surgery,Coordinator,Evening,3,169245.94
603175,Nursing,Assistant,Morning,30,50000.27
603176,Pharmacy,Technician,Night,20,87612.84
603177,Diagnostics,Manager,Evening,3,81907.44
603178,Diagnostics,Technician,Evening,11,41543.41
603179,Pharmacy,Coordinator,Morning,3,123197.97
603180,Nursing,Assistant,Morning,7,175789.4
603181,Administration,Nurse,Night,12,159341.07
603182,Surgery,Technician,Evening,3,38955.06
603183,Pharmacy,Coordinator,Night,18,61597.04
603184,Surgery,Pharmacist,Morning,2,118152.23
603185,Surgery,Pharmacist,Evening,24,117819.48
603186,Administration,Technician,Night,23,153987.89
603187,Emergency,Nurse,Night,17,114123.36
603188,Diagnostics,Coordinator,Night,30,129935.97
603189,Pharmacy,Nurse,Morning,26,162969.88
603190,Administration,Manager,Night,13,85985.46
603191,Administration,Assistant,Evening,10,162994.46
603192,Emergency,Manager,Morning,21,178829.38
603193,Pharmacy,Technician,Evening,26,179046.11
603194,Administration,Manager,Evening,18,179134.39
603195,Nursing,Technician,Night,22,72403.61
603196,Surgery,Technician,Evening,3,59277.95
603197,Pharmacy,Assistant,Morning,12,85146.86
603198,Pharmacy,Assistant,Morning,28,72723.07
603199,Administration,Coordinator,Evening,2,69351.48
603200,Pharmacy,Coordinator,Morning,27,56566.73
603201,Administration,Coordinator,Night,29,149188.43
603202,Diagnostics,Pharmacist,Morning,5,85740.55
603203,Diagnostics,Assistant,Evening,0,32994.11
603204,Diagnostics,Assistant,Evening,12,160877.78
603205,Emergency,Pharmacist,Evening,18,80950.45
603206,Administration,Technician,Morning,0,79334.92
603207,Surgery,Coordinator,Night,11,97517.79
603208,Emergency,Assistant,Evening,13,142445.89
603209,Surgery,Technician,Evening,18,146343.48
603210,Pharmacy,Technician,Evening,10,107482.27
603211,Surgery,Coordinator,Evening,15,90512.34
603212,Pharmacy,Manager,Night,13,51362.22
603213,Administration,Technician,Morning,10,89010.51
603214,Surgery,Manager,Evening,11,62575.98
603215,Nursing,Nurse,Evening,12,50891.81
603216,Surgery,Manager,Night,23,153098.7
603217,Emergency,Pharmacist,Night,9,82423.39
603218,Nursing,Technician,Morning,18,142227.43
603219,Nursing,Technician,Night,29,135787.13
603220,Nursing,Coordinator,Evening,1,63448.81
603221,Emergency,Nurse,Night,2,108749.72
603222,Emergency,Assistant,Evening,9,44120.14
603223,Diagnostics,Technician,Morning,1,140843.03
603224,Emergency,Manager,Evening,20,59072.35
603225,Diagnostics,Technician,Morning,5,123493.89
603226,Pharmacy,Assistant,Evening,26,140779.74
603227,Pharmacy,Assistant,Morning,16,175044.89
603228,Pharmacy,Nurse,Morning,23,160843.31
603229,Emergency,Coordinator,Evening,14,144095.99
603230,Pharmacy,Pharmacist,Morning,24,98726.61
603231,Diagnostics,Pharmacist,Morning,11,130975.39
603232,Nursing,Manager,Morning,29,69805.56
603233,Diagnostics,Technician,Morning,0,136308.97
603234,Emergency,Coordinator,Night,27,89327.46
603235,Surgery,Pharmacist,Morning,6,25830.2
603236,Nursing,Assistant,Morning,25,129678.78
603237,Diagnostics,Manager,Evening,14,173835.97
603238,Pharmacy,Technician,Night,11,57059.17
603239,Diagnostics,Assistant,Night,6,66845.04
603240,Pharmacy,Technician,Morning,26,53291.13
603241,Emergency,Coordinator,Night,12,151259.27
603242,Nursing,Assistant,Night,27,156497.11
603243,Emergency,Pharmacist,Evening,30,176596.89
603244,Pharmacy,Technician,Morning,16,129866.85
603245,Emergency,Manager,Morning,15,116721.33
603246,Emergency,Technician,Evening,24,94200.53
603247,Administration,Technician,Night,3,152141.5
603248,Administration,Pharmacist,Night,29,172164.05
603249,Nursing,Coordinator,Morning,11,70570.44
603250,Administration,Manager,Evening,23,37782.25
603251,Emergency,Nurse,Night,17,128996.09
603252,Diagnostics,Coordinator,Night,25,112254.29
603253,Pharmacy,Manager,Night,7,178203.95
603254,Diagnostics,Manager,Evening,13,59168.55
603255,Emergency,Nurse,Morning,7,153588.96
603256,Pharmacy,Pharmacist,Morning,24,169636.82
603257,Administration,Technician,Evening,15,165764.45
603258,Pharmacy,Technician,Night,10,96071.65
603259,Diagnostics,Manager,Night,1,25031.43
603260,Pharmacy,Technician,Morning,14,145169.62
603261,Administration,Coordinator,Morning,7,29021.02
603262,Emergency,Manager,Evening,28,124569.8
603263,Surgery,Technician,Evening,26,89105.99
603264,Nursing,Coordinator,Evening,14,153663.79
603265,Diagnostics,Nurse,Evening,9,57884.59
603266,Diagnostics,Coordinator,Morning,22,34224.7
603267,Emergency,Nurse,Evening,30,46389.79
603268,Diagnostics,Nurse,Evening,20,148261.47
603269,Diagnostics,Coordinator,Morning,6,97774.53
603270,Pharmacy,Technician,Evening,0,117860.85
603271,Administration,Technician,Evening,23,98190.26
603272,Administration,Assistant,Night,17,120486.57
603273,Diagnostics,Technician,Morning,28,75421.76
603274,Emergency,Pharmacist,Evening,20,130824.91
603275,Pharmacy,Technician,Night,3,39116.7
603276,Pharmacy,Nurse,Morning,16,25831.1
603277,Pharmacy,Technician,Night,21,115855.02
603278,Nursing,Technician,Evening,28,157824.12
603279,Administration,Nurse,Night,29,174599.56
603280,Emergency,Assistant,Morning,24,145633.38
603281,Surgery,Pharmacist,Evening,4,88264.27
603282,Surgery,Assistant,Night,5,150536.3
603283,Nursing,Coordinator,Night,8,72070.88
603284,Nursing,Technician,Morning,17,122829.7
603285,Diagnostics,Manager,Night,1,57879.98
603286,Pharmacy,Pharmacist,Evening,4,48696.12
603287,Administration,Technician,Night,4,85680.38
603288,Administration,Manager,Evening,11,174966.22
603289,Diagnostics,Assistant,Night,12,109114.82
603290,Administration,Technician,Evening,18,73189.79
603291,Diagnostics,Nurse,Evening,0,51041.98
603292,Diagnostics,Technician,Evening,14,43775.81
603293,Nursing,Nurse,Night,0,78257.17
603294,Diagnostics,Manager,Evening,24,134702.08
603295,Pharmacy,Pharmacist,Night,11,155919.19
603296,Administration,Assistant,Evening,15,134247.8
603297,Diagnostics,Coordinator,Morning,2,119563.87
603298,Diagnostics,Coordinator,Evening,8,52493.52
603299,Administration,Nurse,Night,23,47778.45
603300,Emergency,Assistant,Evening,19,30497.3
603301,Surgery,Assistant,Evening,22,59247.74
603302,Emergency,Pharmacist,Morning,6,71170.09
603303,Diagnostics,Technician,Morning,22,96749.46
603304,Pharmacy,Pharmacist,Evening,19,164364.95
603305,Administration,Technician,Morning,25,42698.4
603306,Nursing,Coordinator,Evening,17,83495.68
603307,Administration,Technician,Night,26,155916.46
603308,Emergency,Pharmacist,Morning,11,176678.64
603309,Nursing,Manager,Evening,16,29636.33
603310,Administration,Nurse,Morning,26,70390.88
603311,Pharmacy,Technician,Evening,26,88258.06
603312,Surgery,Coordinator,Morning,9,39436.16
603313,Administration,Nurse,Morning,21,47769.95
603314,Diagnostics,Coordinator,Evening,20,63660.96
603315,Surgery,Nurse,Morning,16,56106.38
603316,Pharmacy,Nurse,Night,25,94965.4
603317,Emergency,Coordinator,Night,21,112947.58
603318,Pharmacy,Nurse,Evening,21,51814.43
603319,Administration,Coordinator,Morning,0,177941.85
603320,Diagnostics,Nurse,Evening,5,67413.2
603321,Diagnostics,Pharmacist,Morning,1,53712.8
603322,Diagnostics,Coordinator,Evening,11,46149.51
603323,Diagnostics,Technician,Evening,19,134795.23
603324,Administration,Manager,Night,30,80764.21
603325,Emergency,Manager,Night,17,73548.78
603326,Diagnostics,Assistant,Morning,7,60059.97
603327,Nursing,Pharmacist,Evening,2,87872.83
603328,Surgery,Technician,Evening,27,77429.2
603329,Emergency,Coordinator,Night,20,100803.72
603330,Diagnostics,Technician,Evening,6,58902.65
603331,Emergency,Coordinator,Evening,7,42986.61
603332,Nursing,Coordinator,Evening,6,88918.84
603333,Surgery,Nurse,Morning,27,127928.28
603334,Pharmacy,Nurse,Morning,5,93849.6
603335,Pharmacy,Nurse,Evening,26,71919.09
603336,Nursing,Nurse,Morning,1,161636.85
603337,Pharmacy,Manager,Morning,19,80359.95
603338,Emergency,Assistant,Night,22,139497.63
603339,Pharmacy,Manager,Morning,3,58727.01
603340,Administration,Pharmacist,Evening,3,73919.36
603341,Emergency,Nurse,Morning,16,28982.15
603342,Emergency,Pharmacist,Evening,25,35911.94
603343,Surgery,Coordinator,Night,0,124893.15
603344,Nursing,Assistant,Evening,30,174005.52
603345,Pharmacy,Technician,Night,20,142893.02
603346,Pharmacy,Technician,Night,1,28599.12
603347,Nursing,Manager,Morning,10,116755.24
603348,Emergency,Technician,Morning,27,123913.94
603349,Pharmacy,Nurse,Evening,23,37844.96
603350,Surgery,Technician,Night,5,139648.01
603351,Nursing,Nurse,Night,13,65692.31
603352,Administration,Coordinator,Morning,4,66706.85
603353,Administration,Manager,Evening,18,93369.57
603354,Administration,Nurse,Morning,1,82046.34
603355,Administration,Technician,Evening,21,170425.97
603356,Surgery,Coordinator,Night,14,81714.2
603357,Nursing,Technician,Morning,2,44154.22
603358,Administration,Assistant,Evening,1,27194.03
603359,Surgery,Manager,Evening,13,152385.97
603360,Surgery,Manager,Night,15,81438.53
603361,Pharmacy,Technician,Morning,17,136541.4
603362,Administration,Pharmacist,Evening,28,160715.46
603363,Emergency,Technician,Evening,7,89526.46
603364,Administration,Assistant,Morning,15,112693.35
603365,Emergency,Pharmacist,Night,18,30999.44
603366,Nursing,Manager,Night,17,161244.72
603367,Surgery,Manager,Evening,25,143614.66
603368,Diagnostics,Assistant,Night,30,140612.03
603369,Administration,Manager,Evening,5,104079.69
603370,Administration,Nurse,Morning,23,71513.68
603371,Diagnostics,Nurse,Evening,20,55249.94
603372,Surgery,Pharmacist,Evening,22,142040.11
603373,Surgery,Technician,Morning,26,172086.57
603374,Pharmacy,Manager,Morning,30,52514.83
603375,Surgery,Assistant,Night,28,166493.32
603376,Diagnostics,Manager,Night,17,147406.44
603377,Emergency,Technician,Evening,12,169730.14
603378,Pharmacy,Technician,Morning,19,154488.13
603379,Nursing,Assistant,Night,26,179334.66
603380,Administration,Pharmacist,Evening,10,167140.9
603381,Nursing,Manager,Morning,25,47848.66
603382,Pharmacy,Manager,Night,23,144513.91
603383,Nursing,Technician,Evening,19,108933.57
603384,Administration,Pharmacist,Evening,7,160539.98
603385,Surgery,Manager,Night,3,175741.65
603386,Surgery,Manager,Evening,14,126290.05
603387,Diagnostics,Assistant,Evening,7,82833.04
603388,Emergency,Assistant,Morning,15,142974.85
603389,Administration,Manager,Evening,30,101413.41
603390,Diagnostics,Assistant,Evening,28,57215.67
603391,Diagnostics,Assistant,Night,19,83038.18
603392,Emergency,Manager,Morning,5,99022.46
603393,Nursing,Nurse,Night,21,125430.12
603394,Nursing,Manager,Night,5,162258.01
603395,Emergency,Assistant,Morning,3,178089.81
603396,Diagnostics,Technician,Night,23,122495.99
603397,Emergency,Assistant,Night,23,129266.44
603398,Administration,Pharmacist,Morning,4,73345.97
603399,Administration,Nurse,Morning,0,32327.42
603400,Pharmacy,Pharmacist,Morning,0,147307.21
603401,Surgery,Nurse,Morning,9,150283.8
603402,Administration,Nurse,Morning,23,161698.83
603403,Diagnostics,Pharmacist,Evening,29,72490.99
603404,Diagnostics,Nurse,Evening,20,123670.79
603405,Administration,Coordinator,Night,14,69499.82
603406,Emergency,Manager,Evening,5,62110.21
603407,Pharmacy,Technician,Night,10,173022.17
603408,Nursing,Nurse,Night,21,100060.7
603409,Emergency,Assistant,Evening,1,45476.85
603410,Pharmacy,Manager,Morning,20,91435.41
603411,Surgery,Manager,Morning,10,165296.94
603412,Diagnostics,Assistant,Night,26,87220.08
603413,Diagnostics,Assistant,Night,14,64532.63
603414,Administration,Pharmacist,Evening,28,161274.38
603415,Nursing,Technician,Night,22,80395.96
603416,Diagnostics,Coordinator,Evening,3,123656.61
603417,Surgery,Technician,Night,8,109984.49
603418,Diagnostics,Coordinator,Morning,24,175843.11
603419,Surgery,Nurse,Evening,14,110384.57
603420,Administration,Pharmacist,Night,22,59104.67
603421,Nursing,Assistant,Night,14,56779.19
603422,Nursing,Technician,Morning,7,78848.33
603423,Pharmacy,Nurse,Evening,5,146676.28
603424,Surgery,Assistant,Morning,8,104373.98
603425,Nursing,Manager,Morning,14,56513.11
603426,Emergency,Pharmacist,Night,9,105479.8
603427,Pharmacy,Manager,Night,21,67890.14
603428,Surgery,Pharmacist,Evening,0,84123.39
603429,Administration,Nurse,Night,29,159346.01
603430,Pharmacy,Nurse,Night,4,66622.68
603431,Pharmacy,Nurse,Morning,3,76296.34
603432,Pharmacy,Technician,Morning,26,64265.84
603433,Diagnostics,Assistant,Night,6,161587.91
603434,Administration,Nurse,Morning,12,45266.6
603435,Emergency,Assistant,Evening,22,36097.84
603436,Surgery,Pharmacist,Evening,19,62386.65
603437,Emergency,Nurse,Morning,8,48283.92
603438,Nursing,Assistant,Morning,7,82362.59
603439,Pharmacy,Assistant,Morning,7,50026.83
603440,Diagnostics,Pharmacist,Night,26,40617.23
603441,Diagnostics,Nurse,Evening,17,44176.82
603442,Surgery,Pharmacist,Morning,15,107321
603443,Pharmacy,Pharmacist,Morning,1,49139.66
603444,Pharmacy,Manager,Evening,7,125519.1
603445,Nursing,Manager,Morning,27,118621.63
603446,Nursing,Coordinator,Night,19,110257.45
603447,Nursing,Manager,Morning,16,160548.34
603448,Emergency,Manager,Night,30,83630.02
603449,Diagnostics,Manager,Evening,6,127665.63
603450,Diagnostics,Technician,Night,7,121401.73
603451,Surgery,Technician,Night,21,71352.05
603452,Nursing,Assistant,Night,12,44191.77
603453,Diagnostics,Technician,Evening,22,54707.65
603454,Pharmacy,Coordinator,Night,23,54313.56
603455,Administration,Technician,Evening,29,179609.22
603456,Administration,Coordinator,Morning,10,41352.22
603457,Administration,Assistant,Morning,23,40598.03
603458,Surgery,Nurse,Night,13,137675.43
603459,Diagnostics,Technician,Morning,21,54863.4
603460,Nursing,Manager,Morning,15,86662.03
603461,Administration,Nurse,Night,20,149638.08
603462,Diagnostics,Technician,Night,29,42025.31
603463,Pharmacy,Pharmacist,Morning,29,169254.77
603464,Administration,Assistant,Night,6,106865.46
603465,Administration,Manager,Night,26,146225.3
603466,Emergency,Manager,Morning,17,143403.86
603467,Administration,Pharmacist,Morning,19,144675.52
603468,Diagnostics,Coordinator,Night,11,137072.05
603469,Nursing,Technician,Morning,10,93523.84
603470,Diagnostics,Assistant,Night,25,174351.51
603471,Surgery,Pharmacist,Evening,7,94365.44
603472,Pharmacy,Manager,Morning,4,121594.2
603473,Nursing,Assistant,Night,7,139676.43
603474,Administration,Nurse,Morning,7,110517.74
603475,Administration,Assistant,Evening,24,160781.13
603476,Surgery,Manager,Evening,25,58398.73
603477,Surgery,Pharmacist,Morning,17,53412.69
603478,Pharmacy,Pharmacist,Evening,10,158599.77
603479,Administration,Coordinator,Evening,10,55056.78
603480,Pharmacy,Nurse,Evening,26,117700.59
603481,Emergency,Nurse,Night,9,66106.85
603482,Surgery,Manager,Evening,14,50790.29
603483,Emergency,Technician,Morning,0,130244.87
603484,Nursing,Assistant,Night,13,136436.7
603485,Pharmacy,Coordinator,Morning,2,100172.95
603486,Administration,Nurse,Evening,0,83626.46
603487,Pharmacy,Nurse,Evening,12,91545.48
603488,Administration,Coordinator,Night,16,64570.11
603489,Administration,Manager,Night,4,81379.52
603490,Administration,Technician,Night,13,96272.29
603491,Surgery,Technician,Morning,13,147010.62
603492,Pharmacy,Coordinator,Evening,20,127620.83
603493,Diagnostics,Technician,Night,4,169510.33
603494,Surgery,Nurse,Evening,2,159840.52
603495,Diagnostics,Coordinator,Night,19,165998.69
603496,Pharmacy,Technician,Evening,10,33902.19
603497,Surgery,Nurse,Night,26,68905.81
603498,Diagnostics,Manager,Morning,15,66893.86
603499,Emergency,Technician,Evening,15,61085.8
603500,Surgery,Technician,Night,6,122675.64
603501,Emergency,Manager,Evening,8,42449.23
603502,Surgery,Nurse,Evening,24,145003.09
603503,Surgery,Pharmacist,Night,18,79854.33
603504,Pharmacy,Assistant,Morning,11,141715.96
603505,Emergency,Assistant,Night,23,132626.27
603506,Surgery,Coordinator,Night,10,119514.22
603507,Nursing,Nurse,Evening,3,145410.49
603508,Nursing,Pharmacist,Morning,5,48544.94
603509,Surgery,Technician,Evening,21,85835.59
603510,Emergency,Pharmacist,Morning,7,138032.79
603511,Administration,Assistant,Morning,2,94060.62
603512,Nursing,Manager,Night,23,136191.46
603513,Nursing,Pharmacist,Evening,18,132946.61
603514,Emergency,Coordinator,Night,25,84461.31
603515,Diagnostics,Technician,Night,30,108591.63
603516,Diagnostics,Pharmacist,Night,5,30199.19
603517,Administration,Assistant,Evening,1,163085.59
603518,Pharmacy,Pharmacist,Evening,26,41955.9
603519,Surgery,Manager,Evening,15,114256.86
603520,Administration,Assistant,Morning,29,170215.2
603521,Surgery,Pharmacist,Evening,12,75315.59
603522,Nursing,Coordinator,Evening,16,29360.46
603523,Emergency,Pharmacist,Morning,4,68190.98
603524,Pharmacy,Assistant,Morning,9,118900.74
603525,Nursing,Nurse,Evening,15,110190.94
603526,Diagnostics,Coordinator,Night,11,79444.45
603527,Administration,Nurse,Evening,17,115708.59
603528,Surgery,Assistant,Night,21,139311.86
603529,Diagnostics,Technician,Morning,6,100378.78
603530,Emergency,Coordinator,Evening,8,161595.92
603531,Pharmacy,Coordinator,Morning,2,41853.34
603532,Diagnostics,Pharmacist,Morning,15,27397.14
603533,Diagnostics,Manager,Morning,9,120960.07
603534,Surgery,Pharmacist,Evening,8,35351.49
603535,Nursing,Pharmacist,Morning,9,179293.54
603536,Nursing,Technician,Night,30,174892.54
603537,Diagnostics,Technician,Night,11,88803.47
603538,Administration,Pharmacist,Evening,25,30285.7
603539,Emergency,Assistant,Morning,27,154129.55
603540,Surgery,Nurse,Evening,15,60286.78
603541,Surgery,Nurse,Morning,3,50107.48
603542,Diagnostics,Manager,Evening,9,75920.15
603543,Nursing,Nurse,Night,25,84328
603544,Administration,Coordinator,Evening,3,125741.16
603545,Surgery,Nurse,Evening,4,121755.54
603546,Pharmacy,Coordinator,Morning,26,61928.49
603547,Diagnostics,Coordinator,Evening,25,84480.74
603548,Nursing,Pharmacist,Evening,30,133668.3
603549,Diagnostics,Pharmacist,Night,20,141698.55
603550,Nursing,Manager,Evening,9,85399.69
603551,Surgery,Nurse,Evening,23,139229.68
603552,Diagnostics,Pharmacist,Morning,1,120094.86
603553,Emergency,Technician,Evening,28,156393.19
603554,Emergency,Manager,Evening,14,142245.18
603555,Pharmacy,Technician,Morning,25,105784.75
603556,Surgery,Pharmacist,Night,16,66671.11
603557,Diagnostics,Technician,Night,27,160485.16
603558,Pharmacy,Assistant,Evening,25,150672.31
603559,Surgery,Manager,Morning,1,37741.91
603560,Administration,Nurse,Evening,23,50076.46
603561,Nursing,Coordinator,Morning,20,58819.12
603562,Pharmacy,Technician,Evening,25,86746.02
603563,Diagnostics,Nurse,Night,29,64003
603564,Nursing,Coordinator,Morning,26,63029.15
603565,Emergency,Assistant,Morning,29,29831.27
603566,Emergency,Assistant,Evening,7,116058.42
603567,Emergency,Assistant,Night,2,73232.81
603568,Surgery,Technician,Morning,16,37041.88
603569,Diagnostics,Technician,Morning,2,50720.29
603570,Diagnostics,Pharmacist,Morning,21,41577.61
603571,Emergency,Pharmacist,Evening,16,72911.44
603572,Diagnostics,Manager,Morning,15,116801.22
603573,Surgery,Assistant,Night,27,67818.07
603574,Pharmacy,Technician,Evening,5,133310.19
603575,Pharmacy,Technician,Evening,25,93917.11
603576,Pharmacy,Nurse,Night,12,57396.92
603577,Nursing,Assistant,Morning,5,98957.78
603578,Administration,Coordinator,Evening,13,38834.58
603579,Nursing,Coordinator,Morning,23,89806.12
603580,Administration,Pharmacist,Night,6,141597.06
603581,Nursing,Pharmacist,Evening,8,31473.68
603582,Diagnostics,Nurse,Night,11,48113.08
603583,Nursing,Manager,Night,1,26242.68
603584,Emergency,Pharmacist,Evening,7,46687.08
603585,Surgery,Technician,Night,23,40695.15
603586,Emergency,Technician,Morning,24,115620.48
603587,Diagnostics,Nurse,Morning,3,151304
603588,Pharmacy,Technician,Evening,6,87445.31
603589,Nursing,Technician,Morning,4,134452.66
603590,Administration,Manager,Evening,4,62815.26
603591,Administration,Assistant,Morning,26,100751.2
603592,Administration,Nurse,Night,25,75467.31
603593,Pharmacy,Coordinator,Night,28,160842.2
603594,Pharmacy,Manager,Morning,6,86249.7
603595,Pharmacy,Pharmacist,Night,1,60610.92
603596,Diagnostics,Pharmacist,Evening,19,74304.82
603597,Administration,Pharmacist,Morning,20,50487.94
603598,Diagnostics,Pharmacist,Morning,6,49552.17
603599,Diagnostics,Coordinator,Evening,12,74493.24
603600,Administration,Manager,Night,15,158130.54
603601,Pharmacy,Pharmacist,Evening,10,68168.46
603602,Administration,Technician,Evening,29,146078.8
603603,Surgery,Assistant,Morning,26,131628.14
603604,Pharmacy,Manager,Night,28,117035.89
603605,Pharmacy,Manager,Night,22,157210.54
603606,Pharmacy,Assistant,Evening,6,94658.52
603607,Pharmacy,Pharmacist,Night,29,89333.82
603608,Administration,Technician,Night,10,56835.75
603609,Pharmacy,Assistant,Night,7,50710.99
603610,Pharmacy,Technician,Evening,12,54010.29
603611,Surgery,Coordinator,Morning,3,80142.38
603612,Pharmacy,Nurse,Morning,19,85425.87
603613,Surgery,Coordinator,Morning,3,72141.38
603614,Emergency,Pharmacist,Evening,6,57534.95
603615,Surgery,Pharmacist,Evening,18,132387.42
603616,Diagnostics,Technician,Night,12,45061.89
603617,Diagnostics,Manager,Evening,17,168120.55
603618,Diagnostics,Technician,Night,3,145471.14
603619,Emergency,Coordinator,Night,25,128158.41
603620,Diagnostics,Assistant,Night,22,152893.58
603621,Pharmacy,Coordinator,Morning,14,138548.61
603622,Emergency,Nurse,Morning,14,143848.37
603623,Nursing,Coordinator,Morning,9,150094.23
603624,Emergency,Pharmacist,Night,27,163720.62
603625,Pharmacy,Nurse,Morning,29,105847.98
603626,Nursing,Assistant,Evening,5,137030.09
603627,Surgery,Nurse,Morning,1,51345.15
603628,Administration,Coordinator,Morning,10,100815.84
603629,Surgery,Technician,Night,26,151196.78
603630,Nursing,Pharmacist,Evening,5,25395.94
603631,Nursing,Pharmacist,Morning,16,95498.78
603632,Administration,Technician,Morning,7,88960.41
603633,Nursing,Coordinator,Morning,21,79354.54
603634,Surgery,Pharmacist,Evening,27,108838.18
603635,Diagnostics,Manager,Morning,11,64825.43
603636,Administration,Assistant,Morning,24,127620.31
603637,Emergency,Assistant,Evening,20,67445.23
603638,Surgery,Technician,Morning,28,50230.01
603639,Emergency,Technician,Night,22,115906.02
603640,Emergency,Pharmacist,Night,26,39298.57
603641,Emergency,Assistant,Night,0,112472.54
603642,Nursing,Coordinator,Morning,5,143117.05
603643,Administration,Assistant,Night,1,70022.49
603644,Nursing,Manager,Night,1,63587.03
603645,Administration,Manager,Evening,19,158155.97
603646,Pharmacy,Manager,Night,14,83112.7
603647,Nursing,Assistant,Morning,26,146249.04
603648,Nursing,Technician,Evening,6,34227.64
603649,Administration,Technician,Night,0,46990.75
603650,Emergency,Assistant,Night,22,88381.08
603651,Pharmacy,Pharmacist,Morning,9,97541.99
603652,Nursing,Nurse,Evening,7,46994.45
603653,Nursing,Pharmacist,Night,21,46789.2
603654,Administration,Assistant,Night,7,95357.84
603655,Pharmacy,Coordinator,Evening,13,90123.93
603656,Diagnostics,Assistant,Night,7,88084.21
603657,Emergency,Nurse,Morning,10,28866.03
603658,Pharmacy,Pharmacist,Night,11,155222.25
603659,Emergency,Coordinator,Night,23,114842.8
603660,Pharmacy,Nurse,Evening,6,147920.84
603661,Pharmacy,Coordinator,Evening,1,86798.79
603662,Surgery,Coordinator,Morning,30,71194.72
603663,Pharmacy,Pharmacist,Morning,5,73857.27
603664,Nursing,Technician,Morning,16,81274.84
603665,Administration,Coordinator,Evening,20,160544.13
603666,Pharmacy,Nurse,Night,7,127231.27
603667,Surgery,Assistant,Evening,4,161480.81
603668,Diagnostics,Manager,Evening,1,56942.87
603669,Nursing,Manager,Evening,5,116723.8
603670,Diagnostics,Assistant,Evening,24,169763.28
603671,Nursing,Coordinator,Night,22,120884.73
603672,Diagnostics,Assistant,Evening,9,103095.49
603673,Diagnostics,Assistant,Night,10,76545.22
603674,Nursing,Assistant,Morning,13,142729.68
603675,Diagnostics,Nurse,Night,15,123921.64
603676,Administration,Technician,Night,15,64592.04
603677,Administration,Coordinator,Evening,1,106801.62
603678,Nursing,Nurse,Evening,23,147104.8
603679,Diagnostics,Pharmacist,Evening,0,39541.06
603680,Diagnostics,Pharmacist,Evening,14,87844.84
603681,Surgery,Nurse,Morning,10,57725.48
603682,Emergency,Manager,Morning,8,77128.1
603683,Administration,Assistant,Morning,30,113581.29
603684,Pharmacy,Assistant,Morning,22,68640.42
603685,Nursing,Coordinator,Night,24,128939.23
603686,Diagnostics,Manager,Night,11,111777.09
603687,Diagnostics,Coordinator,Night,18,81875.12
603688,Emergency,Nurse,Morning,28,123399.1
603689,Diagnostics,Technician,Evening,11,152165.73
603690,Surgery,Nurse,Evening,27,33558.1
603691,Pharmacy,Assistant,Night,23,49326.85
603692,Nursing,Manager,Evening,1,76016.8
603693,Diagnostics,Assistant,Morning,16,104352.54
603694,Administration,Coordinator,Night,5,164834.28
603695,Nursing,Pharmacist,Night,18,110503.31
603696,Emergency,Technician,Evening,29,153813.89
603697,Surgery,Pharmacist,Evening,17,55973.64
603698,Diagnostics,Manager,Evening,9,163128.71
603699,Nursing,Nurse,Night,30,43003.66
603700,Surgery,Coordinator,Evening,3,75806.27
603701,Diagnostics,Assistant,Morning,9,172058.35
603702,Surgery,Coordinator,Night,11,77549.14
603703,Administration,Coordinator,Night,16,50333.16
603704,Emergency,Pharmacist,Morning,14,34591.43
603705,Diagnostics,Manager,Night,5,83817.17
603706,Emergency,Assistant,Night,10,148568.53
603707,Surgery,Assistant,Night,21,177904.35
603708,Pharmacy,Coordinator,Night,12,160989.03
603709,Administration,Pharmacist,Morning,2,143290.99
603710,Pharmacy,Manager,Morning,12,74062.06
603711,Emergency,Technician,Morning,12,164366.29
603712,Administration,Pharmacist,Night,10,113970.69
603713,Surgery,Assistant,Evening,20,38168.86
603714,Pharmacy,Technician,Night,29,82175.27
603715,Administration,Manager,Night,7,39149.86
603716,Emergency,Coordinator,Morning,8,161672.23
603717,Diagnostics,Technician,Night,6,140953.73
603718,Pharmacy,Assistant,Evening,28,139144.63
603719,Nursing,Coordinator,Evening,26,61756.11
603720,Diagnostics,Assistant,Evening,7,87146.11
603721,Nursing,Coordinator,Evening,21,96827.14
603722,Diagnostics,Assistant,Evening,23,29270.19
603723,Pharmacy,Technician,Night,3,62253.55
603724,Emergency,Nurse,Evening,17,31514.55
603725,Surgery,Manager,Morning,13,117437.49
603726,Emergency,Manager,Evening,25,60478.71
603727,Surgery,Manager,Evening,16,99184.77
603728,Diagnostics,Pharmacist,Evening,3,159243.91
603729,Administration,Manager,Evening,28,146598.41
603730,Pharmacy,Pharmacist,Night,25,73492.19
603731,Nursing,Assistant,Morning,7,137685.73
603732,Pharmacy,Manager,Evening,19,122961.16
603733,Pharmacy,Coordinator,Evening,9,28116.41
603734,Diagnostics,Manager,Evening,0,34167.96
603735,Surgery,Coordinator,Night,20,111375.63
603736,Nursing,Nurse,Morning,6,56201.18
603737,Diagnostics,Coordinator,Evening,25,79526.6
603738,Emergency,Pharmacist,Night,7,165670.25
603739,Administration,Manager,Night,13,75298.04
603740,Administration,Manager,Morning,4,154672.27
603741,Nursing,Manager,Night,5,41198.2
603742,Emergency,Coordinator,Evening,22,147921.21
603743,Surgery,Manager,Evening,20,85367.32
603744,Administration,Pharmacist,Morning,19,142907.38
603745,Pharmacy,Technician,Morning,10,102056.59
603746,Diagnostics,Coordinator,Evening,25,45261.23
603747,Pharmacy,Technician,Morning,25,42940.01
603748,Surgery,Nurse,Morning,19,103763.81
603749,Administration,Pharmacist,Morning,10,38169.41
603750,Surgery,Technician,Morning,23,164079.06
603751,Diagnostics,Nurse,Evening,28,78920.16
603752,Surgery,Assistant,Night,7,47482.49
603753,Pharmacy,Pharmacist,Morning,29,145825.65
603754,Administration,Pharmacist,Night,19,154931.26
603755,Pharmacy,Nurse,Morning,4,179331.14
603756,Nursing,Nurse,Evening,18,120852.62
603757,Diagnostics,Technician,Night,26,137975.49
603758,Diagnostics,Nurse,Morning,17,67402.64
603759,Nursing,Pharmacist,Morning,3,82528.61
603760,Nursing,Manager,Evening,11,104369.15
603761,Diagnostics,Manager,Morning,5,125513.32
603762,Surgery,Coordinator,Night,18,29684.55
603763,Diagnostics,Assistant,Evening,25,49271.2
603764,Administration,Nurse,Evening,5,113902.38
603765,Emergency,Assistant,Morning,14,106949.32
603766,Nursing,Manager,Night,24,159374.2
603767,Administration,Coordinator,Evening,9,71762.34
603768,Nursing,Technician,Evening,8,39240.78
603769,Pharmacy,Pharmacist,Evening,27,86677.77
603770,Pharmacy,Manager,Morning,26,123963.96
603771,Administration,Assistant,Night,12,46736.62
603772,Diagnostics,Assistant,Morning,5,48368.03
603773,Pharmacy,Assistant,Morning,8,80505.58
603774,Emergency,Technician,Morning,29,78369.66
603775,Administration,Manager,Evening,15,128943.07
603776,Nursing,Technician,Night,27,40826.01
603777,Emergency,Manager,Evening,11,61062.75
603778,Administration,Nurse,Night,10,175241.14
603779,Emergency,Assistant,Night,12,129345.06
603780,Administration,Assistant,Morning,30,83025.55
603781,Surgery,Technician,Evening,0,150235.67
603782,Diagnostics,Manager,Evening,21,71049.48
603783,Emergency,Coordinator,Morning,21,140083.45
603784,Nursing,Assistant,Evening,1,122557.78
603785,Administration,Pharmacist,Night,2,122212.73
603786,Administration,Coordinator,Night,24,48817.63
603787,Diagnostics,Pharmacist,Morning,14,135137.45
603788,Diagnostics,Assistant,Morning,3,74208.22
603789,Pharmacy,Manager,Night,13,81240.55
603790,Emergency,Technician,Night,29,78540.83
603791,Surgery,Assistant,Evening,15,99121.06
603792,Pharmacy,Technician,Morning,25,122012.55
603793,Emergency,Technician,Evening,14,98556.25
603794,Diagnostics,Technician,Night,13,143199.48
603795,Emergency,Pharmacist,Morning,3,73716.18
603796,Administration,Manager,Evening,30,89955.17
603797,Surgery,Manager,Night,6,165553.84
603798,Surgery,Technician,Evening,10,52124.64
603799,Administration,Coordinator,Night,13,113718.77
603800,Nursing,Technician,Evening,17,141224.72
603801,Administration,Assistant,Evening,19,35444.68
603802,Diagnostics,Pharmacist,Evening,6,82617.46
603803,Nursing,Technician,Evening,17,55883.42
603804,Administration,Nurse,Night,20,118091.04
603805,Administration,Assistant,Morning,16,145979.86
603806,Administration,Pharmacist,Night,29,165126.4
603807,Pharmacy,Coordinator,Night,8,126257.56
603808,Nursing,Assistant,Night,1,127072.88
603809,Surgery,Pharmacist,Night,9,84920.78
603810,Emergency,Manager,Evening,6,49510.61
603811,Administration,Assistant,Night,12,32842.41
603812,Diagnostics,Coordinator,Night,23,102279.43
603813,Nursing,Technician,Morning,8,59677.02
603814,Surgery,Assistant,Morning,3,123505.9
603815,Surgery,Pharmacist,Evening,12,75202.43
603816,Administration,Manager,Evening,16,67506.46
603817,Pharmacy,Assistant,Morning,5,173730.74
603818,Surgery,Assistant,Night,10,119728.5
603819,Administration,Pharmacist,Morning,14,165719.48
603820,Pharmacy,Technician,Night,25,147938.79
603821,Nursing,Manager,Night,12,131189.81
603822,Surgery,Pharmacist,Night,26,172722.36
603823,Pharmacy,Pharmacist,Night,6,58683.67
603824,Administration,Technician,Evening,18,32559.81
603825,Administration,Pharmacist,Night,14,62472.78
603826,Diagnostics,Manager,Night,15,90129.3
603827,Administration,Pharmacist,Morning,25,140063.03
603828,Pharmacy,Pharmacist,Morning,12,26995.65
603829,Administration,Pharmacist,Morning,12,167074.9
603830,Diagnostics,Assistant,Morning,11,88625.59
603831,Emergency,Assistant,Evening,23,166041.23
603832,Nursing,Nurse,Morning,12,172007.36
603833,Diagnostics,Nurse,Evening,13,173171.84
603834,Diagnostics,Assistant,Morning,30,82334.94
603835,Nursing,Manager,Evening,26,111781.64
603836,Nursing,Technician,Evening,2,112062.19
603837,Diagnostics,Technician,Morning,18,132948.49
603838,Nursing,Technician,Morning,17,28571.37
603839,Emergency,Pharmacist,Night,24,103923.47
603840,Administration,Coordinator,Night,28,69078.42
603841,Administration,Nurse,Evening,17,146842.2
603842,Administration,Assistant,Evening,4,28004.24
603843,Administration,Manager,Evening,3,91712.43
603844,Administration,Technician,Night,0,179242.15
603845,Emergency,Coordinator,Evening,19,178668.78
603846,Pharmacy,Technician,Evening,0,113451.82
603847,Nursing,Manager,Morning,13,134407.64
603848,Administration,Assistant,Morning,9,57634.36
603849,Pharmacy,Coordinator,Night,15,147153.83
603850,Administration,Technician,Night,6,128862.57
603851,Administration,Technician,Evening,29,61756.73
603852,Emergency,Assistant,Morning,5,63094.33
603853,Diagnostics,Manager,Evening,27,114643.53
603854,Nursing,Pharmacist,Night,28,83787.23
603855,Diagnostics,Pharmacist,Evening,20,112884.27
603856,Administration,Pharmacist,Night,10,36411.89
603857,Pharmacy,Pharmacist,Morning,3,63138.17
603858,Nursing,Nurse,Evening,8,30239.56
603859,Pharmacy,Manager,Night,10,164775.52
603860,Nursing,Coordinator,Night,24,67972.59
603861,Pharmacy,Manager,Morning,15,55418.56
603862,Surgery,Technician,Morning,8,41290.23
603863,Pharmacy,Pharmacist,Morning,4,96638.93
603864,Surgery,Pharmacist,Evening,23,43294.8
603865,Administration,Manager,Morning,15,144960.11
603866,Surgery,Nurse,Night,27,145603.42
603867,Pharmacy,Pharmacist,Night,29,46467.9
603868,Pharmacy,Technician,Night,13,80567.04
603869,Emergency,Nurse,Evening,17,174797.59
603870,Nursing,Nurse,Morning,24,94867.18
603871,Emergency,Coordinator,Evening,20,142565.55
603872,Emergency,Pharmacist,Night,22,122232.1
603873,Emergency,Coordinator,Night,29,173628.74
603874,Surgery,Assistant,Evening,29,141397.45
603875,Administration,Technician,Night,22,90401.36
603876,Pharmacy,Technician,Night,21,67238.57
603877,Pharmacy,Nurse,Morning,9,167166.45
603878,Nursing,Pharmacist,Morning,0,48527.47
603879,Surgery,Coordinator,Evening,13,105834.26
603880,Nursing,Coordinator,Morning,16,161955.53
603881,Administration,Nurse,Evening,22,149161.1
603882,Pharmacy,Manager,Night,5,120672.77
603883,Nursing,Manager,Morning,5,84516.06
603884,Administration,Nurse,Morning,9,179725.75
603885,Diagnostics,Technician,Night,3,73156.29
603886,Administration,Manager,Morning,30,171501.48
603887,Diagnostics,Coordinator,Morning,2,142046.53
603888,Diagnostics,Assistant,Morning,11,50564.95
603889,Emergency,Pharmacist,Night,5,147779.75
603890,Surgery,Assistant,Morning,30,94800.11
603891,Diagnostics,Nurse,Morning,2,76668.24
603892,Administration,Assistant,Night,3,175636.37
603893,Emergency,Technician,Evening,25,52139.49
603894,Surgery,Pharmacist,Evening,21,123536.69
603895,Surgery,Pharmacist,Morning,1,118006.2
603896,Nursing,Pharmacist,Night,27,121418.85
603897,Emergency,Pharmacist,Night,6,39213.01
603898,Emergency,Technician,Evening,14,36120.61
603899,Administration,Coordinator,Morning,9,144689.98
603900,Diagnostics,Nurse,Morning,25,74274.39
603901,Diagnostics,Manager,Night,14,39729.89
603902,Diagnostics,Manager,Evening,8,52716.31
603903,Surgery,Nurse,Evening,27,68644.62
603904,Nursing,Technician,Morning,20,120383.67
603905,Surgery,Nurse,Night,9,40750.75
603906,Nursing,Technician,Night,17,88326.26
603907,Administration,Manager,Night,12,135859.91
603908,Surgery,Coordinator,Night,21,123047.86
603909,Pharmacy,Coordinator,Evening,23,95056.91
603910,Administration,Technician,Night,19,56563.96
603911,Nursing,Technician,Morning,29,62319.35
603912,Emergency,Nurse,Evening,30,129128.91
603913,Nursing,Coordinator,Night,30,54726.75
603914,Administration,Coordinator,Night,6,178045.13
603915,Nursing,Nurse,Evening,4,49007.19
603916,Administration,Pharmacist,Night,13,136230.79
603917,Diagnostics,Manager,Evening,4,135317.17
603918,Diagnostics,Coordinator,Morning,10,96002.81
603919,Administration,Pharmacist,Evening,10,162413.51
603920,Nursing,Assistant,Morning,1,27564.25
603921,Administration,Pharmacist,Night,26,51039.88
603922,Nursing,Assistant,Evening,16,47403.92
603923,Administration,Pharmacist,Morning,27,157729.04
603924,Pharmacy,Assistant,Morning,19,125616.16
603925,Surgery,Manager,Morning,2,76359.55
603926,Administration,Pharmacist,Evening,16,40283.43
603927,Administration,Assistant,Night,4,130080.14
603928,Nursing,Assistant,Night,23,101490.85
603929,Nursing,Technician,Night,9,99314.51
603930,Emergency,Technician,Night,22,136929.47
603931,Pharmacy,Manager,Evening,23,172893.04
603932,Surgery,Assistant,Morning,28,169369.98
603933,Diagnostics,Coordinator,Night,16,91221.57
603934,Nursing,Coordinator,Night,27,128730.9
603935,Surgery,Pharmacist,Night,16,96679.72
603936,Nursing,Nurse,Night,12,82484.89
603937,Diagnostics,Technician,Night,11,165344.74
603938,Diagnostics,Assistant,Evening,9,124294.22
603939,Surgery,Pharmacist,Morning,11,167129.43
603940,Nursing,Nurse,Night,26,27319.83
603941,Administration,Nurse,Morning,5,129673.56
603942,Nursing,Manager,Evening,16,91876.79
603943,Surgery,Pharmacist,Morning,7,161112.45
603944,Surgery,Assistant,Morning,19,72052.93
603945,Nursing,Coordinator,Morning,22,124619.87
603946,Surgery,Coordinator,Night,6,71953.44
603947,Emergency,Coordinator,Night,9,90407.3
603948,Nursing,Coordinator,Evening,4,91554.53
603949,Surgery,Manager,Evening,6,118898.52
603950,Nursing,Assistant,Night,30,54039.65
603951,Diagnostics,Technician,Morning,11,151472.16
603952,Emergency,Pharmacist,Evening,29,121299.21
603953,Nursing,Coordinator,Night,4,111657.35
603954,Administration,Coordinator,Evening,1,108209.95
603955,Emergency,Pharmacist,Evening,12,109476.85
603956,Pharmacy,Manager,Morning,23,159026.62
603957,Administration,Pharmacist,Morning,8,158795.04
603958,Emergency,Nurse,Night,0,98613.9
603959,Diagnostics,Technician,Morning,19,158241.97
603960,Diagnostics,Assistant,Morning,24,95157.82
603961,Administration,Nurse,Evening,19,134522.86
603962,Diagnostics,Assistant,Morning,20,118617.54
603963,Emergency,Nurse,Evening,6,124712.02
603964,Administration,Manager,Evening,4,42968.61
603965,Diagnostics,Coordinator,Morning,20,111067.59
603966,Administration,Coordinator,Night,4,72881.57
603967,Pharmacy,Nurse,Night,21,81979.84
603968,Pharmacy,Coordinator,Morning,11,176887.59
603969,Pharmacy,Coordinator,Morning,17,42195.23
603970,Administration,Coordinator,Night,27,163877.09
603971,Surgery,Pharmacist,Morning,23,163097.89
603972,Administration,Assistant,Night,13,147948.05
603973,Administration,Coordinator,Evening,3,25585.07
603974,Pharmacy,Assistant,Morning,24,37970.15
603975,Pharmacy,Manager,Evening,28,51704.52
603976,Nursing,Technician,Night,14,128836
603977,Pharmacy,Nurse,Night,12,137576.87
603978,Diagnostics,Assistant,Morning,21,159017.33
603979,Surgery,Technician,Morning,0,102022.52
603980,Diagnostics,Nurse,Evening,20,81760.21
603981,Emergency,Technician,Night,0,121224.88
603982,Pharmacy,Manager,Night,11,76096.12
603983,Emergency,Coordinator,Evening,5,179456.1
603984,Nursing,Manager,Morning,30,153802.13
603985,Emergency,Pharmacist,Evening,28,121970.46
603986,Diagnostics,Assistant,Morning,2,73176.86
603987,Surgery,Technician,Night,19,38157.12
603988,Nursing,Assistant,Morning,13,146843.21
603989,Emergency,Nurse,Evening,13,53138.81
603990,Surgery,Manager,Evening,25,139521.47
603991,Diagnostics,Manager,Night,24,82321.27
603992,Diagnostics,Coordinator,Night,2,146604.97
603993,Surgery,Pharmacist,Morning,26,166376.01
603994,Diagnostics,Manager,Morning,18,44114.41
603995,Pharmacy,Manager,Night,26,129853.78
603996,Administration,Assistant,Morning,6,122145.4
603997,Pharmacy,Assistant,Morning,22,52619.14
603998,Nursing,Technician,Night,1,113724.61
603999,Administration,Coordinator,Evening,16,42620.63
604000,Administration,Assistant,Evening,23,166745.14
604001,Nursing,Manager,Night,17,75919.15
604002,Pharmacy,Manager,Night,24,109733.29
604003,Administration,Coordinator,Evening,2,135962.31
604004,Nursing,Coordinator,Night,27,63996.29
604005,Pharmacy,Technician,Night,25,136075.12
604006,Pharmacy,Pharmacist,Evening,11,102230.01
604007,Nursing,Manager,Night,27,152372.74
604008,Nursing,Pharmacist,Morning,26,63745.94
604009,Pharmacy,Assistant,Morning,26,49208.53
604010,Diagnostics,Manager,Evening,3,125477.33
604011,Nursing,Coordinator,Morning,16,43585.81
604012,Pharmacy,Assistant,Night,11,179516.18
604013,Nursing,Coordinator,Morning,21,46380.48
604014,Administration,Manager,Morning,1,123602.81
604015,Emergency,Manager,Morning,18,131886.09
604016,Pharmacy,Technician,Morning,3,47859.73
604017,Administration,Technician,Morning,15,27401.76
604018,Administration,Nurse,Evening,29,44199.78
604019,Emergency,Nurse,Night,22,140543.26
604020,Pharmacy,Technician,Night,21,165913.97
604021,Nursing,Assistant,Evening,28,144069.32
604022,Surgery,Assistant,Evening,22,111189.95
604023,Pharmacy,Coordinator,Evening,25,85171.88
604024,Surgery,Technician,Morning,6,171115.95
604025,Administration,Coordinator,Morning,4,84600.84
604026,Nursing,Assistant,Evening,4,43113.81
604027,Pharmacy,Coordinator,Night,11,85926.14
604028,Emergency,Nurse,Night,3,124227.06
604029,Nursing,Manager,Evening,25,94597.33
604030,Pharmacy,Manager,Evening,6,100842.65
604031,Nursing,Pharmacist,Evening,27,41651.36
604032,Surgery,Coordinator,Evening,14,112997.55
604033,Nursing,Coordinator,Evening,29,51220.76
604034,Emergency,Manager,Night,19,71491.27
604035,Nursing,Manager,Morning,19,75455.18
604036,Nursing,Nurse,Evening,18,149141.42
604037,Administration,Assistant,Morning,6,120053.47
604038,Administration,Coordinator,Evening,20,101964.62
604039,Administration,Coordinator,Evening,8,67086.07
604040,Surgery,Assistant,Night,25,154455.74
604041,Administration,Nurse,Night,16,141762.21
604042,Administration,Technician,Morning,21,96127.41
604043,Nursing,Coordinator,Morning,28,90068.35
604044,Administration,Coordinator,Evening,15,168073.05
604045,Diagnostics,Manager,Morning,8,114928.59
604046,Nursing,Nurse,Evening,19,75875.55
604047,Pharmacy,Pharmacist,Evening,6,123255.39
604048,Pharmacy,Technician,Morning,20,100492.21
604049,Surgery,Pharmacist,Evening,11,28385.71
604050,Pharmacy,Nurse,Night,29,178828.13
604051,Administration,Manager,Evening,11,116254.34
604052,Administration,Pharmacist,Evening,13,26660.99
604053,Emergency,Pharmacist,Evening,27,103502.83
604054,Diagnostics,Coordinator,Evening,2,140895.04
604055,Surgery,Coordinator,Evening,28,156767.83
604056,Nursing,Coordinator,Night,10,153573.79
604057,Diagnostics,Technician,Evening,21,126512.08
604058,Surgery,Coordinator,Night,5,151549.46
604059,Emergency,Coordinator,Night,21,43911.95
604060,Diagnostics,Coordinator,Night,2,130565.88
604061,Emergency,Assistant,Evening,29,59320.21
604062,Surgery,Nurse,Night,26,112845.71
604063,Emergency,Pharmacist,Evening,27,37760.68
604064,Emergency,Manager,Night,1,52057.44
604065,Pharmacy,Assistant,Night,8,158484.17
604066,Pharmacy,Assistant,Morning,1,109064.67
604067,Pharmacy,Manager,Morning,3,149861.8
604068,Pharmacy,Pharmacist,Evening,8,116036.15
604069,Diagnostics,Manager,Morning,15,33367.19
604070,Emergency,Technician,Night,8,86363.18
604071,Administration,Technician,Morning,21,54844.57
604072,Administration,Technician,Morning,28,104077.46
604073,Emergency,Coordinator,Evening,21,132059.32
604074,Surgery,Pharmacist,Night,3,117894.53
604075,Administration,Pharmacist,Morning,22,138468.59
604076,Pharmacy,Manager,Night,27,105910.08
604077,Emergency,Manager,Morning,16,122940.39
604078,Emergency,Manager,Morning,16,107959.89
604079,Administration,Assistant,Morning,17,132893.04
604080,Pharmacy,Technician,Evening,14,76877.94
604081,Emergency,Coordinator,Morning,13,148866.62
604082,Emergency,Pharmacist,Morning,2,85060.44
604083,Surgery,Technician,Night,0,52757.52
604084,Surgery,Nurse,Night,16,116026.51
604085,Pharmacy,Assistant,Morning,15,57328.52
604086,Diagnostics,Manager,Morning,3,116598.92
604087,Diagnostics,Nurse,Evening,6,62516.25
604088,Diagnostics,Manager,Evening,1,40131.42
604089,Pharmacy,Manager,Evening,30,117760.93
604090,Administration,Technician,Morning,7,125645.29
604091,Diagnostics,Assistant,Morning,19,90842.43
604092,Diagnostics,Pharmacist,Morning,7,169874.38
604093,Nursing,Assistant,Night,1,128789.2
604094,Administration,Manager,Night,22,101779.24
604095,Surgery,Nurse,Evening,14,172549.85
604096,Surgery,Assistant,Evening,30,53279.54
604097,Emergency,Nurse,Morning,19,63529.96
604098,Diagnostics,Technician,Evening,0,152817.47
604099,Administration,Coordinator,Night,7,134990.33
604100,Pharmacy,Technician,Night,2,61951.09
604101,Emergency,Coordinator,Evening,28,120640.41
604102,Diagnostics,Technician,Night,15,32259.57
604103,Nursing,Assistant,Night,24,53031.75
604104,Administration,Coordinator,Evening,25,109385.24
604105,Nursing,Pharmacist,Night,24,64323.27
604106,Surgery,Technician,Evening,8,44506.93
604107,Pharmacy,Pharmacist,Evening,27,124479.99
604108,Nursing,Pharmacist,Evening,7,96939.54
604109,Surgery,Technician,Evening,16,146052.73
604110,Pharmacy,Assistant,Evening,15,28517.04
604111,Surgery,Manager,Evening,9,125923.51
604112,Diagnostics,Technician,Night,10,175361.37
604113,Surgery,Coordinator,Night,24,78103.23
604114,Diagnostics,Assistant,Evening,23,126017.07
604115,Pharmacy,Assistant,Evening,4,163429.95
604116,Pharmacy,Assistant,Evening,22,128702.35
604117,Administration,Pharmacist,Evening,29,127344
604118,Nursing,Technician,Night,6,64160.52
604119,Diagnostics,Technician,Morning,1,129723.15
604120,Nursing,Assistant,Morning,7,80877.15
604121,Surgery,Manager,Night,15,74703.85
604122,Surgery,Assistant,Evening,2,53778.74
604123,Nursing,Coordinator,Evening,0,163906.95
604124,Diagnostics,Manager,Night,30,58520.65
604125,Emergency,Technician,Morning,25,109726.1
604126,Emergency,Manager,Night,28,135988.34
604127,Emergency,Technician,Morning,4,86574.6
604128,Emergency,Pharmacist,Night,14,89105.97
604129,Diagnostics,Manager,Evening,11,86052.65
604130,Administration,Manager,Night,22,72201.02
604131,Administration,Manager,Morning,8,149515.77
604132,Diagnostics,Technician,Morning,10,144900.25
604133,Diagnostics,Nurse,Evening,9,38508.67
604134,Nursing,Technician,Evening,10,96570.15
604135,Nursing,Nurse,Night,27,157362.15
604136,Nursing,Coordinator,Night,17,40521.54
604137,Nursing,Pharmacist,Evening,3,46260.38
604138,Surgery,Coordinator,Night,22,166793.95
604139,Administration,Nurse,Morning,15,116787.18
604140,Administration,Technician,Morning,30,90519.64
604141,Surgery,Technician,Evening,1,98994.63
604142,Administration,Nurse,Morning,7,39807.82
604143,Nursing,Assistant,Night,10,29528.85
604144,Surgery,Manager,Evening,15,118176.29
604145,Administration,Assistant,Morning,18,92719.62
604146,Nursing,Coordinator,Night,30,58073.69
604147,Surgery,Pharmacist,Morning,15,87347.71
604148,Pharmacy,Pharmacist,Night,11,70365.54
604149,Pharmacy,Manager,Night,8,39102.5
604150,Pharmacy,Coordinator,Night,29,58293.27
604151,Nursing,Coordinator,Morning,4,141063.88
604152,Surgery,Technician,Night,30,143990.93
604153,Surgery,Pharmacist,Night,17,172687.66
604154,Administration,Pharmacist,Evening,9,48720.17
604155,Nursing,Technician,Morning,10,81847.72
604156,Emergency,Manager,Morning,20,140702.62
604157,Surgery,Coordinator,Evening,5,35260.98
604158,Diagnostics,Assistant,Night,14,112909.18
604159,Surgery,Pharmacist,Morning,19,54833.06
604160,Administration,Assistant,Evening,19,114228.3
604161,Nursing,Coordinator,Night,28,40777.21
604162,Emergency,Technician,Morning,24,26561.69
604163,Diagnostics,Nurse,Morning,8,48137.3
604164,Pharmacy,Nurse,Morning,26,66885.77
604165,Administration,Coordinator,Morning,22,61296.93
604166,Nursing,Technician,Night,19,138404.93
604167,Pharmacy,Assistant,Evening,18,36854.78
604168,Administration,Technician,Evening,29,49338.29
604169,Emergency,Coordinator,Evening,10,51559.38
604170,Nursing,Manager,Evening,3,141691.9
604171,Nursing,Nurse,Morning,7,139768.52
604172,Administration,Manager,Morning,1,134724.16
604173,Diagnostics,Pharmacist,Evening,9,70383.15
604174,Emergency,Coordinator,Night,18,62541.14
604175,Administration,Manager,Evening,9,172337.37
604176,Administration,Nurse,Evening,5,162769.66
604177,Administration,Nurse,Night,11,123064.88
604178,Surgery,Assistant,Night,29,46102.32
604179,Nursing,Manager,Night,11,45036.85
604180,Diagnostics,Coordinator,Morning,21,36997.63
604181,Pharmacy,Coordinator,Night,5,55563.25
604182,Diagnostics,Pharmacist,Evening,0,171115.81
604183,Surgery,Coordinator,Evening,5,82733.3
604184,Nursing,Nurse,Morning,20,141389.09
604185,Pharmacy,Technician,Night,1,139738.94
604186,Nursing,Assistant,Night,7,172717.47
604187,Administration,Assistant,Evening,7,85273.49
604188,Emergency,Technician,Night,23,78974.14
604189,Nursing,Manager,Night,3,103061.77
604190,Nursing,Pharmacist,Evening,23,51769.89
604191,Surgery,Manager,Evening,23,71906.62
604192,Pharmacy,Coordinator,Evening,13,95277.11
604193,Emergency,Technician,Evening,11,83118.25
604194,Surgery,Technician,Evening,6,142680.33
604195,Pharmacy,Coordinator,Evening,29,116663.32
604196,Nursing,Coordinator,Evening,13,151476.64
604197,Diagnostics,Manager,Night,18,161950.89
604198,Diagnostics,Assistant,Morning,16,116212.24
604199,Diagnostics,Coordinator,Night,29,31462.91
604200,Nursing,Assistant,Morning,19,49437.76
604201,Pharmacy,Coordinator,Evening,25,137075.09
604202,Diagnostics,Nurse,Evening,17,99578.65
604203,Surgery,Technician,Night,29,127441.41
604204,Administration,Nurse,Night,29,71985.36
604205,Nursing,Technician,Evening,28,146853.91
604206,Emergency,Manager,Night,16,79024.3
604207,Emergency,Coordinator,Night,0,162358.57
604208,Nursing,Coordinator,Morning,19,55704.41
604209,Nursing,Nurse,Evening,4,64280.84
604210,Nursing,Technician,Night,20,70171.35
604211,Nursing,Assistant,Night,21,42729.68
604212,Nursing,Coordinator,Evening,1,120566.82
604213,Nursing,Assistant,Night,9,112379.09
604214,Emergency,Manager,Night,8,132098.23
604215,Emergency,Manager,Evening,6,83037.01
604216,Diagnostics,Technician,Evening,23,57700.42
604217,Administration,Technician,Night,25,129974.04
604218,Diagnostics,Assistant,Evening,30,31314.9
604219,Surgery,Pharmacist,Night,1,108215.14
604220,Diagnostics,Assistant,Morning,8,122101.16
604221,Diagnostics,Pharmacist,Night,16,151129.88
604222,Diagnostics,Assistant,Morning,26,132624.13
604223,Pharmacy,Pharmacist,Evening,12,106458.62
604224,Administration,Nurse,Evening,15,91456.69
604225,Emergency,Technician,Morning,18,105668.76
604226,Surgery,Assistant,Morning,3,150167.61
604227,Nursing,Nurse,Morning,1,80490.36
604228,Administration,Pharmacist,Night,0,177684.02
604229,Diagnostics,Pharmacist,Night,22,80883.88
604230,Emergency,Coordinator,Night,15,111972.5
604231,Pharmacy,Coordinator,Morning,5,133262.54
604232,Diagnostics,Coordinator,Morning,15,153931.62
604233,Nursing,Nurse,Night,23,162813.8
604234,Administration,Technician,Morning,19,114355.91
604235,Diagnostics,Pharmacist,Evening,25,116597.76
604236,Emergency,Manager,Morning,3,127379.44
604237,Pharmacy,Coordinator,Night,0,132034.77
604238,Diagnostics,Nurse,Evening,2,65449.98
604239,Surgery,Nurse,Evening,13,107036.05
604240,Pharmacy,Technician,Morning,14,128316.11
604241,Nursing,Coordinator,Morning,8,65941.91
604242,Diagnostics,Nurse,Morning,19,123347.33
604243,Pharmacy,Pharmacist,Night,4,134052.2
604244,Nursing,Coordinator,Night,21,55231.07
604245,Diagnostics,Pharmacist,Morning,23,150754.69
604246,Surgery,Coordinator,Morning,22,167431.56
604247,Pharmacy,Coordinator,Morning,10,168482.5
604248,Diagnostics,Nurse,Night,4,54817.56
604249,Surgery,Coordinator,Night,5,69430.48
604250,Emergency,Coordinator,Evening,21,151838.52
604251,Diagnostics,Pharmacist,Evening,18,137596.58
604252,Emergency,Coordinator,Morning,17,124920.71
604253,Pharmacy,Coordinator,Night,0,68725.56
604254,Administration,Coordinator,Evening,11,160897.11
604255,Nursing,Technician,Morning,14,96482.61
604256,Nursing,Coordinator,Night,26,104899.26
604257,Emergency,Assistant,Morning,28,34609.39
604258,Nursing,Manager,Morning,13,42346.63
604259,Emergency,Coordinator,Night,3,125713.97
604260,Pharmacy,Nurse,Evening,7,93650.25
604261,Surgery,Nurse,Evening,30,62870.12
604262,Pharmacy,Assistant,Morning,18,156595.37
604263,Nursing,Manager,Evening,11,38993.42
604264,Emergency,Manager,Night,7,49513.86
604265,Pharmacy,Nurse,Night,16,122864.72
604266,Emergency,Pharmacist,Night,24,179730.05
604267,Surgery,Pharmacist,Night,12,152866.2
604268,Diagnostics,Assistant,Evening,19,96714.67
604269,Diagnostics,Assistant,Night,1,174364.77
604270,Diagnostics,Pharmacist,Night,25,67257.76
604271,Pharmacy,Pharmacist,Night,25,168795.72
604272,Nursing,Coordinator,Evening,24,146697.55
604273,Administration,Coordinator,Morning,15,126135.03
604274,Administration,Pharmacist,Morning,23,145527.6
604275,Administration,Pharmacist,Evening,27,155809.43
604276,Pharmacy,Coordinator,Night,30,40167.76
604277,Diagnostics,Assistant,Night,23,172537.88
604278,Nursing,Manager,Night,25,130793.9
604279,Diagnostics,Pharmacist,Night,25,26607.6
604280,Emergency,Assistant,Morning,21,107126.85
604281,Diagnostics,Pharmacist,Evening,11,162925.02
604282,Nursing,Assistant,Night,2,134060.86
604283,Emergency,Nurse,Night,24,167604.83
604284,Administration,Assistant,Morning,22,128826.35
604285,Surgery,Manager,Evening,13,115589.3
604286,Diagnostics,Pharmacist,Evening,13,103095.06
604287,Nursing,Assistant,Night,10,113925.48
604288,Surgery,Nurse,Evening,1,118231.1
604289,Pharmacy,Technician,Evening,23,172025.65
604290,Nursing,Assistant,Night,15,147498.28
604291,Diagnostics,Nurse,Morning,28,167878.43
604292,Pharmacy,Assistant,Evening,25,179489.49
604293,Nursing,Nurse,Morning,4,83187.84
604294,Administration,Coordinator,Night,19,80860.06
604295,Surgery,Manager,Night,26,40749.65
604296,Pharmacy,Nurse,Morning,5,147469.26
604297,Surgery,Nurse,Morning,28,79315.89
604298,Pharmacy,Assistant,Night,8,158994.05
604299,Surgery,Pharmacist,Morning,4,71944.47
604300,Administration,Nurse,Morning,22,153435.34
604301,Administration,Coordinator,Evening,14,74802.53
604302,Nursing,Technician,Morning,30,54579.11
604303,Emergency,Nurse,Morning,1,38409.62
604304,Pharmacy,Manager,Morning,4,119250.34
604305,Nursing,Assistant,Morning,27,31230.61
604306,Diagnostics,Assistant,Evening,21,92435.65
604307,Nursing,Manager,Morning,4,137496.98
604308,Diagnostics,Coordinator,Morning,27,168624.27
604309,Pharmacy,Nurse,Evening,3,109168.79
604310,Pharmacy,Assistant,Morning,11,130348.47
604311,Administration,Pharmacist,Night,13,175759.81
604312,Pharmacy,Coordinator,Morning,9,154778.58
604313,Nursing,Assistant,Morning,2,61935.89
604314,Emergency,Manager,Night,10,144377.48
604315,Emergency,Coordinator,Morning,20,33092.11
604316,Emergency,Pharmacist,Morning,10,151078.1
604317,Pharmacy,Assistant,Morning,23,173671.14
604318,Diagnostics,Nurse,Evening,30,175950.4
604319,Administration,Pharmacist,Morning,23,136007.28
604320,Surgery,Coordinator,Evening,0,132449.45
604321,Pharmacy,Pharmacist,Morning,0,37362.91
604322,Administration,Coordinator,Night,14,64202.4
604323,Surgery,Nurse,Evening,26,153894.81
604324,Pharmacy,Coordinator,Night,19,138911.44
604325,Nursing,Technician,Night,16,133949.23
604326,Nursing,Manager,Night,4,40286.73
604327,Diagnostics,Assistant,Evening,0,34691.86
604328,Administration,Assistant,Night,0,105877.99
604329,Administration,Technician,Night,6,131690.7
604330,Diagnostics,Assistant,Evening,15,45316.57
604331,Nursing,Nurse,Evening,1,148774.2
604332,Nursing,Manager,Night,26,46296.22
604333,Nursing,Coordinator,Morning,28,27321.29
604334,Pharmacy,Technician,Morning,25,100123.19
604335,Administration,Manager,Evening,10,44458.12
604336,Surgery,Coordinator,Evening,23,97434.56
604337,Diagnostics,Coordinator,Night,16,41219.39
604338,Pharmacy,Assistant,Evening,27,69625.9
604339,Diagnostics,Technician,Night,26,28660.65
604340,Emergency,Nurse,Night,29,176796.33
604341,Administration,Manager,Evening,16,69718.52
604342,Surgery,Coordinator,Night,24,25014.93
604343,Emergency,Manager,Night,18,92474.52
604344,Surgery,Technician,Evening,15,163322.85
604345,Emergency,Assistant,Evening,25,80582.62
604346,Pharmacy,Manager,Evening,26,175354.59
604347,Emergency,Assistant,Evening,3,156242.53
604348,Surgery,Assistant,Morning,7,171607.38
604349,Nursing,Technician,Morning,13,68124.81
604350,Nursing,Manager,Morning,10,143714.87
604351,Emergency,Nurse,Night,1,40503.45
604352,Diagnostics,Assistant,Morning,19,134531.16
604353,Administration,Pharmacist,Night,13,137852.15
604354,Surgery,Manager,Morning,7,92146.94
604355,Nursing,Coordinator,Morning,9,89082.67
604356,Administration,Nurse,Morning,10,28978.69
604357,Nursing,Pharmacist,Morning,20,114762.46
604358,Emergency,Nurse,Morning,0,159035.82
604359,Surgery,Manager,Morning,8,156973.44
604360,Emergency,Pharmacist,Morning,17,144341.99
604361,Surgery,Coordinator,Evening,3,114225.92
604362,Pharmacy,Manager,Morning,18,166469.58
604363,Pharmacy,Technician,Evening,16,165996.43
604364,Administration,Nurse,Night,20,137890.31
604365,Administration,Pharmacist,Night,10,164792.87
604366,Pharmacy,Nurse,Night,10,79794.65
604367,Administration,Assistant,Night,15,164148.16
604368,Emergency,Nurse,Night,20,154655.7
604369,Pharmacy,Pharmacist,Night,9,42401.34
604370,Surgery,Nurse,Evening,5,90990.81
604371,Emergency,Coordinator,Night,12,136514.95
604372,Nursing,Nurse,Morning,27,98083.41
604373,Pharmacy,Coordinator,Evening,12,149869.32
604374,Pharmacy,Pharmacist,Evening,12,96060.12
604375,Administration,Assistant,Evening,7,87388.72
604376,Emergency,Pharmacist,Evening,11,169246.66
604377,Diagnostics,Assistant,Morning,10,48207.17
604378,Nursing,Coordinator,Night,10,49400.36
604379,Nursing,Assistant,Morning,13,178940.02
604380,Diagnostics,Manager,Evening,26,106933.34
604381,Pharmacy,Nurse,Night,30,61104.22
604382,Pharmacy,Pharmacist,Evening,14,35313.74
604383,Administration,Technician,Morning,16,37103.07
604384,Pharmacy,Nurse,Morning,4,36278.51
604385,Surgery,Assistant,Night,0,56615.54
604386,Nursing,Pharmacist,Morning,23,167662.44
604387,Emergency,Manager,Night,4,38500.95
604388,Nursing,Coordinator,Night,5,160587.48
604389,Emergency,Manager,Morning,8,155360.34
604390,Nursing,Manager,Night,1,55192.46
604391,Nursing,Coordinator,Evening,5,28302.34
604392,Emergency,Nurse,Evening,29,118762.6
604393,Pharmacy,Pharmacist,Night,24,29623.82
604394,Administration,Nurse,Morning,2,82394.11
604395,Nursing,Coordinator,Morning,16,36019.16
604396,Nursing,Pharmacist,Morning,15,154380.78
604397,Emergency,Pharmacist,Evening,25,47306.3
604398,Diagnostics,Nurse,Evening,10,90339.18
604399,Diagnostics,Nurse,Night,26,108240.39
604400,Surgery,Pharmacist,Evening,15,126667.99
604401,Diagnostics,Coordinator,Night,1,49781.45
604402,Diagnostics,Nurse,Night,23,120662.34
604403,Pharmacy,Nurse,Night,17,110727.45
604404,Administration,Assistant,Night,28,118650.28
604405,Diagnostics,Manager,Morning,19,35442.74
604406,Surgery,Assistant,Evening,26,87491.29
604407,Administration,Technician,Evening,28,55902.65
604408,Pharmacy,Assistant,Night,9,149028.69
604409,Nursing,Pharmacist,Night,0,28698.88
604410,Surgery,Coordinator,Morning,3,175513.78
604411,Diagnostics,Pharmacist,Evening,17,166609.29
604412,Surgery,Technician,Night,7,147842.86
604413,Administration,Nurse,Morning,27,49401.69
604414,Surgery,Coordinator,Morning,29,86493.81
604415,Emergency,Coordinator,Evening,21,106004.45
604416,Administration,Coordinator,Evening,3,148684.96
604417,Pharmacy,Nurse,Morning,26,27924.51
604418,Nursing,Pharmacist,Evening,25,103203.74
604419,Emergency,Manager,Evening,14,154925.45
604420,Diagnostics,Manager,Morning,19,105165.53
604421,Emergency,Nurse,Night,26,53417.44
604422,Pharmacy,Technician,Morning,28,141261.42
604423,Emergency,Nurse,Morning,3,77785.8
604424,Surgery,Technician,Night,23,39981.75
604425,Nursing,Technician,Night,27,44834.04
604426,Administration,Coordinator,Evening,22,160115.35
604427,Pharmacy,Pharmacist,Night,4,32755.43
604428,Emergency,Manager,Morning,11,160791.83
604429,Nursing,Nurse,Morning,22,141030.59
604430,Diagnostics,Assistant,Evening,21,113022.51
604431,Emergency,Coordinator,Evening,6,74598.84
604432,Surgery,Manager,Evening,5,64186.95
604433,Surgery,Pharmacist,Evening,9,106555.03
604434,Pharmacy,Nurse,Evening,27,115278.55
604435,Nursing,Assistant,Evening,27,177606.04
604436,Surgery,Assistant,Morning,2,153432.37
604437,Administration,Pharmacist,Night,19,83341.85
604438,Emergency,Technician,Evening,22,148217.53
604439,Pharmacy,Assistant,Evening,11,26765.67
604440,Emergency,Pharmacist,Morning,12,44736.91
604441,Surgery,Assistant,Evening,2,48654.07
604442,Administration,Pharmacist,Evening,6,76769.86
604443,Administration,Nurse,Evening,29,41069.93
604444,Surgery,Manager,Night,10,135814.86
604445,Nursing,Pharmacist,Morning,17,138029.02
604446,Emergency,Manager,Morning,14,97552.28
604447,Surgery,Nurse,Night,13,94918.54
604448,Surgery,Pharmacist,Evening,16,167354.97
604449,Administration,Pharmacist,Night,12,145177.14
604450,Administration,Coordinator,Night,4,96190.18
604451,Administration,Technician,Night,1,104620.83
604452,Diagnostics,Assistant,Night,4,166303.56
604453,Pharmacy,Coordinator,Night,16,169389.7
604454,Administration,Coordinator,Morning,26,95784.97
604455,Surgery,Assistant,Morning,14,179164.29
604456,Diagnostics,Technician,Morning,30,151965.78
604457,Nursing,Nurse,Evening,20,57444.18
604458,Diagnostics,Nurse,Morning,27,163566.72
604459,Diagnostics,Pharmacist,Evening,6,167239.56
604460,Pharmacy,Pharmacist,Night,23,82864.34
604461,Nursing,Pharmacist,Evening,4,93520.14
604462,Diagnostics,Assistant,Morning,12,54305.63
604463,Pharmacy,Nurse,Night,8,73518.14
604464,Emergency,Nurse,Night,19,71835.65
604465,Pharmacy,Manager,Evening,5,124637.88
604466,Nursing,Assistant,Morning,1,120640.11
604467,Diagnostics,Technician,Night,16,159498.23
604468,Administration,Nurse,Evening,23,25958.27
604469,Diagnostics,Coordinator,Evening,6,86239.67
604470,Diagnostics,Pharmacist,Evening,11,115781.16
604471,Pharmacy,Pharmacist,Evening,27,79387.67
604472,Diagnostics,Manager,Evening,11,145766.91
604473,Diagnostics,Assistant,Morning,30,162183.71
604474,Surgery,Nurse,Evening,16,146936.33
604475,Pharmacy,Coordinator,Morning,3,54523.65
604476,Pharmacy,Coordinator,Night,24,167075.99
604477,Administration,Assistant,Evening,23,59651.21
604478,Administration,Assistant,Night,29,161244.9
604479,Surgery,Assistant,Night,26,59333.59
604480,Surgery,Coordinator,Morning,7,29052.71
604481,Nursing,Technician,Evening,3,90346.03
604482,Surgery,Manager,Night,2,92666.01
604483,Pharmacy,Technician,Evening,14,105153.62
604484,Emergency,Technician,Morning,25,174056.09
604485,Pharmacy,Pharmacist,Morning,30,90636.1
604486,Emergency,Pharmacist,Evening,18,60744.37
604487,Pharmacy,Manager,Morning,14,86429.11
604488,Diagnostics,Manager,Morning,19,36386.63
604489,Pharmacy,Pharmacist,Night,20,95395.62
604490,Administration,Nurse,Morning,3,73803.22
604491,Surgery,Manager,Morning,18,152810.9
604492,Nursing,Nurse,Night,13,123997.64
604493,Diagnostics,Coordinator,Night,9,61366.9
604494,Pharmacy,Technician,Night,7,71133.57
604495,Pharmacy,Assistant,Morning,30,47534.33
604496,Diagnostics,Nurse,Morning,10,79070.78
604497,Diagnostics,Assistant,Morning,28,142745.73
604498,Pharmacy,Technician,Evening,21,25726.75
604499,Diagnostics,Nurse,Morning,17,154196.3
604500,Surgery,Coordinator,Evening,21,73634.48
604501,Pharmacy,Assistant,Night,13,96616.21
604502,Nursing,Assistant,Morning,17,147718.54
604503,Pharmacy,Manager,Night,23,165533.51
604504,Administration,Assistant,Night,15,28925.79
604505,Nursing,Pharmacist,Morning,24,153381.54
604506,Nursing,Manager,Night,0,175299.06
604507,Surgery,Assistant,Evening,2,50286.62
604508,Administration,Pharmacist,Morning,21,125373.03
604509,Nursing,Assistant,Evening,10,80573.75
604510,Nursing,Technician,Night,2,160154.82
604511,Nursing,Coordinator,Night,0,48124.23
604512,Nursing,Coordinator,Night,21,66209.88
604513,Diagnostics,Assistant,Morning,18,103443.39
604514,Nursing,Nurse,Morning,12,128357.92
604515,Surgery,Assistant,Morning,23,140979.26
604516,Diagnostics,Assistant,Evening,26,49828.96
604517,Diagnostics,Technician,Night,19,121439.93
604518,Surgery,Nurse,Night,25,38380.5
604519,Surgery,Assistant,Night,0,117230.4
604520,Emergency,Pharmacist,Morning,10,135901.82
604521,Pharmacy,Coordinator,Evening,28,104323.36
604522,Nursing,Pharmacist,Morning,21,147431.47
604523,Nursing,Pharmacist,Morning,4,176513.97
604524,Nursing,Coordinator,Night,16,118856.71
604525,Pharmacy,Technician,Night,23,134578.73
604526,Nursing,Nurse,Morning,26,140204.13
604527,Pharmacy,Manager,Night,3,49581.33
604528,Nursing,Nurse,Morning,26,109498.17
604529,Diagnostics,Nurse,Night,17,35978.93
604530,Surgery,Assistant,Night,9,132833.87
604531,Pharmacy,Technician,Morning,9,91173.58
604532,Administration,Pharmacist,Morning,21,132245.06
604533,Administration,Pharmacist,Morning,10,104510.14
604534,Emergency,Pharmacist,Evening,9,133265.5
604535,Administration,Coordinator,Evening,3,166297.53
604536,Pharmacy,Coordinator,Evening,21,84770.42
604537,Diagnostics,Coordinator,Night,2,52948.11
604538,Surgery,Manager,Evening,15,151273.24
604539,Emergency,Manager,Evening,4,142570.71
604540,Surgery,Technician,Morning,26,68875.09
604541,Diagnostics,Manager,Morning,28,157367.96
604542,Diagnostics,Coordinator,Evening,13,93038.5
604543,Nursing,Pharmacist,Evening,9,133101.72
604544,Diagnostics,Nurse,Morning,15,66231.5
604545,Surgery,Nurse,Evening,8,104009.36
604546,Surgery,Assistant,Night,27,122265.33
604547,Administration,Technician,Morning,9,158639.45
604548,Nursing,Nurse,Morning,27,113085.09
604549,Diagnostics,Coordinator,Night,8,128871.62
604550,Administration,Pharmacist,Evening,29,133693.57
604551,Surgery,Manager,Evening,30,45038.89
604552,Administration,Technician,Night,24,65141.82
604553,Diagnostics,Assistant,Evening,21,164993.97
604554,Administration,Manager,Evening,2,59282.71
604555,Emergency,Coordinator,Morning,6,100611.21
604556,Nursing,Pharmacist,Night,20,96864.73
604557,Pharmacy,Manager,Night,16,25923.16
604558,Surgery,Manager,Evening,3,84323.2
604559,Nursing,Manager,Night,16,154445.19
604560,Administration,Manager,Evening,15,146218
604561,Administration,Coordinator,Evening,5,133824.79
604562,Surgery,Manager,Night,11,29174.1
604563,Emergency,Technician,Evening,10,128632.42
604564,Emergency,Manager,Evening,26,60052.82
604565,Administration,Technician,Evening,1,32021.97
604566,Emergency,Technician,Morning,30,89274.86
604567,Diagnostics,Technician,Morning,9,111808.36
604568,Diagnostics,Nurse,Evening,11,150733.57
604569,Surgery,Nurse,Morning,7,50203.63
604570,Nursing,Assistant,Evening,30,143898.04
604571,Surgery,Nurse,Night,13,58898.95
604572,Emergency,Coordinator,Night,27,88844.62
604573,Emergency,Technician,Evening,22,160400.79
604574,Emergency,Technician,Evening,11,33434.96
604575,Administration,Nurse,Night,28,115281.39
604576,Nursing,Technician,Morning,29,100907.29
604577,Pharmacy,Manager,Evening,20,77050.29
604578,Administration,Manager,Morning,28,34702.91
604579,Emergency,Coordinator,Night,21,151571
604580,Surgery,Pharmacist,Night,27,85116.48
604581,Surgery,Manager,Night,29,147756.1
604582,Administration,Manager,Night,12,175886.18
604583,Emergency,Assistant,Night,13,29949.76
604584,Surgery,Coordinator,Morning,9,27094.61
604585,Emergency,Coordinator,Morning,11,99764.95
604586,Pharmacy,Coordinator,Evening,17,99040.23
604587,Pharmacy,Pharmacist,Evening,21,110711.1
604588,Emergency,Pharmacist,Morning,25,31364.04
604589,Pharmacy,Technician,Night,12,82259.35
604590,Pharmacy,Pharmacist,Night,17,143975.67
604591,Administration,Nurse,Night,15,177144.71
604592,Diagnostics,Pharmacist,Night,3,64484.78
604593,Diagnostics,Coordinator,Night,19,73376.48
604594,Surgery,Technician,Night,18,83286.47
604595,Administration,Pharmacist,Night,16,120695.34
604596,Diagnostics,Technician,Morning,5,63785.04
604597,Emergency,Manager,Night,12,40568.85
604598,Surgery,Coordinator,Morning,18,124701.17
604599,Diagnostics,Manager,Evening,26,94755.08
604600,Emergency,Coordinator,Evening,22,51093.82
604601,Surgery,Technician,Night,15,162228.14
604602,Nursing,Nurse,Evening,9,36979.73
604603,Nursing,Assistant,Morning,1,150169.62
604604,Diagnostics,Coordinator,Morning,14,100658.24
604605,Emergency,Coordinator,Morning,3,116832.86
604606,Administration,Manager,Evening,30,132291.23
604607,Emergency,Technician,Night,23,70171.09
604608,Diagnostics,Manager,Morning,30,116091.32
604609,Surgery,Nurse,Morning,21,178393.24
604610,Diagnostics,Nurse,Evening,4,46104.15
604611,Diagnostics,Coordinator,Evening,25,175795.07
604612,Surgery,Technician,Evening,0,155982.66
604613,Emergency,Manager,Night,28,155731.94
604614,Diagnostics,Nurse,Evening,5,86802.33
604615,Surgery,Pharmacist,Morning,13,51265.28
604616,Emergency,Manager,Night,13,64782.92
604617,Emergency,Assistant,Evening,5,122468.73
604618,Emergency,Technician,Morning,8,119414.32
604619,Emergency,Coordinator,Evening,18,86867.47
604620,Pharmacy,Pharmacist,Night,1,68334.92
604621,Diagnostics,Coordinator,Evening,8,108455.23
604622,Administration,Technician,Evening,27,178113.47
604623,Nursing,Technician,Morning,24,126150.58
604624,Diagnostics,Coordinator,Morning,1,41445.62
604625,Emergency,Pharmacist,Evening,16,54721.21
604626,Emergency,Assistant,Night,8,27022.16
604627,Administration,Nurse,Evening,22,88603.57
604628,Emergency,Pharmacist,Morning,27,55329.15
604629,Surgery,Nurse,Night,4,106823.36
604630,Emergency,Pharmacist,Night,8,71267.11
604631,Emergency,Coordinator,Morning,15,157562.61
604632,Administration,Coordinator,Morning,29,79370.83
604633,Emergency,Assistant,Night,21,90853.07
604634,Surgery,Coordinator,Evening,28,107463.66
604635,Diagnostics,Pharmacist,Morning,21,157319.21
604636,Administration,Coordinator,Night,12,133144.02
604637,Emergency,Technician,Evening,1,79512.97
604638,Emergency,Nurse,Night,12,32103.9
604639,Nursing,Assistant,Night,15,177731.87
604640,Nursing,Coordinator,Morning,5,167203.41
604641,Nursing,Technician,Evening,0,65353.34
604642,Surgery,Pharmacist,Night,27,39188.25
604643,Nursing,Assistant,Night,25,88099.66
604644,Emergency,Assistant,Evening,16,55669
604645,Pharmacy,Technician,Morning,19,54659.67
604646,Surgery,Nurse,Evening,5,44950.37
604647,Administration,Nurse,Evening,7,51629.09
604648,Surgery,Manager,Morning,6,169679.79
604649,Emergency,Assistant,Night,30,147720.8
604650,Diagnostics,Coordinator,Night,24,63303.64
604651,Surgery,Manager,Morning,14,49377.69
604652,Nursing,Nurse,Morning,20,27608.34
604653,Nursing,Pharmacist,Morning,7,56495.91
604654,Pharmacy,Coordinator,Night,30,154248.03
604655,Administration,Nurse,Morning,13,159613.79
604656,Pharmacy,Technician,Morning,3,146241.14
604657,Nursing,Assistant,Evening,6,43995.99
604658,Emergency,Coordinator,Morning,26,171606.88
604659,Nursing,Technician,Night,29,177128.15
604660,Diagnostics,Technician,Morning,5,34075.4
604661,Surgery,Assistant,Night,23,149235.95
604662,Pharmacy,Coordinator,Night,17,167742.33
604663,Pharmacy,Pharmacist,Evening,18,140397.38
604664,Diagnostics,Technician,Evening,26,46666.2
604665,Administration,Assistant,Morning,13,61378.55
604666,Administration,Assistant,Morning,2,123493.75
604667,Pharmacy,Manager,Evening,9,54574.84
604668,Administration,Nurse,Morning,17,91084.61
604669,Emergency,Nurse,Morning,13,52089.42
604670,Administration,Technician,Evening,26,34004.18
604671,Surgery,Pharmacist,Night,29,132866.71
604672,Pharmacy,Manager,Morning,28,113771.72
604673,Emergency,Manager,Evening,28,171505.76
604674,Emergency,Nurse,Night,6,157161.05
604675,Administration,Nurse,Morning,30,41624.41
604676,Emergency,Nurse,Evening,18,155274.61
604677,Emergency,Coordinator,Evening,16,67202.57
604678,Diagnostics,Manager,Night,12,45422.69
604679,Pharmacy,Assistant,Morning,13,61907.06
604680,Administration,Coordinator,Night,12,114348.64
604681,Nursing,Assistant,Night,11,80359.87
604682,Emergency,Technician,Night,25,154844.02
604683,Diagnostics,Pharmacist,Morning,14,44691.27
604684,Nursing,Assistant,Night,13,95709.67
604685,Surgery,Coordinator,Morning,11,104565.96
604686,Nursing,Technician,Evening,14,119563.4
604687,Emergency,Coordinator,Morning,16,113567.97
604688,Nursing,Nurse,Morning,14,128244.26
604689,Surgery,Technician,Night,21,79272.05
604690,Administration,Nurse,Night,17,122626.49
604691,Pharmacy,Nurse,Morning,5,39369.72
604692,Surgery,Nurse,Morning,1,140701.87
604693,Surgery,Pharmacist,Night,11,145935.92
604694,Surgery,Technician,Evening,0,105377.34
604695,Nursing,Coordinator,Morning,29,158705.52
604696,Administration,Assistant,Morning,23,60281.33
604697,Emergency,Pharmacist,Morning,9,144620.81
604698,Nursing,Pharmacist,Morning,20,85941.47
604699,Pharmacy,Coordinator,Night,16,94586.36
604700,Emergency,Pharmacist,Evening,4,41191.95
604701,Administration,Nurse,Night,29,58118.91
604702,Emergency,Technician,Evening,0,163807.29
604703,Diagnostics,Coordinator,Evening,0,92967.49
604704,Pharmacy,Assistant,Morning,4,64695.29
604705,Surgery,Assistant,Evening,25,61264.44
604706,Pharmacy,Pharmacist,Morning,21,95035.33
604707,Diagnostics,Assistant,Evening,17,138998.77
604708,Administration,Technician,Morning,9,48880.07
604709,Diagnostics,Assistant,Evening,9,113807.94
604710,Nursing,Pharmacist,Evening,14,130085.02
604711,Administration,Nurse,Evening,6,45746.42
604712,Administration,Nurse,Night,4,132047.39
604713,Diagnostics,Nurse,Evening,16,114363.8
604714,Pharmacy,Nurse,Evening,9,91468.72
604715,Diagnostics,Coordinator,Night,16,105271.4
604716,Emergency,Coordinator,Evening,28,156446.58
604717,Diagnostics,Pharmacist,Morning,16,74075.55
604718,Pharmacy,Assistant,Evening,28,86289.56
604719,Diagnostics,Manager,Morning,17,33246.3
604720,Pharmacy,Manager,Evening,17,39669.34
604721,Emergency,Nurse,Night,30,116801.14
604722,Nursing,Coordinator,Night,9,100345.25
604723,Diagnostics,Coordinator,Night,27,93108.33
604724,Surgery,Manager,Evening,24,42395.39
604725,Nursing,Manager,Morning,29,78632.45
604726,Emergency,Nurse,Evening,20,162113.43
604727,Administration,Assistant,Morning,22,78329.48
604728,Pharmacy,Nurse,Morning,27,89984.55
604729,Surgery,Nurse,Night,2,136419.39
604730,Emergency,Coordinator,Evening,0,55181.15
604731,Diagnostics,Pharmacist,Morning,21,171756.81
604732,Emergency,Technician,Morning,6,26242.23
604733,Emergency,Coordinator,Night,3,127561.53
604734,Administration,Assistant,Night,19,122060.88
604735,Pharmacy,Nurse,Night,8,122913.85
604736,Emergency,Manager,Evening,29,137419.78
604737,Pharmacy,Assistant,Evening,25,118207.06
604738,Diagnostics,Pharmacist,Night,1,165083.57
604739,Surgery,Technician,Evening,10,122481.04
604740,Emergency,Technician,Evening,14,117834.12
604741,Surgery,Manager,Morning,14,44887.07
604742,Nursing,Manager,Evening,23,103939.25
604743,Diagnostics,Coordinator,Night,5,33812.1
604744,Pharmacy,Pharmacist,Night,12,100769.23
604745,Emergency,Nurse,Night,30,105239.74
604746,Administration,Pharmacist,Night,30,104341.97
604747,Nursing,Nurse,Night,28,38689.46
604748,Pharmacy,Coordinator,Evening,20,41074.75
604749,Pharmacy,Coordinator,Morning,17,134683.45
604750,Emergency,Coordinator,Morning,22,146698.18
604751,Surgery,Pharmacist,Night,16,124440.86
604752,Diagnostics,Coordinator,Evening,26,136987.09
604753,Pharmacy,Assistant,Evening,9,77504.99
604754,Nursing,Manager,Night,7,32454.78
604755,Nursing,Manager,Night,17,118282.93
604756,Emergency,Coordinator,Morning,14,62010.28
604757,Pharmacy,Pharmacist,Night,15,124240.11
604758,Diagnostics,Pharmacist,Morning,25,85039.79
604759,Emergency,Pharmacist,Evening,27,93495.46
604760,Pharmacy,Coordinator,Evening,2,68883.8
604761,Administration,Nurse,Evening,1,167046.48
604762,Surgery,Manager,Evening,21,135491
604763,Nursing,Pharmacist,Night,0,158147.34
604764,Administration,Pharmacist,Evening,25,46014.53
604765,Emergency,Manager,Evening,21,53521.18
604766,Pharmacy,Technician,Night,0,128071.86
604767,Emergency,Assistant,Morning,5,150602.65
604768,Nursing,Manager,Evening,8,69217.29
604769,Emergency,Nurse,Morning,15,72613.36
604770,Administration,Assistant,Evening,27,42399.57
604771,Diagnostics,Pharmacist,Night,14,39112.4
604772,Emergency,Coordinator,Morning,12,51426.35
604773,Diagnostics,Technician,Night,5,112513.26
604774,Administration,Coordinator,Evening,8,48693.36
604775,Pharmacy,Coordinator,Evening,10,120945.07
604776,Surgery,Coordinator,Night,18,175643.84
604777,Emergency,Nurse,Night,14,94609.04
604778,Emergency,Nurse,Night,11,56823.13
604779,Surgery,Pharmacist,Morning,6,146519.16
604780,Diagnostics,Coordinator,Morning,2,134102.52
604781,Surgery,Coordinator,Evening,9,68873.49
604782,Surgery,Nurse,Evening,27,151686.12
604783,Nursing,Pharmacist,Night,1,116699.46
604784,Nursing,Coordinator,Morning,6,85832.86
604785,Administration,Coordinator,Evening,24,44556.11
604786,Surgery,Technician,Evening,25,120543.56
604787,Diagnostics,Assistant,Night,15,93873.35
604788,Emergency,Nurse,Night,18,136160.61
604789,Pharmacy,Technician,Evening,10,31515.72
604790,Diagnostics,Technician,Evening,30,162638.64
604791,Administration,Pharmacist,Morning,28,92091.84
604792,Nursing,Coordinator,Evening,20,108064.02
604793,Nursing,Coordinator,Night,5,155267.32
604794,Emergency,Assistant,Evening,28,114975.04
604795,Surgery,Technician,Morning,23,121681.42
604796,Surgery,Technician,Evening,30,169062.46
604797,Emergency,Assistant,Evening,10,115838.99
604798,Nursing,Assistant,Night,29,177599.85
604799,Emergency,Coordinator,Evening,3,76310.7
604800,Pharmacy,Nurse,Morning,21,159157.96
604801,Emergency,Nurse,Morning,17,140197.19
604802,Administration,Technician,Evening,24,119520.17
604803,Emergency,Pharmacist,Evening,26,74181.89
604804,Diagnostics,Assistant,Night,13,112734.04
604805,Administration,Assistant,Morning,28,167206.54
604806,Surgery,Pharmacist,Morning,18,140635.13
604807,Surgery,Nurse,Morning,8,130846.58
604808,Pharmacy,Pharmacist,Evening,23,33530.56
604809,Administration,Technician,Night,15,156117.61
604810,Surgery,Nurse,Evening,2,164686.15
604811,Administration,Nurse,Evening,13,141714.22
604812,Emergency,Nurse,Night,11,155796.92
604813,Nursing,Manager,Morning,15,71094.5
604814,Surgery,Coordinator,Night,13,33708.88
604815,Surgery,Assistant,Night,25,165530.04
604816,Emergency,Coordinator,Morning,2,167598.87
604817,Nursing,Pharmacist,Morning,4,91085.24
604818,Emergency,Manager,Morning,5,172900.79
604819,Emergency,Coordinator,Night,13,155913.78
604820,Diagnostics,Manager,Morning,26,153968.06
604821,Surgery,Manager,Morning,21,77554.38
604822,Diagnostics,Manager,Night,9,26524.62
604823,Nursing,Nurse,Evening,16,179021.4
604824,Nursing,Pharmacist,Evening,11,105121.99
604825,Nursing,Assistant,Night,0,36874.52
604826,Administration,Manager,Morning,16,68103.88
604827,Emergency,Pharmacist,Evening,25,156322.97
604828,Administration,Assistant,Morning,17,56101.61
604829,Emergency,Pharmacist,Night,24,144433.29
604830,Nursing,Technician,Evening,1,80911.84
604831,Pharmacy,Manager,Night,12,38424.22
604832,Administration,Technician,Night,3,114572.5
604833,Administration,Assistant,Morning,21,153502.14
604834,Emergency,Pharmacist,Morning,14,54502.97
604835,Nursing,Nurse,Morning,24,77981.39
604836,Emergency,Nurse,Night,21,105243.39
604837,Nursing,Nurse,Morning,30,62395.58
604838,Administration,Pharmacist,Morning,21,83660.25
604839,Emergency,Coordinator,Evening,18,33867.46
604840,Nursing,Coordinator,Morning,19,111598.78
604841,Surgery,Pharmacist,Evening,23,111489.82
604842,Surgery,Coordinator,Night,8,68995.44
604843,Emergency,Manager,Evening,1,111535.29
604844,Surgery,Coordinator,Evening,26,168706.57
604845,Surgery,Technician,Night,21,80223.1
604846,Diagnostics,Pharmacist,Morning,20,54450.59
604847,Administration,Nurse,Morning,28,129842.08
604848,Pharmacy,Pharmacist,Morning,10,61128.02
604849,Administration,Pharmacist,Morning,17,95186.26
604850,Administration,Pharmacist,Evening,13,39695.19
604851,Pharmacy,Nurse,Morning,14,143407.82
604852,Surgery,Manager,Morning,0,107351.71
604853,Pharmacy,Technician,Evening,23,113928.54
604854,Surgery,Technician,Evening,5,136597.66
604855,Emergency,Technician,Evening,29,173929.39
604856,Nursing,Assistant,Night,15,120807.88
604857,Emergency,Pharmacist,Night,13,72759.77
604858,Emergency,Assistant,Evening,0,126976.69
604859,Surgery,Assistant,Night,1,87876.73
604860,Nursing,Assistant,Morning,30,57962.7
604861,Surgery,Assistant,Night,18,35624.81
604862,Surgery,Technician,Evening,8,154365.01
604863,Nursing,Assistant,Evening,15,173665.23
604864,Surgery,Manager,Morning,5,71212.18
604865,Nursing,Technician,Night,6,171842.14
604866,Diagnostics,Technician,Night,13,171318.12
604867,Administration,Pharmacist,Morning,25,30215.38
604868,Diagnostics,Manager,Evening,2,130364.8
604869,Surgery,Technician,Evening,24,34401.79
604870,Nursing,Pharmacist,Night,14,179590.24
604871,Surgery,Assistant,Morning,11,144284.22
604872,Surgery,Pharmacist,Night,19,40769.59
604873,Pharmacy,Assistant,Evening,9,42499.39
604874,Emergency,Manager,Night,13,119890.16
604875,Emergency,Pharmacist,Night,5,111883.01
604876,Diagnostics,Assistant,Morning,22,134700.24
604877,Nursing,Technician,Night,2,77263.57
604878,Emergency,Coordinator,Morning,22,58890.59
604879,Surgery,Pharmacist,Morning,16,119625.12
604880,Pharmacy,Manager,Night,11,163184.91
604881,Emergency,Coordinator,Night,15,112462.35
604882,Administration,Pharmacist,Night,0,147647.42
604883,Diagnostics,Coordinator,Night,4,161842.94
604884,Diagnostics,Assistant,Night,19,164500.52
604885,Surgery,Coordinator,Morning,17,70898.93
604886,Diagnostics,Nurse,Night,2,124817.89
604887,Surgery,Nurse,Morning,10,29481.13
604888,Nursing,Technician,Morning,28,91861.01
604889,Emergency,Nurse,Night,16,137158.71
604890,Surgery,Pharmacist,Night,3,42250.29
604891,Nursing,Technician,Evening,24,81677.74
604892,Pharmacy,Coordinator,Night,7,36077.76
604893,Pharmacy,Pharmacist,Morning,18,27444.35
604894,Pharmacy,Technician,Morning,5,106709.07
604895,Diagnostics,Coordinator,Night,26,54408.77
604896,Diagnostics,Technician,Night,15,28526.08
604897,Emergency,Technician,Morning,24,96065.37
604898,Administration,Manager,Night,25,25988.09
604899,Diagnostics,Assistant,Night,22,29908.13
604900,Emergency,Nurse,Morning,8,152047.04
604901,Administration,Pharmacist,Night,17,93640.95
604902,Emergency,Technician,Evening,10,150026.93
604903,Diagnostics,Assistant,Morning,25,166866.3
604904,Surgery,Technician,Evening,25,126812.33
604905,Surgery,Assistant,Evening,18,77508.08
604906,Emergency,Assistant,Evening,22,62216.04
604907,Nursing,Assistant,Night,25,98746.84
604908,Pharmacy,Manager,Evening,26,174789.77
604909,Administration,Pharmacist,Morning,29,105513.16
604910,Surgery,Assistant,Morning,27,106234.73
604911,Administration,Pharmacist,Morning,23,44577.84
604912,Pharmacy,Coordinator,Evening,25,42172.67
604913,Diagnostics,Manager,Night,16,150991.67
604914,Administration,Assistant,Morning,2,137324.05
604915,Pharmacy,Assistant,Night,27,127726.79
604916,Surgery,Assistant,Evening,17,139121.27
604917,Diagnostics,Manager,Morning,11,159504.33
604918,Emergency,Nurse,Night,28,153404.07
604919,Emergency,Assistant,Evening,23,65088.04
604920,Nursing,Manager,Evening,28,163671.48
604921,Diagnostics,Manager,Night,25,74391.79
604922,Nursing,Manager,Night,19,33829.74
604923,Administration,Manager,Night,4,94972.47
604924,Emergency,Coordinator,Evening,18,171371.19
604925,Administration,Coordinator,Evening,28,44383
604926,Emergency,Nurse,Night,12,95683.62
604927,Emergency,Pharmacist,Night,30,123817.73
604928,Administration,Technician,Morning,2,49006.79
604929,Surgery,Coordinator,Morning,22,67138.65
604930,Surgery,Technician,Evening,0,33101.95
604931,Surgery,Assistant,Morning,6,149943.96
604932,Surgery,Technician,Morning,24,100306.04
604933,Surgery,Pharmacist,Night,5,78831.21
604934,Pharmacy,Assistant,Evening,8,124584.61
604935,Diagnostics,Manager,Night,13,82720.01
604936,Diagnostics,Assistant,Morning,19,147634.18
604937,Emergency,Manager,Night,28,79780.5
604938,Diagnostics,Manager,Morning,4,87071.98
604939,Diagnostics,Assistant,Night,21,94196.72
604940,Pharmacy,Coordinator,Night,21,121337.93
604941,Nursing,Pharmacist,Morning,2,91833.33
604942,Nursing,Pharmacist,Night,26,25741.81
604943,Administration,Pharmacist,Night,3,36637.35
604944,Pharmacy,Manager,Night,27,131029.93
604945,Surgery,Pharmacist,Morning,24,96333.93
604946,Emergency,Coordinator,Night,15,103986.47
604947,Administration,Technician,Morning,4,170857.45
604948,Nursing,Nurse,Morning,0,77563.81
604949,Nursing,Pharmacist,Evening,5,164043.43
604950,Nursing,Assistant,Evening,9,114714.81
604951,Emergency,Coordinator,Morning,23,170688.96
604952,Surgery,Technician,Night,9,89881.83
604953,Diagnostics,Technician,Evening,28,136102.81
604954,Pharmacy,Pharmacist,Morning,18,174351.26
604955,Administration,Manager,Morning,26,166929.77
604956,Nursing,Nurse,Evening,23,106251.87
604957,Emergency,Coordinator,Evening,16,132381.1
604958,Nursing,Coordinator,Evening,16,70303.47
604959,Nursing,Technician,Evening,9,41226.26
604960,Surgery,Pharmacist,Night,13,164268.81
604961,Nursing,Nurse,Evening,26,140913.65
604962,Surgery,Technician,Morning,29,129861.54
604963,Administration,Assistant,Evening,7,94599.16
604964,Administration,Pharmacist,Evening,24,134165.73
604965,Pharmacy,Technician,Night,23,40166.95
604966,Emergency,Manager,Night,16,33223.49
604967,Emergency,Assistant,Morning,28,74435.32
604968,Emergency,Pharmacist,Night,11,165302.93
604969,Administration,Manager,Night,5,159892.93
604970,Administration,Pharmacist,Night,12,25887.56
604971,Surgery,Pharmacist,Night,15,29865.67
604972,Emergency,Assistant,Morning,3,58605.88
604973,Nursing,Assistant,Evening,0,71374.27
604974,Nursing,Nurse,Morning,29,80878.11
604975,Emergency,Manager,Morning,25,145477.07
604976,Surgery,Pharmacist,Evening,9,57605.01
604977,Surgery,Nurse,Morning,2,49955.21
604978,Nursing,Technician,Night,5,161463.92
604979,Surgery,Technician,Morning,10,160779.18
604980,Surgery,Nurse,Night,23,88585.89
604981,Nursing,Assistant,Night,14,143655.78
604982,Diagnostics,Assistant,Evening,9,91305.95
604983,Emergency,Nurse,Morning,26,33631.61
604984,Administration,Manager,Morning,5,142604.86
604985,Pharmacy,Pharmacist,Night,13,80764.57
604986,Surgery,Technician,Morning,8,46993.39
604987,Pharmacy,Pharmacist,Night,16,134454.51
604988,Nursing,Pharmacist,Evening,17,77511.08
604989,Pharmacy,Coordinator,Evening,25,164509.45
604990,Administration,Assistant,Night,6,116639.29
604991,Administration,Pharmacist,Evening,22,91597.93
604992,Surgery,Assistant,Evening,12,170653.44
604993,Pharmacy,Pharmacist,Night,24,78299.23
604994,Diagnostics,Coordinator,Morning,20,149866.15
604995,Administration,Nurse,Night,16,74996.76
604996,Administration,Manager,Morning,23,136601.42
604997,Administration,Nurse,Morning,2,29719.36
604998,Pharmacy,Manager,Evening,7,171087.58
604999,Emergency,Coordinator,Evening,18,38348.7
605000,Surgery,Manager,Evening,25,80841.72
605001,Nursing,Nurse,Morning,13,114630.69
605002,Diagnostics,Assistant,Morning,16,165272.62
605003,Administration,Assistant,Morning,28,75650.25
605004,Emergency,Coordinator,Night,15,152118.7
605005,Nursing,Pharmacist,Evening,25,162763.92
605006,Administration,Pharmacist,Night,14,94451.19
605007,Diagnostics,Assistant,Night,2,139404.67
605008,Pharmacy,Coordinator,Morning,20,142805.81
605009,Nursing,Technician,Evening,17,40784.93
605010,Administration,Manager,Evening,16,47315.13
605011,Emergency,Coordinator,Night,12,70035.96
605012,Nursing,Nurse,Morning,20,26219.66
605013,Pharmacy,Nurse,Morning,10,148524.55
605014,Nursing,Coordinator,Evening,12,126537.65
605015,Surgery,Nurse,Morning,7,41975.29
605016,Pharmacy,Assistant,Morning,6,135016.33
605017,Administration,Technician,Morning,24,26122.26
605018,Surgery,Coordinator,Evening,16,124822.93
605019,Administration,Technician,Evening,17,108167.92
605020,Nursing,Coordinator,Evening,29,61907.11
605021,Administration,Manager,Night,19,121924.43
605022,Nursing,Coordinator,Night,16,111000.96
605023,Pharmacy,Technician,Morning,7,114645.06
605024,Emergency,Coordinator,Night,4,58516.08
605025,Nursing,Coordinator,Evening,10,38457.08
605026,Diagnostics,Pharmacist,Morning,18,60265.18
605027,Nursing,Manager,Night,5,81776.18
605028,Administration,Nurse,Night,22,161584.22
605029,Emergency,Assistant,Evening,3,103155.17
605030,Pharmacy,Manager,Night,25,109386.72
605031,Pharmacy,Pharmacist,Morning,25,60947.15
605032,Emergency,Manager,Night,20,142510.5
605033,Administration,Manager,Evening,28,64226.64
605034,Pharmacy,Technician,Morning,12,33345.47
605035,Nursing,Nurse,Night,30,75686.06
605036,Diagnostics,Nurse,Evening,29,52843.94
605037,Pharmacy,Manager,Night,15,175937.14
605038,Diagnostics,Pharmacist,Evening,23,42404.56
605039,Pharmacy,Assistant,Night,3,56063.27
605040,Surgery,Assistant,Evening,23,179715.6
605041,Diagnostics,Pharmacist,Evening,14,161395.58
605042,Surgery,Assistant,Night,22,119041
605043,Nursing,Coordinator,Night,27,166049.27
605044,Pharmacy,Technician,Morning,2,157787.45
605045,Administration,Manager,Evening,2,47586.41
605046,Nursing,Coordinator,Night,30,173574.88
605047,Surgery,Pharmacist,Morning,25,166702.85
605048,Pharmacy,Manager,Night,20,141707.13
605049,Diagnostics,Assistant,Night,16,152253.23
605050,Pharmacy,Nurse,Morning,12,104964.89
605051,Nursing,Technician,Evening,22,164270.29
605052,Nursing,Pharmacist,Morning,9,51558.68
605053,Pharmacy,Pharmacist,Night,27,87361.51
605054,Pharmacy,Coordinator,Morning,6,39862.56
605055,Emergency,Manager,Morning,15,35579.87
605056,Diagnostics,Coordinator,Evening,21,108109.34
605057,Pharmacy,Manager,Morning,21,102649.1
605058,Nursing,Coordinator,Night,17,86437.55
605059,Emergency,Assistant,Morning,0,96227.71
605060,Emergency,Technician,Evening,25,129069.25
605061,Diagnostics,Pharmacist,Morning,13,35191.16
605062,Administration,Technician,Morning,11,116434.95
605063,Administration,Technician,Night,19,95494.03
605064,Nursing,Coordinator,Morning,25,108123.49
605065,Emergency,Coordinator,Evening,5,62916.23
605066,Nursing,Manager,Morning,4,144643.59
605067,Diagnostics,Nurse,Night,24,53475.27
605068,Emergency,Coordinator,Night,20,103138.22
605069,Nursing,Assistant,Morning,28,85101.63
605070,Pharmacy,Pharmacist,Morning,26,70495.6
605071,Surgery,Coordinator,Night,25,120563.65
605072,Diagnostics,Technician,Morning,12,75631.46
605073,Nursing,Coordinator,Evening,22,171180.01
605074,Nursing,Coordinator,Morning,30,39439.54
605075,Surgery,Manager,Evening,4,144679.54
605076,Emergency,Assistant,Evening,14,94757.79
605077,Emergency,Coordinator,Evening,24,82861.4
605078,Pharmacy,Manager,Morning,9,40129.89
605079,Administration,Pharmacist,Night,21,137479.51
605080,Emergency,Pharmacist,Night,22,32205.66
605081,Nursing,Assistant,Night,5,61148.4
605082,Emergency,Coordinator,Morning,25,117533.74
605083,Surgery,Manager,Morning,21,46278.74
605084,Administration,Manager,Evening,28,57931.11
605085,Diagnostics,Nurse,Night,21,39421.34
605086,Diagnostics,Manager,Night,17,138886.1
605087,Pharmacy,Nurse,Evening,25,54185.14
605088,Surgery,Technician,Morning,26,90176.12
605089,Administration,Technician,Night,27,162486.48
605090,Pharmacy,Coordinator,Evening,2,145377.34
605091,Diagnostics,Pharmacist,Morning,28,120409.74
605092,Nursing,Assistant,Evening,28,90196.11
605093,Diagnostics,Manager,Morning,19,162504
605094,Pharmacy,Pharmacist,Evening,13,167044.76
605095,Nursing,Nurse,Evening,26,97408.84
605096,Administration,Assistant,Night,14,80690.66
605097,Diagnostics,Technician,Evening,21,99833.48
605098,Pharmacy,Technician,Evening,23,57452.39
605099,Nursing,Manager,Night,8,55040.54
605100,Pharmacy,Assistant,Night,3,113272.37
605101,Surgery,Coordinator,Evening,28,30655.74
605102,Nursing,Coordinator,Night,0,36876.56
605103,Diagnostics,Pharmacist,Night,15,65039.89
605104,Diagnostics,Nurse,Night,12,157520.62
605105,Emergency,Nurse,Night,18,102099.21
605106,Nursing,Assistant,Morning,9,27938.11
605107,Pharmacy,Assistant,Night,8,70527.1
605108,Diagnostics,Pharmacist,Morning,18,142056.21
605109,Administration,Technician,Morning,1,58258.78
605110,Surgery,Nurse,Morning,7,122675.2
605111,Nursing,Manager,Night,1,104262.34
605112,Administration,Assistant,Evening,7,160085.38
605113,Administration,Nurse,Evening,15,142440.44
605114,Emergency,Nurse,Morning,29,151130.52
605115,Nursing,Assistant,Morning,10,136208.35
605116,Pharmacy,Coordinator,Evening,19,155176.82
605117,Surgery,Assistant,Evening,11,26978.99
605118,Diagnostics,Assistant,Night,23,179697.52
605119,Surgery,Pharmacist,Evening,21,152617.11
605120,Emergency,Coordinator,Evening,19,103892.18
605121,Administration,Assistant,Night,5,171260.24
605122,Surgery,Coordinator,Evening,1,143591.64
605123,Pharmacy,Pharmacist,Evening,5,83598.45
605124,Administration,Assistant,Night,24,67573.89
605125,Nursing,Pharmacist,Night,25,149390.18
605126,Surgery,Manager,Night,1,34326.77
605127,Emergency,Nurse,Morning,7,67897.42
605128,Diagnostics,Assistant,Night,6,98116.14
605129,Surgery,Manager,Night,23,60070.9
605130,Surgery,Manager,Night,2,139265.98
605131,Pharmacy,Technician,Evening,8,29855.09
605132,Pharmacy,Technician,Night,2,139218.3
605133,Administration,Pharmacist,Evening,19,26487.9
605134,Pharmacy,Technician,Night,21,108734.17
605135,Diagnostics,Nurse,Morning,6,176942.25
605136,Surgery,Pharmacist,Evening,23,52785.62
605137,Diagnostics,Nurse,Night,5,104902.34
605138,Pharmacy,Nurse,Morning,12,45994.65
605139,Administration,Nurse,Morning,25,171060.82
605140,Surgery,Nurse,Morning,7,171222.67
605141,Surgery,Pharmacist,Night,0,25338.76
605142,Emergency,Coordinator,Night,19,124837.9
605143,Surgery,Nurse,Morning,25,84088.69
605144,Diagnostics,Assistant,Morning,29,163558.69
605145,Administration,Coordinator,Morning,22,54472.2
605146,Diagnostics,Pharmacist,Evening,3,90284.6
605147,Nursing,Technician,Evening,28,115274.16
605148,Nursing,Manager,Morning,16,107538.19
605149,Emergency,Nurse,Night,6,100085.63
605150,Pharmacy,Nurse,Evening,6,112964.11
605151,Administration,Manager,Night,29,44115.15
605152,Nursing,Technician,Evening,16,123385.58
605153,Surgery,Nurse,Evening,25,62518.67
605154,Surgery,Assistant,Evening,2,33567.09
605155,Diagnostics,Assistant,Morning,30,43545.24
605156,Emergency,Assistant,Night,21,114420.29
605157,Administration,Coordinator,Evening,13,157465.44
605158,Nursing,Manager,Night,12,59953.89
605159,Surgery,Manager,Evening,1,86137.66
605160,Nursing,Assistant,Night,10,29911.66
605161,Administration,Technician,Evening,1,111575.86
605162,Surgery,Coordinator,Evening,21,53658.02
605163,Diagnostics,Manager,Evening,24,91012.17
605164,Pharmacy,Pharmacist,Evening,14,73668.74
605165,Pharmacy,Technician,Evening,24,144083.88
605166,Diagnostics,Pharmacist,Evening,11,62971.05
605167,Emergency,Coordinator,Night,16,163853.38
605168,Surgery,Pharmacist,Morning,10,129992.98
605169,Emergency,Manager,Morning,29,79518.64
605170,Pharmacy,Assistant,Evening,16,179833.32
605171,Diagnostics,Assistant,Evening,8,46291.66
605172,Diagnostics,Nurse,Morning,18,128184.35
605173,Administration,Nurse,Evening,15,170080.77
605174,Nursing,Assistant,Morning,23,89854.17
605175,Surgery,Manager,Morning,8,30922.9
605176,Nursing,Manager,Evening,11,86534.84
605177,Emergency,Coordinator,Night,28,30958.09
605178,Emergency,Technician,Evening,16,29052.65
605179,Administration,Pharmacist,Night,21,36197.42
605180,Nursing,Pharmacist,Night,3,98622.25
605181,Diagnostics,Assistant,Evening,29,73557.4
605182,Emergency,Technician,Night,9,126898.38
605183,Emergency,Coordinator,Evening,25,70851.13
605184,Pharmacy,Nurse,Evening,4,171075.64
605185,Surgery,Manager,Morning,3,68679.66
605186,Diagnostics,Technician,Morning,24,91471.26
605187,Diagnostics,Nurse,Night,5,84013.72
605188,Pharmacy,Assistant,Morning,1,40926.5
605189,Emergency,Pharmacist,Night,23,26330.31
605190,Emergency,Coordinator,Morning,20,151130.77
605191,Pharmacy,Manager,Evening,5,94211.02
605192,Nursing,Technician,Night,3,114729.39
605193,Pharmacy,Manager,Night,23,158813.06
605194,Pharmacy,Pharmacist,Morning,9,128658.67
605195,Administration,Coordinator,Evening,24,166930.33
605196,Pharmacy,Assistant,Morning,7,149212.63
605197,Pharmacy,Manager,Night,15,108974.87
605198,Diagnostics,Coordinator,Evening,29,137126.05
605199,Diagnostics,Coordinator,Night,23,69778.1
605200,Pharmacy,Technician,Evening,6,170232.12
605201,Nursing,Manager,Night,1,110430.32
605202,Nursing,Pharmacist,Evening,18,87449.73
605203,Administration,Assistant,Night,7,175186.4
605204,Surgery,Nurse,Morning,14,138333.71
605205,Nursing,Manager,Night,19,100522.69
605206,Administration,Coordinator,Morning,9,134194.22
605207,Pharmacy,Pharmacist,Night,21,59343.53
605208,Emergency,Pharmacist,Morning,23,55478.82
605209,Surgery,Nurse,Night,26,130093.31
605210,Surgery,Technician,Evening,24,81770.75
605211,Pharmacy,Assistant,Night,26,127941.63
605212,Administration,Pharmacist,Morning,2,85279.29
605213,Nursing,Coordinator,Morning,3,76380.98
605214,Nursing,Pharmacist,Evening,19,116535.71
605215,Nursing,Manager,Evening,9,27905.96
605216,Surgery,Manager,Morning,27,148473.68
605217,Emergency,Nurse,Evening,19,86399.97
605218,Emergency,Nurse,Night,15,55793.4
605219,Administration,Nurse,Night,11,37657.82
605220,Pharmacy,Assistant,Morning,29,90986.57
605221,Pharmacy,Nurse,Evening,16,106290.78
605222,Emergency,Manager,Morning,0,174538.46
605223,Administration,Pharmacist,Morning,2,75926.94
605224,Administration,Nurse,Night,24,51513.1
605225,Surgery,Nurse,Morning,13,90305.33
605226,Nursing,Coordinator,Night,28,33436.43
605227,Nursing,Pharmacist,Evening,24,139341.35
605228,Emergency,Assistant,Morning,11,154180.93
605229,Diagnostics,Assistant,Evening,9,168199.05
605230,Emergency,Pharmacist,Evening,18,129619.22
605231,Administration,Technician,Evening,30,150292.17
605232,Nursing,Assistant,Evening,22,145295.95
605233,Administration,Manager,Night,20,166183.42
605234,Administration,Manager,Morning,10,172559.6
605235,Nursing,Coordinator,Morning,2,164840.77
605236,Emergency,Technician,Evening,12,174854.16
605237,Surgery,Pharmacist,Evening,23,77765.44
605238,Surgery,Technician,Night,6,161563.43
605239,Diagnostics,Manager,Evening,16,147867.22
605240,Surgery,Assistant,Morning,23,107949.12
605241,Emergency,Pharmacist,Morning,7,79027.08
605242,Administration,Pharmacist,Night,26,60694.96
605243,Administration,Coordinator,Night,4,101372.01
605244,Nursing,Coordinator,Morning,24,52738.51
605245,Diagnostics,Nurse,Morning,17,96706.45
605246,Pharmacy,Assistant,Morning,30,126745.95
605247,Pharmacy,Pharmacist,Morning,15,32206.21
605248,Pharmacy,Manager,Morning,11,130146.05
605249,Pharmacy,Nurse,Evening,19,147086.08
605250,Emergency,Nurse,Evening,12,106531.79
605251,Diagnostics,Nurse,Night,8,95607.24
605252,Diagnostics,Nurse,Morning,14,26694.16
605253,Diagnostics,Manager,Night,7,65368.05
605254,Diagnostics,Technician,Evening,29,99116.16
605255,Administration,Assistant,Morning,0,121467.37
605256,Administration,Nurse,Morning,2,120738.95
605257,Pharmacy,Technician,Evening,22,26951.35
605258,Surgery,Pharmacist,Night,15,134874.05
605259,Diagnostics,Technician,Night,0,142836.12
605260,Surgery,Manager,Evening,16,30904.27
605261,Nursing,Pharmacist,Night,8,113348.83
605262,Emergency,Coordinator,Evening,0,43320.03
605263,Administration,Assistant,Morning,15,112120.44
605264,Nursing,Coordinator,Evening,0,75665.1
605265,Emergency,Technician,Evening,0,25554.15
605266,Diagnostics,Assistant,Night,22,122985.14
605267,Emergency,Manager,Morning,9,75009.17
605268,Emergency,Nurse,Night,30,52649.69
605269,Pharmacy,Manager,Evening,7,155620.56
605270,Pharmacy,Assistant,Morning,29,59801.72
605271,Administration,Coordinator,Night,26,135194
605272,Pharmacy,Manager,Evening,27,131278.92
605273,Administration,Pharmacist,Evening,8,121422.42
605274,Pharmacy,Assistant,Morning,4,171317.65
605275,Emergency,Coordinator,Morning,12,167065.46
605276,Emergency,Manager,Night,9,114582.63
605277,Nursing,Manager,Night,18,81186.24
605278,Diagnostics,Manager,Morning,10,84435.2
605279,Surgery,Nurse,Evening,21,142144.64
605280,Nursing,Technician,Night,23,167247.84
605281,Pharmacy,Technician,Morning,27,56267.76
605282,Emergency,Coordinator,Evening,20,37980.25
605283,Surgery,Technician,Morning,17,112532.19
605284,Surgery,Manager,Morning,13,129361.21
605285,Emergency,Manager,Night,1,45760.54
605286,Pharmacy,Technician,Morning,15,86537.87
605287,Nursing,Pharmacist,Morning,6,163308.05
605288,Administration,Nurse,Evening,28,34734.1
605289,Surgery,Technician,Evening,15,125040.68
605290,Nursing,Technician,Evening,24,46312.36
605291,Diagnostics,Nurse,Evening,11,85222.27
605292,Pharmacy,Nurse,Morning,19,148617.06
605293,Administration,Manager,Morning,7,77742.86
605294,Pharmacy,Pharmacist,Evening,19,26059.2
605295,Diagnostics,Assistant,Morning,14,157365.08
605296,Pharmacy,Pharmacist,Morning,19,136125.58
605297,Surgery,Pharmacist,Morning,27,60013.32
605298,Surgery,Manager,Evening,15,101172.01
605299,Emergency,Coordinator,Evening,6,62714.37
605300,Nursing,Nurse,Night,1,126411.42
605301,Administration,Manager,Morning,2,130722.28
605302,Pharmacy,Assistant,Evening,2,60538.47
605303,Diagnostics,Pharmacist,Morning,6,154289.9
605304,Emergency,Technician,Morning,6,81954.3
605305,Emergency,Manager,Night,11,95002.52
605306,Administration,Nurse,Night,30,175431.95
605307,Administration,Manager,Morning,10,153919.28
605308,Diagnostics,Pharmacist,Morning,28,52197.26
605309,Emergency,Manager,Morning,4,87692.54
605310,Diagnostics,Coordinator,Evening,11,69078.07
605311,Nursing,Assistant,Evening,13,147919.24
605312,Emergency,Pharmacist,Morning,1,109032.2
605313,Nursing,Manager,Morning,16,102357.9
605314,Administration,Manager,Morning,18,66900.86
605315,Pharmacy,Nurse,Morning,22,101942.83
605316,Surgery,Pharmacist,Night,5,128138.42
605317,Administration,Coordinator,Morning,28,62145.49
605318,Surgery,Technician,Night,11,143613.98
605319,Administration,Coordinator,Evening,12,109328.02
605320,Diagnostics,Technician,Morning,2,173736.03
605321,Surgery,Manager,Evening,11,153812.42
605322,Diagnostics,Coordinator,Morning,22,86370.75
605323,Surgery,Assistant,Morning,15,92214.19
605324,Administration,Manager,Morning,23,58712.45
605325,Administration,Technician,Morning,22,89556.96
605326,Pharmacy,Technician,Night,8,93548.13
605327,Pharmacy,Assistant,Morning,16,83049.64
605328,Surgery,Manager,Night,15,141571.89
605329,Surgery,Manager,Morning,22,99621
605330,Surgery,Pharmacist,Night,10,73791.17
605331,Administration,Coordinator,Evening,30,125698.11
605332,Diagnostics,Assistant,Night,0,150996.88
605333,Administration,Nurse,Morning,29,40874.48
605334,Pharmacy,Manager,Morning,0,88630.31
605335,Diagnostics,Technician,Morning,12,144241.33
605336,Surgery,Nurse,Night,0,108644.73
605337,Pharmacy,Coordinator,Night,17,32755.7
605338,Emergency,Pharmacist,Evening,2,36063.45
605339,Pharmacy,Manager,Morning,8,97736.21
605340,Surgery,Technician,Night,16,164877.67
605341,Administration,Manager,Evening,24,166948.13
605342,Surgery,Manager,Evening,17,167756.94
605343,Administration,Pharmacist,Night,8,146758.71
605344,Administration,Manager,Morning,6,42563.88
605345,Surgery,Manager,Night,8,52550.08
605346,Administration,Pharmacist,Morning,12,119895.67
605347,Nursing,Coordinator,Evening,27,81466.96
605348,Pharmacy,Coordinator,Morning,3,33649.52
605349,Administration,Manager,Evening,24,44005.34
605350,Administration,Coordinator,Night,1,109720.15
605351,Emergency,Manager,Morning,12,33245.25
605352,Administration,Assistant,Night,13,115962.51
605353,Nursing,Coordinator,Morning,17,26303.08
605354,Administration,Technician,Night,12,167243.9
605355,Nursing,Coordinator,Night,10,78138.55
605356,Emergency,Technician,Morning,15,161516.22
605357,Administration,Technician,Night,9,26393.34
605358,Pharmacy,Manager,Morning,23,31131.39
605359,Emergency,Technician,Evening,26,123690.39
605360,Pharmacy,Nurse,Evening,4,112716.66
605361,Surgery,Technician,Morning,17,92901.06
605362,Emergency,Assistant,Evening,18,38811.19
605363,Administration,Technician,Morning,7,121425.39
605364,Emergency,Nurse,Morning,16,156320.17
605365,Nursing,Assistant,Evening,0,78632.01
605366,Emergency,Coordinator,Evening,27,126147.23
605367,Diagnostics,Technician,Morning,5,40142.36
605368,Diagnostics,Coordinator,Evening,22,106545.69
605369,Emergency,Manager,Night,3,87785.64
605370,Surgery,Technician,Evening,25,89516.51
605371,Surgery,Coordinator,Evening,30,83325.52
605372,Surgery,Manager,Morning,24,108422.39
605373,Administration,Pharmacist,Evening,29,165771.29
605374,Nursing,Assistant,Night,21,35149.04
605375,Diagnostics,Nurse,Evening,0,168353.59
605376,Diagnostics,Pharmacist,Evening,22,64044.5
605377,Emergency,Manager,Night,4,48956.72
605378,Diagnostics,Pharmacist,Evening,17,144073.5
605379,Nursing,Technician,Evening,5,132705.17
605380,Nursing,Assistant,Morning,21,124810.91
605381,Pharmacy,Coordinator,Night,1,124808.21
605382,Surgery,Coordinator,Night,20,116718.68
605383,Pharmacy,Manager,Evening,2,114606.07
605384,Nursing,Nurse,Morning,3,98260.15
605385,Administration,Manager,Evening,17,168015.86
605386,Nursing,Coordinator,Night,13,112208.09
605387,Surgery,Nurse,Night,17,118440.43
605388,Diagnostics,Manager,Morning,17,98199.63
605389,Pharmacy,Coordinator,Evening,16,99036.69
605390,Diagnostics,Coordinator,Night,16,177782.08
605391,Administration,Manager,Evening,29,64188.47
605392,Administration,Coordinator,Evening,20,148109.32
605393,Nursing,Technician,Morning,14,106779.15
605394,Nursing,Coordinator,Evening,27,46971.18
605395,Pharmacy,Nurse,Night,7,168338.33
605396,Emergency,Pharmacist,Morning,8,122233.35
605397,Emergency,Manager,Evening,11,146305.81
605398,Emergency,Pharmacist,Night,6,127645.69
605399,Pharmacy,Coordinator,Evening,2,49111.3
605400,Emergency,Technician,Evening,7,159080.84
605401,Surgery,Technician,Night,21,143897.75
605402,Diagnostics,Coordinator,Night,21,159638.29
605403,Emergency,Coordinator,Night,1,74210.25
605404,Nursing,Coordinator,Evening,2,105521.33
605405,Diagnostics,Pharmacist,Morning,17,95066.76
605406,Pharmacy,Coordinator,Morning,2,121233.21
605407,Diagnostics,Coordinator,Morning,0,62112.53
605408,Diagnostics,Assistant,Evening,22,101259.92
605409,Surgery,Assistant,Evening,22,104225.91
605410,Emergency,Nurse,Evening,25,104650.98
605411,Diagnostics,Assistant,Morning,1,82813.75
605412,Diagnostics,Manager,Morning,19,139266.69
605413,Nursing,Nurse,Evening,19,142805.25
605414,Nursing,Technician,Morning,25,159294.84
605415,Diagnostics,Assistant,Morning,28,90809.49
605416,Surgery,Nurse,Morning,5,41715.81
605417,Pharmacy,Manager,Evening,26,59854.82
605418,Surgery,Manager,Morning,10,169207.45
605419,Nursing,Assistant,Morning,22,166455.6
605420,Emergency,Manager,Evening,5,141742.39
605421,Nursing,Pharmacist,Night,16,136846.33
605422,Emergency,Assistant,Night,5,137919.76
605423,Emergency,Nurse,Morning,27,26966.23
605424,Diagnostics,Nurse,Evening,23,139710.71
605425,Pharmacy,Nurse,Night,20,89417.46
605426,Surgery,Assistant,Evening,18,39926.9
605427,Surgery,Pharmacist,Night,25,71617.63
605428,Emergency,Assistant,Night,16,151146.54
605429,Pharmacy,Nurse,Evening,3,47607.42
605430,Pharmacy,Manager,Evening,4,129135.81
605431,Emergency,Nurse,Evening,13,174314.85
605432,Pharmacy,Assistant,Evening,24,108960.7
605433,Surgery,Manager,Night,3,93516.34
605434,Surgery,Pharmacist,Evening,5,149647.47
605435,Pharmacy,Pharmacist,Morning,30,88775.71
605436,Administration,Technician,Morning,24,53620.94
605437,Pharmacy,Pharmacist,Night,2,136943.42
605438,Pharmacy,Technician,Morning,28,80713.58
605439,Emergency,Assistant,Evening,16,85183.47
605440,Emergency,Manager,Night,12,112961.59
605441,Diagnostics,Assistant,Evening,1,122505.61
605442,Administration,Pharmacist,Night,15,50885.61
605443,Emergency,Technician,Evening,5,110697.76
605444,Pharmacy,Manager,Evening,27,134760.1
605445,Administration,Coordinator,Morning,26,78217.56
605446,Diagnostics,Pharmacist,Morning,12,165528.16
605447,Administration,Technician,Morning,1,124045.72
605448,Administration,Manager,Night,6,40014.15
605449,Emergency,Assistant,Night,29,140459.29
605450,Administration,Nurse,Evening,25,64995.95
605451,Pharmacy,Assistant,Evening,15,169482.19
605452,Pharmacy,Pharmacist,Night,13,153445.18
605453,Diagnostics,Coordinator,Morning,15,53075.98
605454,Diagnostics,Nurse,Evening,1,106883.83
605455,Nursing,Technician,Morning,0,164626.97
605456,Administration,Coordinator,Night,14,159972.46
605457,Surgery,Assistant,Morning,23,125369.43
605458,Nursing,Technician,Morning,24,77140.55
605459,Surgery,Technician,Evening,23,26870.47
605460,Surgery,Assistant,Evening,23,116335.23
605461,Nursing,Manager,Evening,21,29963.01
605462,Diagnostics,Technician,Morning,27,72474.24
605463,Pharmacy,Nurse,Evening,23,63345.22
605464,Emergency,Technician,Morning,21,89439.68
605465,Nursing,Nurse,Morning,3,71517.71
605466,Nursing,Manager,Evening,16,121938.26
605467,Emergency,Assistant,Evening,18,65758.13
605468,Pharmacy,Technician,Evening,23,174822.05
605469,Administration,Coordinator,Night,9,25200.74
605470,Surgery,Assistant,Evening,14,129177.16
605471,Pharmacy,Nurse,Morning,9,84074.97
605472,Nursing,Assistant,Evening,11,85026.35
605473,Diagnostics,Assistant,Night,6,42119.7
605474,Diagnostics,Manager,Evening,24,143437.08
605475,Surgery,Technician,Night,9,140544.6
605476,Nursing,Nurse,Evening,20,120387.85
605477,Surgery,Pharmacist,Night,27,159071.48
605478,Surgery,Manager,Evening,21,60138.81
605479,Emergency,Assistant,Evening,27,175584.46
605480,Surgery,Technician,Evening,26,113729.26
605481,Emergency,Assistant,Evening,22,105200.81
605482,Pharmacy,Coordinator,Evening,26,120378.96
605483,Surgery,Manager,Evening,25,58656.26
605484,Nursing,Coordinator,Evening,13,58223.76
605485,Nursing,Coordinator,Evening,19,78701.71
605486,Nursing,Manager,Morning,14,104649.35
605487,Pharmacy,Coordinator,Night,16,29269.43
605488,Pharmacy,Technician,Night,29,120739.65
605489,Emergency,Manager,Evening,10,157466.29
605490,Diagnostics,Nurse,Evening,21,158924.78
605491,Administration,Coordinator,Morning,15,86290.87
605492,Emergency,Assistant,Morning,13,179231.43
605493,Nursing,Nurse,Night,4,136241.67
605494,Pharmacy,Assistant,Night,15,170281.9
605495,Pharmacy,Coordinator,Evening,29,65078.6
605496,Surgery,Nurse,Evening,17,88032.15
605497,Administration,Assistant,Morning,14,64750.2
605498,Pharmacy,Coordinator,Night,4,149275.24
605499,Pharmacy,Nurse,Evening,8,148863.17
605500,Surgery,Manager,Morning,20,29071.8
605501,Diagnostics,Technician,Evening,5,93311.36
605502,Diagnostics,Nurse,Morning,12,117055.63
605503,Diagnostics,Nurse,Evening,23,165532.92
605504,Diagnostics,Coordinator,Night,29,68345.8
605505,Administration,Pharmacist,Night,3,81080.16
605506,Administration,Assistant,Evening,6,109440.01
605507,Emergency,Manager,Morning,30,155923.69
605508,Surgery,Coordinator,Morning,11,156798.18
605509,Emergency,Pharmacist,Evening,16,96031
605510,Pharmacy,Coordinator,Evening,24,53635.68
605511,Nursing,Technician,Evening,11,84386.73
605512,Emergency,Manager,Night,1,66237.29
605513,Diagnostics,Coordinator,Morning,30,92409.94
605514,Diagnostics,Coordinator,Night,18,107194.74
605515,Surgery,Coordinator,Morning,26,175062.42
605516,Diagnostics,Assistant,Evening,24,36679.69
605517,Pharmacy,Assistant,Night,9,122497.32
605518,Pharmacy,Coordinator,Night,25,111860.94
605519,Nursing,Manager,Night,21,68480.6
605520,Pharmacy,Assistant,Night,0,127594.77
605521,Surgery,Nurse,Evening,27,60384.51
605522,Pharmacy,Nurse,Evening,16,90443.94
605523,Emergency,Nurse,Evening,29,114571.65
605524,Administration,Technician,Morning,8,49228.05
605525,Nursing,Manager,Evening,18,149432.32
605526,Pharmacy,Assistant,Evening,24,49316.06
605527,Nursing,Technician,Evening,27,141624.32
605528,Diagnostics,Pharmacist,Morning,28,156157.3
605529,Pharmacy,Assistant,Morning,19,83829.99
605530,Pharmacy,Coordinator,Night,28,43384.79
605531,Diagnostics,Technician,Evening,19,111507.6
605532,Nursing,Nurse,Night,16,63377.08
605533,Administration,Pharmacist,Evening,21,151031.17
605534,Administration,Manager,Morning,10,150349.17
605535,Nursing,Manager,Evening,5,78106.23
605536,Pharmacy,Technician,Night,7,155436.27
605537,Administration,Nurse,Morning,16,179844.59
605538,Emergency,Pharmacist,Morning,26,91964.7
605539,Surgery,Pharmacist,Night,1,168318.4
605540,Nursing,Manager,Evening,2,44654.74
605541,Administration,Technician,Evening,3,82742.12
605542,Emergency,Technician,Morning,10,122064.96
605543,Surgery,Coordinator,Morning,23,79016.96
605544,Surgery,Manager,Evening,24,29166.77
605545,Emergency,Nurse,Evening,30,41786.74
605546,Diagnostics,Manager,Morning,17,77733.08
605547,Diagnostics,Assistant,Night,2,75048.36
605548,Surgery,Technician,Evening,8,81481.46
605549,Nursing,Coordinator,Morning,2,112725.64
605550,Diagnostics,Assistant,Night,13,81380.94
605551,Pharmacy,Nurse,Night,8,59372.37
605552,Surgery,Manager,Evening,6,143380.96
605553,Surgery,Nurse,Morning,17,34402.27
605554,Emergency,Nurse,Night,25,89562.44
605555,Diagnostics,Coordinator,Night,26,136721.54
605556,Diagnostics,Technician,Morning,28,100796.07
605557,Administration,Coordinator,Night,30,143586.53
605558,Nursing,Manager,Night,7,105500.92
605559,Nursing,Technician,Evening,17,37921.73
605560,Surgery,Pharmacist,Night,14,118052.85
605561,Surgery,Coordinator,Night,1,44316.94
605562,Nursing,Manager,Night,10,95341.88
605563,Nursing,Coordinator,Night,18,82593.31
605564,Nursing,Assistant,Night,27,83445.46
605565,Nursing,Manager,Evening,30,120240.08
605566,Diagnostics,Technician,Morning,14,127379.1
605567,Emergency,Nurse,Morning,25,61864.25
605568,Diagnostics,Assistant,Night,25,164486.84
605569,Emergency,Manager,Evening,20,179736.85
605570,Administration,Nurse,Morning,16,25265.37
605571,Pharmacy,Pharmacist,Night,14,128853.34
605572,Emergency,Technician,Night,4,58730.45
605573,Emergency,Pharmacist,Night,6,42905.02
605574,Administration,Technician,Night,18,65758.54
605575,Administration,Nurse,Evening,4,25428.23
605576,Pharmacy,Coordinator,Morning,13,140608.49
605577,Surgery,Assistant,Morning,22,121647.22
605578,Surgery,Nurse,Morning,3,120938.19
605579,Emergency,Nurse,Night,22,160757.3
605580,Pharmacy,Manager,Evening,13,75318.51
605581,Surgery,Nurse,Morning,20,96303.01
605582,Diagnostics,Nurse,Night,7,102930.17
605583,Administration,Coordinator,Evening,0,130747.99
605584,Diagnostics,Pharmacist,Night,12,68318.37
605585,Diagnostics,Nurse,Evening,8,170346.71
605586,Pharmacy,Nurse,Evening,8,39833.71
605587,Surgery,Assistant,Night,9,65001.35
605588,Diagnostics,Manager,Morning,22,87313.11
605589,Administration,Nurse,Evening,27,71515.86
605590,Administration,Pharmacist,Evening,13,140676.71
605591,Surgery,Assistant,Evening,4,135067.63
605592,Nursing,Coordinator,Evening,29,41519.16
605593,Surgery,Assistant,Night,20,154054.46
605594,Administration,Pharmacist,Evening,19,48928.96
605595,Nursing,Manager,Evening,20,32979.6
605596,Surgery,Nurse,Evening,9,35877.44
605597,Administration,Pharmacist,Night,10,35136.67
605598,Emergency,Manager,Night,20,83388.82
605599,Pharmacy,Pharmacist,Night,30,54539.41
605600,Pharmacy,Pharmacist,Night,21,122645.74
605601,Pharmacy,Coordinator,Evening,11,35135.07
605602,Diagnostics,Assistant,Morning,27,77602.85
605603,Administration,Coordinator,Evening,28,169331.53
605604,Emergency,Nurse,Night,19,175995.74
605605,Pharmacy,Technician,Night,4,138515.82
605606,Pharmacy,Assistant,Evening,13,118922.73
605607,Administration,Assistant,Evening,10,173333.09
605608,Administration,Assistant,Night,20,172342.83
605609,Administration,Pharmacist,Morning,8,113088.37
605610,Emergency,Coordinator,Evening,0,159468.77
605611,Pharmacy,Pharmacist,Morning,22,44596.87
605612,Surgery,Manager,Evening,24,107299.2
605613,Surgery,Manager,Evening,14,120823.97
605614,Emergency,Assistant,Morning,27,165406.51
605615,Emergency,Manager,Morning,7,114267.21
605616,Diagnostics,Nurse,Evening,20,143713.79
605617,Nursing,Manager,Morning,0,129687.34
605618,Surgery,Manager,Evening,3,150929.15
605619,Pharmacy,Pharmacist,Evening,6,147672.38
605620,Emergency,Pharmacist,Evening,30,141947.74
605621,Pharmacy,Assistant,Evening,30,150491.93
605622,Emergency,Technician,Morning,22,150345.26
605623,Diagnostics,Assistant,Night,0,164351.71
605624,Pharmacy,Assistant,Morning,20,113777.21
605625,Administration,Manager,Evening,11,88499.69
605626,Nursing,Pharmacist,Morning,1,174951.64
605627,Emergency,Technician,Morning,3,99893.55
605628,Administration,Assistant,Night,23,49632.04
605629,Surgery,Nurse,Evening,22,136816.51
605630,Pharmacy,Technician,Evening,11,169797.17
605631,Surgery,Pharmacist,Morning,30,129603.24
605632,Nursing,Pharmacist,Morning,24,38733.03
605633,Pharmacy,Manager,Night,29,117303.45
605634,Surgery,Nurse,Night,15,27562.94
605635,Nursing,Pharmacist,Night,6,100089.99
605636,Nursing,Technician,Morning,19,123487.29
605637,Nursing,Coordinator,Night,2,122566.37
605638,Surgery,Manager,Evening,28,42335.84
605639,Emergency,Nurse,Evening,4,55403.32
605640,Diagnostics,Pharmacist,Morning,14,113711.37
605641,Nursing,Technician,Morning,7,74233.51
605642,Diagnostics,Technician,Evening,11,99785.61
605643,Emergency,Coordinator,Evening,18,49952.21
605644,Administration,Technician,Morning,18,63794.75
605645,Pharmacy,Pharmacist,Evening,30,111451.67
605646,Administration,Pharmacist,Night,12,142198.66
605647,Administration,Nurse,Morning,19,74907.38
605648,Pharmacy,Assistant,Evening,29,168017.1
605649,Surgery,Coordinator,Evening,18,73032.2
605650,Diagnostics,Manager,Evening,0,165834.84
605651,Nursing,Manager,Evening,4,29305.79
605652,Nursing,Pharmacist,Night,15,172084.6
605653,Emergency,Technician,Morning,18,129437.45
605654,Nursing,Pharmacist,Evening,0,91126.88
605655,Administration,Manager,Night,20,97847.7
605656,Nursing,Manager,Night,4,123225.9
605657,Nursing,Nurse,Morning,9,79833.08
605658,Pharmacy,Assistant,Evening,13,104213.41
605659,Diagnostics,Coordinator,Night,9,104875.29
605660,Emergency,Assistant,Evening,14,33113.17
605661,Surgery,Nurse,Evening,26,54902.68
605662,Administration,Pharmacist,Evening,0,78554.14
605663,Administration,Nurse,Night,17,136201.52
605664,Surgery,Nurse,Night,28,63542.14
605665,Emergency,Manager,Morning,11,60304.54
605666,Administration,Assistant,Evening,25,37041.87
605667,Diagnostics,Coordinator,Evening,10,169499.49
605668,Diagnostics,Pharmacist,Evening,26,167605.55
605669,Nursing,Coordinator,Morning,4,101839.52
605670,Surgery,Pharmacist,Night,26,139375
605671,Emergency,Nurse,Night,29,107604.17
605672,Administration,Coordinator,Night,4,40981.17
605673,Administration,Assistant,Morning,14,113262.75
605674,Diagnostics,Nurse,Evening,5,163755.04
605675,Surgery,Nurse,Night,9,64022.81
605676,Pharmacy,Coordinator,Evening,22,87273.75
605677,Nursing,Manager,Morning,23,48491.97
605678,Surgery,Pharmacist,Night,4,52193.2
605679,Nursing,Coordinator,Evening,25,97582.58
605680,Nursing,Manager,Night,25,59681.44
605681,Emergency,Pharmacist,Night,1,179350.51
605682,Diagnostics,Coordinator,Evening,14,139191.05
605683,Diagnostics,Manager,Morning,15,120481.63
605684,Surgery,Assistant,Night,12,115391.58
605685,Surgery,Manager,Morning,18,27501.45
605686,Emergency,Manager,Night,23,159020.93
605687,Emergency,Nurse,Night,3,122776.46
605688,Surgery,Manager,Night,29,54021.77
605689,Emergency,Nurse,Morning,6,25481.15
605690,Surgery,Assistant,Morning,7,174774.42
605691,Emergency,Nurse,Evening,24,163969.09
605692,Emergency,Manager,Morning,8,73031.79
605693,Diagnostics,Assistant,Morning,9,98229.69
605694,Pharmacy,Pharmacist,Morning,14,111039.72
605695,Diagnostics,Technician,Night,25,41937.58
605696,Diagnostics,Manager,Morning,1,174498.67
605697,Nursing,Manager,Night,5,83470.41
605698,Surgery,Technician,Night,8,159270.51
605699,Administration,Assistant,Night,26,81055.84
605700,Nursing,Pharmacist,Morning,18,136272.29
605701,Surgery,Manager,Night,29,34247.74
605702,Surgery,Assistant,Evening,2,32513.12
605703,Pharmacy,Nurse,Night,13,99043.49
605704,Pharmacy,Assistant,Morning,13,30152.86
605705,Pharmacy,Nurse,Evening,25,139963.32
605706,Administration,Coordinator,Evening,17,43465
605707,Emergency,Coordinator,Night,12,101455.52
605708,Administration,Nurse,Evening,11,179927.92
605709,Emergency,Assistant,Morning,28,44625.21
605710,Emergency,Nurse,Night,14,94681.06
605711,Surgery,Technician,Night,24,59982.14
605712,Emergency,Coordinator,Night,18,56684.52
605713,Diagnostics,Assistant,Morning,5,136872.56
605714,Pharmacy,Coordinator,Morning,1,160078.04
605715,Emergency,Assistant,Night,14,78422.78
605716,Pharmacy,Technician,Night,16,152559.53
605717,Pharmacy,Pharmacist,Night,17,116652.69
605718,Emergency,Technician,Night,11,56623.51
605719,Nursing,Coordinator,Morning,7,160045.58
605720,Emergency,Assistant,Morning,26,81239.4
605721,Emergency,Manager,Night,25,119634.04
605722,Surgery,Technician,Morning,16,39765.03
605723,Nursing,Nurse,Night,24,144960.88
605724,Administration,Pharmacist,Evening,7,54922.4
605725,Surgery,Coordinator,Night,15,26830.68
605726,Administration,Technician,Morning,24,141920.55
605727,Administration,Coordinator,Evening,28,128460.62
605728,Nursing,Pharmacist,Evening,10,57333.43
605729,Diagnostics,Pharmacist,Morning,2,28717.83
605730,Pharmacy,Technician,Morning,2,43635.56
605731,Diagnostics,Manager,Night,20,176208.42
605732,Diagnostics,Manager,Morning,30,148396.16
605733,Diagnostics,Assistant,Night,29,108659.45
605734,Surgery,Technician,Evening,6,87646.02
605735,Diagnostics,Assistant,Night,4,122750.09
605736,Administration,Coordinator,Evening,8,47366.37
605737,Pharmacy,Technician,Evening,18,176177.15
605738,Emergency,Assistant,Evening,25,134925.71
605739,Emergency,Pharmacist,Morning,3,108943.7
605740,Surgery,Assistant,Evening,12,162001.14
605741,Surgery,Manager,Morning,24,53214.8
605742,Pharmacy,Technician,Night,6,165394.4
605743,Administration,Nurse,Night,9,33432.42
605744,Administration,Coordinator,Night,8,90385.81
605745,Surgery,Manager,Night,0,150731.85
605746,Administration,Manager,Evening,28,46641.87
605747,Surgery,Manager,Night,6,25077.74
605748,Nursing,Technician,Morning,8,164611.53
605749,Pharmacy,Nurse,Evening,12,162994.75
605750,Emergency,Nurse,Morning,2,125686.15
605751,Surgery,Assistant,Evening,20,126026.57
605752,Emergency,Manager,Night,10,102137.92
605753,Administration,Manager,Night,14,86203.4
605754,Surgery,Assistant,Evening,16,64915.65
605755,Diagnostics,Coordinator,Night,21,123769.65
605756,Surgery,Pharmacist,Morning,20,133068.14
605757,Diagnostics,Nurse,Evening,28,123304.3
605758,Nursing,Coordinator,Evening,16,25444.77
605759,Administration,Nurse,Evening,1,160535.17
605760,Surgery,Manager,Evening,18,175755.06
605761,Nursing,Manager,Night,4,71195.32
605762,Nursing,Pharmacist,Night,22,141885.98
605763,Emergency,Manager,Morning,26,148075.96
605764,Surgery,Technician,Evening,29,76959.6
605765,Administration,Pharmacist,Evening,16,154307.8
605766,Emergency,Technician,Evening,22,58431.46
605767,Emergency,Coordinator,Night,24,131530.84
605768,Pharmacy,Assistant,Night,8,78800.79
605769,Administration,Manager,Evening,0,140831.7
605770,Administration,Coordinator,Night,22,150335
605771,Surgery,Manager,Evening,16,179462.24
605772,Diagnostics,Assistant,Morning,4,151424.6
605773,Surgery,Nurse,Morning,10,97198.99
605774,Diagnostics,Technician,Morning,9,76119.81
605775,Administration,Manager,Night,8,137786.77
605776,Emergency,Nurse,Morning,6,97892.95
605777,Surgery,Coordinator,Evening,11,39850.13
605778,Surgery,Technician,Night,17,131871.35
605779,Nursing,Assistant,Morning,25,59793.63
605780,Administration,Pharmacist,Evening,16,100232.02
605781,Emergency,Pharmacist,Morning,11,82019.98
605782,Nursing,Technician,Night,10,42071.95
605783,Pharmacy,Assistant,Morning,0,58528.3
605784,Emergency,Coordinator,Night,19,155685.77
605785,Pharmacy,Pharmacist,Morning,15,63766.84
605786,Surgery,Pharmacist,Morning,19,74958.37
605787,Pharmacy,Pharmacist,Evening,7,100259.42
605788,Emergency,Technician,Evening,10,60049.02
605789,Surgery,Nurse,Night,27,135453.04
605790,Pharmacy,Technician,Evening,21,101082.52
605791,Surgery,Nurse,Evening,0,90325.27
605792,Emergency,Manager,Evening,30,96505.78
605793,Pharmacy,Coordinator,Morning,14,71507.76
605794,Pharmacy,Assistant,Night,21,104065.25
605795,Emergency,Coordinator,Night,20,26407.63
605796,Pharmacy,Pharmacist,Night,27,62241.72
605797,Diagnostics,Assistant,Morning,18,25167.11
605798,Nursing,Nurse,Morning,7,96234
605799,Emergency,Technician,Morning,16,31310.29
605800,Pharmacy,Technician,Morning,12,66401.79
605801,Emergency,Manager,Evening,23,136445.66
605802,Emergency,Manager,Evening,10,71230.63
605803,Administration,Pharmacist,Night,16,162303.19
605804,Administration,Coordinator,Morning,30,151683.13
605805,Surgery,Manager,Morning,26,103609.26
605806,Diagnostics,Coordinator,Evening,12,87688.08
605807,Pharmacy,Pharmacist,Evening,21,178364.53
605808,Emergency,Nurse,Evening,28,84008.94
605809,Pharmacy,Technician,Night,29,25437.7
605810,Surgery,Coordinator,Morning,18,98499.91
605811,Emergency,Technician,Night,7,26660.83
605812,Surgery,Technician,Morning,23,132997.08
605813,Emergency,Technician,Evening,27,47035.94
605814,Nursing,Manager,Night,16,56292.62
605815,Administration,Manager,Morning,12,38023.32
605816,Emergency,Pharmacist,Night,7,118781.53
605817,Surgery,Pharmacist,Morning,5,69143.66
605818,Administration,Manager,Morning,0,134829.82
605819,Diagnostics,Coordinator,Night,11,104780.93
605820,Nursing,Pharmacist,Morning,6,62800.47
605821,Surgery,Assistant,Morning,26,54577.18
605822,Diagnostics,Pharmacist,Night,24,41643.53
605823,Nursing,Coordinator,Morning,1,143553.75
605824,Diagnostics,Pharmacist,Morning,15,82138.78
605825,Nursing,Nurse,Evening,30,26664.74
605826,Diagnostics,Technician,Morning,25,130582.11
605827,Administration,Coordinator,Evening,29,154257.15
605828,Pharmacy,Technician,Evening,24,132376.9
605829,Emergency,Pharmacist,Morning,4,38753.2
605830,Diagnostics,Nurse,Evening,13,38485.71
605831,Emergency,Nurse,Evening,28,63717.66
605832,Pharmacy,Assistant,Morning,13,112143.52
605833,Administration,Nurse,Morning,25,119942.66
605834,Administration,Pharmacist,Evening,23,80970.73
605835,Emergency,Coordinator,Evening,17,109628.09
605836,Nursing,Pharmacist,Night,21,96379.65
605837,Administration,Assistant,Night,26,51310.73
605838,Diagnostics,Nurse,Morning,9,119426.54
605839,Diagnostics,Manager,Evening,25,137900.36
605840,Emergency,Assistant,Night,13,142174.45
605841,Emergency,Nurse,Night,13,93414.58
605842,Pharmacy,Technician,Night,14,52560.73
605843,Diagnostics,Pharmacist,Morning,21,118119.58
605844,Administration,Technician,Morning,27,105864.7
605845,Emergency,Coordinator,Evening,26,67734.71
605846,Surgery,Assistant,Morning,26,147845.62
605847,Nursing,Coordinator,Evening,6,168376.63
605848,Diagnostics,Pharmacist,Evening,16,141748.18
605849,Administration,Coordinator,Night,26,111633.89
605850,Emergency,Manager,Evening,18,123874.92
605851,Emergency,Coordinator,Night,1,125550.68
605852,Pharmacy,Pharmacist,Night,11,25580.12
605853,Emergency,Pharmacist,Morning,24,146915.72
605854,Pharmacy,Technician,Night,30,152203.33
605855,Surgery,Manager,Night,16,47068.87
605856,Diagnostics,Technician,Morning,25,93406.14
605857,Surgery,Coordinator,Morning,18,109509.3
605858,Diagnostics,Coordinator,Evening,5,40268.82
605859,Diagnostics,Manager,Night,19,82312.84
605860,Emergency,Pharmacist,Night,13,78231.74
605861,Nursing,Technician,Night,25,92109.78
605862,Administration,Assistant,Evening,3,144206.54
605863,Pharmacy,Assistant,Evening,19,134440.35
605864,Nursing,Technician,Morning,16,107392.92
605865,Pharmacy,Pharmacist,Night,5,143200.87
605866,Emergency,Pharmacist,Night,30,146896.49
605867,Pharmacy,Coordinator,Evening,30,153702.98
605868,Emergency,Assistant,Morning,13,122923.14
605869,Administration,Pharmacist,Night,10,151235.42
605870,Nursing,Technician,Night,12,143021.28
605871,Nursing,Nurse,Evening,11,112638.93
605872,Surgery,Coordinator,Night,11,28136.32
605873,Surgery,Technician,Evening,27,114587.96
605874,Surgery,Technician,Morning,8,88255.7
605875,Administration,Coordinator,Evening,6,26072.03
605876,Emergency,Nurse,Evening,1,111662.33
605877,Surgery,Pharmacist,Morning,28,96438.79
605878,Diagnostics,Manager,Evening,23,172750.3
605879,Nursing,Nurse,Morning,18,71137.47
605880,Diagnostics,Nurse,Evening,14,155303.39
605881,Nursing,Nurse,Night,7,63145.77
605882,Pharmacy,Manager,Night,9,122015.61
605883,Emergency,Assistant,Evening,14,135464.1
605884,Pharmacy,Coordinator,Morning,29,42211.12
605885,Surgery,Nurse,Evening,19,59520.37
605886,Nursing,Assistant,Evening,10,166416.67
605887,Surgery,Assistant,Morning,17,168188.32
605888,Nursing,Assistant,Morning,19,147801.42
605889,Nursing,Technician,Night,21,108734.29
605890,Surgery,Assistant,Morning,14,125201.06
605891,Emergency,Nurse,Evening,15,52289.05
605892,Diagnostics,Pharmacist,Night,16,147950.31
605893,Surgery,Nurse,Morning,14,43077.93
605894,Diagnostics,Manager,Night,5,33734.33
605895,Administration,Nurse,Evening,24,73258.65
605896,Pharmacy,Technician,Night,22,95865.83
605897,Surgery,Pharmacist,Night,15,118704.65
605898,Pharmacy,Technician,Night,6,155506.46
605899,Surgery,Assistant,Night,14,165205.83
605900,Administration,Coordinator,Evening,12,171015.79
605901,Surgery,Technician,Night,3,60964.62
605902,Surgery,Coordinator,Night,25,97151.41
605903,Administration,Technician,Evening,25,65963.26
605904,Pharmacy,Pharmacist,Morning,18,118675.3
605905,Pharmacy,Technician,Morning,22,51685.78
605906,Pharmacy,Coordinator,Evening,30,84705.81
605907,Diagnostics,Nurse,Night,5,89174.58
605908,Nursing,Assistant,Night,24,41669.29
605909,Surgery,Nurse,Morning,27,51721.49
605910,Nursing,Assistant,Evening,18,137131.57
605911,Administration,Assistant,Night,12,66511.71
605912,Surgery,Coordinator,Night,5,88339.94
605913,Surgery,Pharmacist,Evening,21,69569.86
605914,Pharmacy,Coordinator,Evening,23,114958.07
605915,Pharmacy,Manager,Evening,10,89235.18
605916,Diagnostics,Coordinator,Night,6,157050.74
605917,Nursing,Coordinator,Evening,7,114447.64
605918,Pharmacy,Manager,Evening,6,126917.54
605919,Emergency,Coordinator,Night,0,119114.54
605920,Emergency,Manager,Night,3,99437.91
605921,Nursing,Coordinator,Evening,3,68815.84
605922,Nursing,Technician,Night,24,59016.01
605923,Surgery,Assistant,Morning,21,86502.07
605924,Nursing,Nurse,Evening,6,32390.55
605925,Pharmacy,Technician,Evening,22,171621.41
605926,Surgery,Pharmacist,Night,30,94956.88
605927,Diagnostics,Technician,Night,26,108087.97
605928,Emergency,Coordinator,Evening,15,110902.04
605929,Nursing,Pharmacist,Night,12,99052.95
605930,Emergency,Manager,Morning,28,164670.02
605931,Surgery,Assistant,Evening,26,141297.44
605932,Nursing,Nurse,Night,11,139772.98
605933,Pharmacy,Manager,Night,2,42998.25
605934,Administration,Technician,Evening,15,163875.74
605935,Nursing,Pharmacist,Night,17,86600.11
605936,Administration,Manager,Morning,16,26000.26
605937,Emergency,Coordinator,Morning,26,137963.92
605938,Surgery,Coordinator,Night,17,101115.82
605939,Diagnostics,Coordinator,Morning,21,137031.69
605940,Diagnostics,Technician,Morning,22,151268.71
605941,Pharmacy,Coordinator,Evening,29,150612.94
605942,Nursing,Technician,Night,9,82471.02
605943,Emergency,Pharmacist,Night,20,58014.22
605944,Emergency,Technician,Night,20,82575.99
605945,Pharmacy,Technician,Night,22,137115.53
605946,Nursing,Nurse,Evening,0,67914.42
605947,Nursing,Nurse,Morning,17,148466.54
605948,Nursing,Manager,Night,13,109246.03
605949,Administration,Assistant,Evening,16,113020.02
605950,Diagnostics,Nurse,Morning,7,87441.77
605951,Pharmacy,Pharmacist,Night,7,151338.34
605952,Diagnostics,Nurse,Morning,7,165799.63
605953,Emergency,Technician,Night,30,83699.33
605954,Administration,Pharmacist,Morning,6,164142.02
605955,Diagnostics,Nurse,Evening,7,103042.03
605956,Pharmacy,Pharmacist,Morning,3,82111.36
605957,Surgery,Assistant,Morning,0,69517.46
605958,Pharmacy,Coordinator,Evening,13,137691.82
605959,Nursing,Manager,Morning,22,38693.12
605960,Administration,Pharmacist,Night,20,28291.55
605961,Nursing,Pharmacist,Evening,20,28504.5
605962,Nursing,Manager,Evening,22,148035.67
605963,Surgery,Nurse,Evening,13,90665.71
605964,Nursing,Nurse,Evening,14,171139.61
605965,Diagnostics,Assistant,Night,13,112109.54
605966,Emergency,Pharmacist,Night,14,33687.79
605967,Diagnostics,Manager,Morning,17,129100.5
605968,Diagnostics,Manager,Morning,6,90924.51
605969,Emergency,Coordinator,Evening,30,61607.22
605970,Emergency,Manager,Morning,29,26574.69
605971,Nursing,Nurse,Evening,6,136926.13
605972,Diagnostics,Manager,Night,5,77707.89
605973,Nursing,Nurse,Morning,15,86805.49
605974,Surgery,Technician,Night,3,123484.17
605975,Pharmacy,Nurse,Night,12,78267.51
605976,Pharmacy,Pharmacist,Night,5,56022.49
605977,Nursing,Manager,Night,4,176026.92
605978,Surgery,Technician,Morning,27,91111.81
605979,Administration,Pharmacist,Night,25,56007.92
605980,Administration,Pharmacist,Morning,4,83585.83
605981,Pharmacy,Assistant,Evening,13,155265.01
605982,Diagnostics,Assistant,Night,2,28148.76
605983,Administration,Manager,Night,27,174317.15
605984,Diagnostics,Technician,Night,24,163764.19
605985,Surgery,Nurse,Evening,30,34274.59
605986,Diagnostics,Technician,Night,2,30004.21
605987,Emergency,Manager,Evening,30,128447.14
605988,Surgery,Technician,Morning,22,174775.48
605989,Diagnostics,Nurse,Night,18,135986.98
605990,Emergency,Assistant,Night,17,48792.63
605991,Surgery,Nurse,Evening,16,125016.8
605992,Emergency,Nurse,Night,29,111553.16
605993,Diagnostics,Technician,Night,20,140144.21
605994,Surgery,Pharmacist,Night,21,102126.86
605995,Pharmacy,Nurse,Evening,23,171152.24
605996,Administration,Coordinator,Morning,7,154285.03
605997,Emergency,Nurse,Night,25,156438.44
605998,Pharmacy,Coordinator,Night,2,168647.83
605999,Diagnostics,Pharmacist,Night,14,127670.63
606000,Nursing,Nurse,Evening,18,46935.9
606001,Nursing,Manager,Night,6,37289.55
606002,Diagnostics,Manager,Morning,9,124868.83
606003,Nursing,Coordinator,Night,13,141703.39
606004,Diagnostics,Nurse,Night,8,50352.88
606005,Surgery,Technician,Morning,5,68865.87
606006,Emergency,Nurse,Night,10,127947.02
606007,Emergency,Nurse,Evening,30,88934.66
606008,Surgery,Nurse,Morning,12,136117.72
606009,Emergency,Technician,Evening,13,145991.28
606010,Administration,Pharmacist,Evening,14,89422.34
606011,Emergency,Pharmacist,Evening,14,26884.5
606012,Surgery,Coordinator,Morning,19,179826.17
606013,Pharmacy,Coordinator,Morning,7,77479.26
606014,Emergency,Nurse,Morning,14,85726.22
606015,Pharmacy,Nurse,Evening,22,41445.34
606016,Administration,Pharmacist,Evening,19,142943.64
606017,Surgery,Manager,Morning,12,47428.89
606018,Diagnostics,Pharmacist,Night,4,156427.09
606019,Administration,Technician,Night,30,161057.63
606020,Surgery,Manager,Morning,2,122431.59
606021,Pharmacy,Assistant,Night,5,60795.06
606022,Diagnostics,Assistant,Evening,5,106770.18
606023,Emergency,Pharmacist,Morning,1,107373.94
606024,Surgery,Nurse,Night,20,52404.76
606025,Surgery,Technician,Night,27,107584.3
606026,Nursing,Assistant,Evening,26,129782.1
606027,Diagnostics,Pharmacist,Night,1,168665.35
606028,Emergency,Coordinator,Morning,30,175265.01
606029,Administration,Pharmacist,Morning,1,75202.01
606030,Emergency,Coordinator,Evening,5,137281.83
606031,Emergency,Pharmacist,Night,18,43428.78
606032,Diagnostics,Manager,Evening,2,80286.95
606033,Surgery,Technician,Morning,11,156939.93
606034,Diagnostics,Technician,Evening,30,50716.53
606035,Nursing,Manager,Evening,5,53929.67
606036,Administration,Technician,Evening,16,28852.97
606037,Nursing,Manager,Morning,0,144054.68
606038,Emergency,Nurse,Evening,13,27903.34
606039,Emergency,Manager,Night,29,45301.11
606040,Nursing,Pharmacist,Morning,27,88124.52
606041,Administration,Pharmacist,Evening,20,115845.66
606042,Diagnostics,Manager,Night,29,103060.8
606043,Pharmacy,Technician,Evening,3,36884.02
606044,Nursing,Manager,Night,27,45866.16
606045,Surgery,Coordinator,Night,21,136708.93
606046,Emergency,Pharmacist,Night,22,154635.39
606047,Emergency,Manager,Night,18,57381.16
606048,Administration,Technician,Morning,26,78965.62
606049,Administration,Nurse,Night,27,103696.36
606050,Emergency,Technician,Evening,10,64933.78
606051,Pharmacy,Pharmacist,Evening,17,172934.23
606052,Nursing,Manager,Evening,16,78329.02
606053,Nursing,Assistant,Night,26,109096.49
606054,Administration,Nurse,Morning,5,162513.24
606055,Administration,Pharmacist,Night,21,130417.6
606056,Pharmacy,Nurse,Morning,2,174180.96
606057,Pharmacy,Manager,Evening,0,82227.16
606058,Pharmacy,Coordinator,Morning,15,101332.36
606059,Pharmacy,Assistant,Morning,0,31681.83
606060,Nursing,Nurse,Night,19,159454.93
606061,Nursing,Technician,Morning,9,39147.04
606062,Nursing,Coordinator,Morning,25,77859.11
606063,Surgery,Assistant,Evening,27,155933.1
606064,Administration,Pharmacist,Night,30,57103.19
606065,Surgery,Technician,Morning,16,43691.7
606066,Administration,Manager,Evening,17,90881.6
606067,Diagnostics,Pharmacist,Evening,29,122609.3
606068,Administration,Manager,Evening,14,70894.93
606069,Nursing,Assistant,Morning,27,45857.01
606070,Nursing,Pharmacist,Morning,10,147421.68
606071,Emergency,Technician,Evening,5,48894.62
606072,Surgery,Assistant,Morning,5,88437.24
606073,Diagnostics,Assistant,Night,17,143897.53
606074,Emergency,Nurse,Morning,27,154536.38
606075,Surgery,Assistant,Morning,14,132644.51
606076,Emergency,Coordinator,Evening,14,146626.34
606077,Surgery,Coordinator,Evening,6,60528.92
606078,Pharmacy,Coordinator,Night,1,163932.44
606079,Emergency,Pharmacist,Morning,5,165787.15
606080,Surgery,Assistant,Morning,12,51127.82
606081,Diagnostics,Pharmacist,Night,1,54674.27
606082,Administration,Pharmacist,Evening,2,156417.5
606083,Surgery,Coordinator,Evening,3,168215.57
606084,Pharmacy,Assistant,Morning,19,153151.5
606085,Diagnostics,Nurse,Morning,18,135779.77
606086,Administration,Manager,Evening,24,137424.5
606087,Nursing,Technician,Morning,7,61690.06
606088,Nursing,Nurse,Evening,3,106184.92
606089,Diagnostics,Coordinator,Night,28,66788.13
606090,Emergency,Pharmacist,Night,18,167377.18
606091,Emergency,Pharmacist,Morning,15,88424.95
606092,Diagnostics,Nurse,Morning,22,151573.73
606093,Nursing,Coordinator,Night,8,107382.9
606094,Surgery,Pharmacist,Night,29,68459.34
606095,Nursing,Assistant,Evening,24,41858.02
606096,Administration,Pharmacist,Night,17,47258.4
606097,Surgery,Assistant,Morning,21,74263.21
606098,Diagnostics,Coordinator,Evening,12,90395.43
606099,Diagnostics,Coordinator,Evening,21,161575.46
606100,Surgery,Pharmacist,Evening,5,144788.72
606101,Nursing,Nurse,Evening,2,156410.99
606102,Diagnostics,Manager,Morning,17,33260.39
606103,Diagnostics,Technician,Evening,23,59723.84
606104,Nursing,Assistant,Morning,27,141117.72
606105,Emergency,Technician,Night,29,68222.78
606106,Emergency,Assistant,Night,4,125625.46
606107,Diagnostics,Technician,Night,8,111965.56
606108,Pharmacy,Nurse,Morning,9,72721.43
606109,Administration,Nurse,Night,4,26447.6
606110,Pharmacy,Manager,Morning,21,69518.93
606111,Administration,Assistant,Morning,12,91952.91
606112,Administration,Technician,Night,15,62673.62
606113,Pharmacy,Coordinator,Evening,27,25521.25
606114,Pharmacy,Coordinator,Morning,1,116717.71
606115,Administration,Nurse,Evening,10,163092.59
606116,Emergency,Coordinator,Morning,12,146014
606117,Nursing,Pharmacist,Morning,8,109660.31
606118,Diagnostics,Manager,Morning,22,52832.43
606119,Emergency,Coordinator,Evening,10,164879.48
606120,Surgery,Coordinator,Evening,10,155025.51
606121,Surgery,Manager,Morning,0,175336.81
606122,Administration,Coordinator,Morning,11,168912.72
606123,Diagnostics,Manager,Night,24,135066.57
606124,Diagnostics,Nurse,Night,4,93508.56
606125,Pharmacy,Manager,Night,8,29665.8
606126,Emergency,Manager,Morning,26,142322.36
606127,Surgery,Coordinator,Night,9,159574.31
606128,Administration,Coordinator,Morning,26,82626.98
606129,Nursing,Nurse,Morning,14,53521.42
606130,Nursing,Coordinator,Morning,4,69017.49
606131,Surgery,Nurse,Night,30,113349.04
606132,Administration,Manager,Evening,18,108951.86
606133,Nursing,Pharmacist,Morning,0,130659.88
606134,Administration,Nurse,Night,17,119924.05
606135,Administration,Pharmacist,Evening,3,65418.77
606136,Emergency,Technician,Morning,27,49903.93
606137,Emergency,Pharmacist,Morning,8,28166.31
606138,Nursing,Coordinator,Morning,30,146138.5
606139,Nursing,Manager,Evening,18,74315.39
606140,Pharmacy,Pharmacist,Morning,3,113071.69
606141,Diagnostics,Coordinator,Evening,4,170999.78
606142,Emergency,Nurse,Morning,8,137018.56
606143,Diagnostics,Assistant,Night,6,116424.38
606144,Emergency,Pharmacist,Morning,17,161310.26
606145,Administration,Technician,Morning,22,74415.2
606146,Nursing,Pharmacist,Morning,15,151641.4
606147,Diagnostics,Assistant,Evening,15,104713.65
606148,Administration,Technician,Evening,29,92167.7
606149,Surgery,Technician,Evening,30,105378.05
606150,Administration,Nurse,Night,17,158116.55
606151,Diagnostics,Coordinator,Night,6,34449.76
606152,Nursing,Technician,Morning,20,50523.8
606153,Administration,Coordinator,Night,17,100115.17
606154,Diagnostics,Manager,Morning,12,148843.45
606155,Administration,Pharmacist,Morning,1,69475.81
606156,Pharmacy,Pharmacist,Night,1,47846.28
606157,Diagnostics,Technician,Morning,1,50263.98
606158,Surgery,Manager,Night,5,50118
606159,Nursing,Pharmacist,Night,25,76589.57
606160,Administration,Pharmacist,Morning,0,101255.22
606161,Nursing,Assistant,Evening,2,153357.74
606162,Nursing,Nurse,Night,16,66845.22
606163,Diagnostics,Coordinator,Night,27,172279.94
606164,Diagnostics,Manager,Evening,8,174371.8
606165,Surgery,Manager,Night,22,151279.96
606166,Diagnostics,Pharmacist,Night,26,112270.55
606167,Nursing,Coordinator,Morning,22,179748
606168,Administration,Nurse,Night,26,178441.12
606169,Administration,Technician,Evening,0,116364.64
606170,Administration,Technician,Night,21,109774.24
606171,Surgery,Manager,Morning,22,100165.59
606172,Administration,Nurse,Evening,16,142279.48
606173,Nursing,Assistant,Morning,30,115072.35
606174,Surgery,Manager,Evening,16,114187.46
606175,Surgery,Pharmacist,Night,6,86712.46
606176,Administration,Nurse,Evening,17,170699.25
606177,Administration,Technician,Morning,8,137167.51
606178,Pharmacy,Technician,Evening,6,79253.23
606179,Emergency,Manager,Morning,19,107194.16
606180,Nursing,Pharmacist,Morning,20,38712.22
606181,Nursing,Technician,Evening,7,67447.39
606182,Diagnostics,Technician,Evening,3,40087.74
606183,Diagnostics,Pharmacist,Evening,19,107265.41
606184,Nursing,Coordinator,Night,10,37118.61
606185,Administration,Coordinator,Evening,18,45991.66
606186,Nursing,Pharmacist,Night,15,166394.8
606187,Surgery,Assistant,Morning,11,171803.75
606188,Nursing,Manager,Evening,15,98270.5
606189,Administration,Pharmacist,Evening,9,36478.85
606190,Nursing,Manager,Evening,24,170441.73
606191,Administration,Pharmacist,Evening,20,126104.95
606192,Surgery,Manager,Evening,6,131186.68
606193,Diagnostics,Assistant,Night,3,49238.43
606194,Emergency,Pharmacist,Morning,21,105975.67
606195,Diagnostics,Pharmacist,Evening,28,71924.13
606196,Pharmacy,Pharmacist,Evening,11,126322.5
606197,Emergency,Pharmacist,Night,23,41839.33
606198,Surgery,Assistant,Morning,28,49962.79
606199,Surgery,Coordinator,Night,14,27302.36
606200,Nursing,Manager,Evening,24,47848.94
606201,Administration,Nurse,Evening,14,139189.91
606202,Administration,Manager,Morning,21,47828.73
606203,Surgery,Manager,Morning,30,63735.07
606204,Nursing,Pharmacist,Evening,20,93538.48
606205,Emergency,Manager,Morning,27,55469.97
606206,Pharmacy,Coordinator,Morning,7,135742.08
606207,Pharmacy,Coordinator,Night,6,33613.68
606208,Nursing,Manager,Morning,8,46104.96
606209,Surgery,Technician,Night,8,56934.95
606210,Administration,Technician,Evening,12,51655.65
606211,Emergency,Manager,Night,23,147989.74
606212,Emergency,Assistant,Morning,12,166361.86
606213,Surgery,Manager,Evening,21,117300.04
606214,Diagnostics,Assistant,Morning,6,145110.55
606215,Pharmacy,Coordinator,Morning,0,35405.41
606216,Surgery,Assistant,Morning,8,154355.98
606217,Administration,Assistant,Evening,19,64173.09
606218,Emergency,Technician,Evening,28,146023.6
606219,Nursing,Coordinator,Night,23,25924.64
606220,Nursing,Pharmacist,Evening,18,95432.86
606221,Pharmacy,Technician,Morning,7,64325.39
606222,Administration,Manager,Morning,17,117228.82
606223,Administration,Manager,Night,11,98474.36
606224,Emergency,Assistant,Night,27,162140.32
606225,Surgery,Pharmacist,Evening,21,26958.24
606226,Administration,Technician,Morning,23,65228.16
606227,Emergency,Nurse,Night,6,152381.5
606228,Nursing,Manager,Evening,26,57715.69
606229,Pharmacy,Nurse,Night,29,37887.41
606230,Pharmacy,Technician,Morning,0,49795.94
606231,Nursing,Assistant,Morning,7,76197.52
606232,Administration,Assistant,Evening,20,146628.62
606233,Diagnostics,Coordinator,Morning,7,131353.83
606234,Surgery,Coordinator,Evening,14,76367.26
606235,Diagnostics,Coordinator,Morning,27,156776.48
606236,Surgery,Nurse,Evening,22,54332.91
606237,Diagnostics,Pharmacist,Night,15,177492.43
606238,Surgery,Coordinator,Night,15,99339.77
606239,Emergency,Manager,Evening,18,65735.12
606240,Diagnostics,Technician,Night,10,121666.12
606241,Diagnostics,Nurse,Night,21,77235.68
606242,Surgery,Pharmacist,Evening,1,154679.31
606243,Surgery,Manager,Morning,22,69412.82
606244,Nursing,Nurse,Night,2,120948.6
606245,Pharmacy,Manager,Evening,18,141578.76
606246,Pharmacy,Assistant,Night,14,150898.02
606247,Diagnostics,Pharmacist,Morning,27,29629.72
606248,Diagnostics,Nurse,Evening,28,132138.25
606249,Pharmacy,Coordinator,Night,7,99646.38
606250,Emergency,Technician,Night,24,120123.62
606251,Pharmacy,Pharmacist,Morning,30,34100.88
606252,Emergency,Nurse,Evening,11,66330.37
606253,Emergency,Pharmacist,Morning,21,102404.74
606254,Diagnostics,Assistant,Night,20,160085.77
606255,Administration,Manager,Night,20,46469.98
606256,Emergency,Manager,Morning,9,97037.53
606257,Emergency,Coordinator,Morning,22,86431.31
606258,Administration,Assistant,Night,4,163761.27
606259,Diagnostics,Nurse,Morning,30,136651.29
606260,Diagnostics,Manager,Morning,21,141666.98
606261,Surgery,Coordinator,Night,15,102477.18
606262,Administration,Manager,Evening,21,27590.61
606263,Administration,Pharmacist,Evening,18,41825.61
606264,Diagnostics,Manager,Evening,14,62746.48
606265,Surgery,Coordinator,Morning,5,143462.43
606266,Emergency,Nurse,Evening,12,48148.39
606267,Administration,Assistant,Morning,7,54550.14
606268,Surgery,Pharmacist,Morning,6,37033.12
606269,Emergency,Coordinator,Morning,13,177079.37
606270,Diagnostics,Assistant,Morning,0,165717.31
606271,Diagnostics,Coordinator,Evening,8,41980.67
606272,Surgery,Pharmacist,Night,14,97524.94
606273,Pharmacy,Technician,Morning,14,156230.07
606274,Surgery,Pharmacist,Morning,29,95023.76
606275,Pharmacy,Manager,Evening,17,75968.82
606276,Nursing,Coordinator,Night,28,68009.14
606277,Nursing,Manager,Morning,19,88744.06
606278,Administration,Technician,Night,29,28130.05
606279,Emergency,Nurse,Evening,12,92188.14
606280,Surgery,Pharmacist,Night,15,86121.87
606281,Pharmacy,Assistant,Evening,29,127224.77
606282,Surgery,Coordinator,Night,23,47105.73
606283,Emergency,Nurse,Night,28,56623.16
606284,Emergency,Technician,Evening,21,150842.18
606285,Pharmacy,Manager,Evening,0,36921.07
606286,Administration,Technician,Morning,4,79096.83
606287,Administration,Assistant,Evening,8,123924.8
606288,Pharmacy,Technician,Night,0,78777.13
606289,Pharmacy,Technician,Night,24,131063.56
606290,Surgery,Manager,Night,16,78896.82
606291,Surgery,Assistant,Night,2,68256.26
606292,Administration,Manager,Morning,27,61864.55
606293,Pharmacy,Technician,Morning,17,52539.6
606294,Pharmacy,Technician,Night,20,81250.25
606295,Administration,Assistant,Night,19,164261.09
606296,Diagnostics,Assistant,Evening,5,47864.99
606297,Diagnostics,Technician,Night,17,117194.54
606298,Pharmacy,Coordinator,Night,1,109085.82
606299,Administration,Technician,Morning,21,54020.54
606300,Emergency,Assistant,Evening,29,133834.23
606301,Nursing,Manager,Evening,24,101774.55
606302,Nursing,Manager,Morning,12,94615.9
606303,Surgery,Technician,Evening,14,80095.62
606304,Emergency,Manager,Evening,2,122373.04
606305,Diagnostics,Manager,Evening,2,26418.41
606306,Pharmacy,Coordinator,Night,21,116302.69
606307,Surgery,Coordinator,Morning,6,111455.99
606308,Nursing,Assistant,Night,30,130706.84
606309,Emergency,Nurse,Night,12,42431.29
606310,Nursing,Coordinator,Night,26,151191.32
606311,Emergency,Technician,Evening,12,29551.04
606312,Nursing,Assistant,Night,7,69745
606313,Administration,Assistant,Night,11,106659.08
606314,Diagnostics,Nurse,Evening,15,107174
606315,Emergency,Nurse,Night,17,40521.18
606316,Emergency,Pharmacist,Night,23,93928.25
606317,Administration,Manager,Evening,15,144082.1
606318,Nursing,Pharmacist,Morning,11,67676.07
606319,Pharmacy,Assistant,Night,4,149933.27
606320,Surgery,Assistant,Evening,2,140204.5
606321,Administration,Coordinator,Night,10,160276.47
606322,Pharmacy,Manager,Night,25,72662.45
606323,Administration,Nurse,Evening,3,68118.32
606324,Emergency,Technician,Evening,12,70339.04
606325,Pharmacy,Manager,Morning,18,123801.55
606326,Surgery,Pharmacist,Evening,2,114186.71
606327,Pharmacy,Manager,Night,5,41167.38
606328,Pharmacy,Technician,Evening,11,154150.61
606329,Diagnostics,Assistant,Morning,0,130282.41
606330,Administration,Technician,Night,8,132735.37
606331,Surgery,Technician,Morning,15,163586.72
606332,Nursing,Coordinator,Night,9,161560.15
606333,Diagnostics,Coordinator,Morning,29,97746.7
606334,Diagnostics,Assistant,Morning,11,110107.98
606335,Surgery,Manager,Night,11,48485.46
606336,Emergency,Pharmacist,Morning,4,76686.86
606337,Emergency,Coordinator,Morning,26,152041.49
606338,Emergency,Manager,Night,18,114553.99
606339,Pharmacy,Assistant,Night,22,158608.59
606340,Pharmacy,Coordinator,Night,3,124403.41
606341,Nursing,Technician,Morning,15,84060.15
606342,Pharmacy,Pharmacist,Morning,23,58439.7
606343,Administration,Coordinator,Evening,29,145564.58
606344,Administration,Technician,Night,2,78348.41
606345,Administration,Pharmacist,Evening,8,107724.1
606346,Administration,Pharmacist,Evening,14,173404.46
606347,Diagnostics,Pharmacist,Morning,4,165671.86
606348,Administration,Pharmacist,Night,10,117497.84
606349,Administration,Nurse,Evening,7,28746.66
606350,Emergency,Nurse,Night,1,144698.48
606351,Emergency,Manager,Evening,8,101040.39
606352,Pharmacy,Assistant,Evening,16,56975.42
606353,Nursing,Pharmacist,Morning,24,105757.52
606354,Emergency,Nurse,Morning,4,45792.92
606355,Surgery,Technician,Morning,26,31408.14
606356,Nursing,Pharmacist,Evening,25,122097.6
606357,Administration,Nurse,Morning,14,165252.54
606358,Emergency,Coordinator,Evening,16,66393.11
606359,Pharmacy,Coordinator,Evening,9,72952.19
606360,Emergency,Pharmacist,Morning,13,136788.62
606361,Surgery,Pharmacist,Evening,17,92742.37
606362,Nursing,Assistant,Evening,24,102837.55
606363,Administration,Nurse,Morning,5,65071.32
606364,Diagnostics,Manager,Evening,9,58235.28
606365,Surgery,Nurse,Morning,4,33056
606366,Nursing,Pharmacist,Evening,25,45120.96
606367,Surgery,Manager,Evening,2,151243.21
606368,Administration,Manager,Morning,19,69982.26
606369,Diagnostics,Assistant,Evening,11,32717.81
606370,Surgery,Coordinator,Morning,13,77451.13
606371,Emergency,Manager,Evening,21,120643.74
606372,Administration,Pharmacist,Evening,1,59909.28
606373,Surgery,Manager,Night,9,176842.62
606374,Administration,Technician,Morning,3,34999.47
606375,Nursing,Manager,Evening,17,163208.69
606376,Surgery,Coordinator,Morning,2,57148.21
606377,Surgery,Coordinator,Evening,20,109859.01
606378,Diagnostics,Manager,Morning,24,32733.92
606379,Emergency,Assistant,Morning,12,29253.03
606380,Emergency,Nurse,Evening,1,64469
606381,Nursing,Coordinator,Morning,21,121104.85
606382,Emergency,Coordinator,Night,0,133604.56
606383,Emergency,Pharmacist,Evening,23,59661.72
606384,Pharmacy,Pharmacist,Evening,25,165425.15
606385,Diagnostics,Technician,Night,16,159718.73
606386,Diagnostics,Assistant,Evening,10,84515.17
606387,Emergency,Pharmacist,Morning,22,82943.59
606388,Nursing,Nurse,Evening,3,174905.5
606389,Pharmacy,Technician,Morning,9,95343.2
606390,Surgery,Manager,Evening,13,68860.52
606391,Nursing,Assistant,Night,25,35157.74
606392,Administration,Nurse,Morning,7,94057.96
606393,Surgery,Pharmacist,Morning,26,99333.81
606394,Emergency,Technician,Morning,1,31142.45
606395,Administration,Pharmacist,Morning,2,173253.44
606396,Administration,Coordinator,Evening,3,176662.75
606397,Administration,Assistant,Evening,27,65725.99
606398,Administration,Assistant,Night,17,73938.96
606399,Diagnostics,Assistant,Night,29,52789.27
606400,Administration,Assistant,Evening,0,66227.71
606401,Diagnostics,Nurse,Night,23,100006.14
606402,Diagnostics,Pharmacist,Morning,24,82764.17
606403,Pharmacy,Technician,Night,1,178389.61
606404,Pharmacy,Pharmacist,Night,5,133342.77
606405,Emergency,Nurse,Morning,3,87737.13
606406,Emergency,Technician,Night,4,29437.11
606407,Administration,Pharmacist,Morning,2,30413.53
606408,Nursing,Pharmacist,Evening,4,85235.42
606409,Pharmacy,Coordinator,Morning,27,126607.01
606410,Surgery,Technician,Evening,10,158424.13
606411,Administration,Coordinator,Evening,14,141394.35
606412,Pharmacy,Pharmacist,Night,23,61627.55
606413,Emergency,Assistant,Morning,20,103672
606414,Surgery,Pharmacist,Morning,3,116171.59
606415,Nursing,Manager,Morning,5,119404.29
606416,Administration,Pharmacist,Morning,4,170418.4
606417,Administration,Assistant,Morning,21,83803.53
606418,Pharmacy,Assistant,Evening,28,78041.37
606419,Pharmacy,Manager,Night,17,101736.72
606420,Nursing,Manager,Night,21,144234.73
606421,Surgery,Assistant,Night,13,148178.43
606422,Diagnostics,Nurse,Evening,25,146867.52
606423,Administration,Technician,Evening,30,179498.21
606424,Surgery,Pharmacist,Night,22,62026.11
606425,Surgery,Nurse,Morning,3,138957.55
606426,Nursing,Assistant,Morning,15,131923.31
606427,Emergency,Nurse,Night,14,69680.76
606428,Nursing,Nurse,Morning,5,170508.84
606429,Emergency,Nurse,Night,1,47794.77
606430,Emergency,Manager,Night,26,104411.54
606431,Diagnostics,Nurse,Evening,24,141674.57
606432,Administration,Technician,Night,1,145865.96
606433,Diagnostics,Technician,Morning,18,120744.46
606434,Surgery,Technician,Evening,12,146612.03
606435,Emergency,Assistant,Night,23,90259.55
606436,Emergency,Coordinator,Evening,26,94933.16
606437,Nursing,Nurse,Night,27,57672.73
606438,Diagnostics,Pharmacist,Night,28,117782.53
606439,Nursing,Technician,Night,26,81071.27
606440,Surgery,Nurse,Night,9,81343.98
606441,Surgery,Manager,Evening,15,148468.12
606442,Nursing,Assistant,Evening,6,98406.21
606443,Nursing,Assistant,Evening,23,80594.74
606444,Pharmacy,Technician,Evening,13,63126.29
606445,Emergency,Pharmacist,Morning,7,102733.46
606446,Surgery,Technician,Evening,8,169277.46
606447,Nursing,Pharmacist,Morning,26,120919.85
606448,Nursing,Technician,Morning,2,149871.68
606449,Pharmacy,Manager,Evening,19,80858.45
606450,Nursing,Coordinator,Morning,23,90581.83
606451,Diagnostics,Nurse,Morning,28,44592.96
606452,Surgery,Nurse,Night,11,149412.03
606453,Emergency,Assistant,Night,8,122906.94
606454,Surgery,Coordinator,Morning,29,119804.21
606455,Administration,Technician,Evening,7,141492.39
606456,Pharmacy,Technician,Night,19,53428.02
606457,Emergency,Assistant,Evening,9,125283.1
606458,Nursing,Pharmacist,Evening,24,57887.31
606459,Nursing,Nurse,Evening,18,90216.82
606460,Pharmacy,Technician,Morning,1,82492.43
606461,Nursing,Assistant,Night,10,154349.93
606462,Diagnostics,Nurse,Night,23,137019.13
606463,Pharmacy,Pharmacist,Night,6,178988.09
606464,Administration,Assistant,Morning,17,106103.39
606465,Surgery,Manager,Morning,16,26733.36
606466,Administration,Technician,Night,13,26759.62
606467,Administration,Technician,Evening,13,35713.44
606468,Emergency,Pharmacist,Evening,12,42058.29
606469,Diagnostics,Manager,Evening,27,99892.24
606470,Emergency,Pharmacist,Morning,13,40716.82
606471,Emergency,Coordinator,Morning,20,101831.09
606472,Emergency,Nurse,Night,11,48343.01
606473,Nursing,Pharmacist,Evening,15,79791.7
606474,Nursing,Coordinator,Night,16,111251.97
606475,Nursing,Manager,Evening,12,125586.08
606476,Diagnostics,Manager,Evening,22,54989.12
606477,Diagnostics,Manager,Morning,13,86253.21
606478,Nursing,Nurse,Evening,3,152051.95
606479,Surgery,Nurse,Evening,20,34577.56
606480,Pharmacy,Pharmacist,Night,10,70691.45
606481,Administration,Pharmacist,Night,0,167571.81
606482,Surgery,Pharmacist,Morning,9,79088.23
606483,Diagnostics,Technician,Evening,25,29305.03
606484,Surgery,Assistant,Evening,13,137985.9
606485,Emergency,Manager,Night,8,38557.8
606486,Surgery,Technician,Morning,4,133630.59
606487,Surgery,Coordinator,Morning,16,40992.88
606488,Diagnostics,Assistant,Night,11,117165.32
606489,Surgery,Technician,Morning,7,174378.43
606490,Diagnostics,Nurse,Morning,21,123939.93
606491,Pharmacy,Pharmacist,Evening,12,95599.55
606492,Pharmacy,Manager,Morning,15,47588.31
606493,Surgery,Technician,Morning,10,143192.74
606494,Emergency,Nurse,Evening,26,25975.36
606495,Administration,Coordinator,Morning,16,52914.06
606496,Emergency,Coordinator,Night,24,68283.96
606497,Nursing,Assistant,Evening,30,170839.99
606498,Nursing,Pharmacist,Night,2,50569.53
606499,Surgery,Technician,Night,6,56737.13
606500,Pharmacy,Technician,Night,7,166912.85
606501,Diagnostics,Assistant,Evening,12,99402.63
606502,Emergency,Pharmacist,Morning,19,160124.47
606503,Nursing,Manager,Evening,2,132345.11
606504,Diagnostics,Coordinator,Morning,13,32327.8
606505,Administration,Assistant,Morning,27,131899.77
606506,Diagnostics,Nurse,Morning,15,123236.22
606507,Diagnostics,Coordinator,Morning,14,90523.14
606508,Diagnostics,Nurse,Morning,14,136647.21
606509,Diagnostics,Technician,Evening,7,139163.61
606510,Pharmacy,Pharmacist,Night,11,37623.16
606511,Emergency,Manager,Morning,23,143881.4
606512,Emergency,Pharmacist,Night,16,118391.73
606513,Pharmacy,Technician,Morning,16,170853.24
606514,Pharmacy,Pharmacist,Night,23,149512.63
606515,Surgery,Nurse,Night,0,145246.84
606516,Diagnostics,Coordinator,Night,3,116552.85
606517,Nursing,Pharmacist,Morning,12,121267.56
606518,Nursing,Assistant,Night,29,155917.84
606519,Administration,Manager,Night,2,99011.67
606520,Nursing,Pharmacist,Evening,11,29425.38
606521,Pharmacy,Manager,Night,9,140545.3
606522,Diagnostics,Technician,Night,11,94416.61
606523,Surgery,Assistant,Night,27,38788.05
606524,Emergency,Coordinator,Night,11,128214.84
606525,Nursing,Technician,Evening,10,40282.02
606526,Diagnostics,Pharmacist,Night,18,103357.45
606527,Nursing,Coordinator,Night,23,112575.36
606528,Administration,Nurse,Evening,25,77956.16
606529,Nursing,Technician,Evening,25,33710.87
606530,Emergency,Pharmacist,Night,22,103509.91
606531,Administration,Coordinator,Morning,6,144161.2
606532,Surgery,Manager,Morning,27,126023.63
606533,Emergency,Technician,Evening,23,53877.13
606534,Nursing,Nurse,Night,20,49965.53
606535,Nursing,Nurse,Evening,22,28546.07
606536,Administration,Manager,Evening,16,108432.89
606537,Surgery,Nurse,Night,10,153254.74
606538,Nursing,Coordinator,Evening,22,64568.46
606539,Diagnostics,Assistant,Evening,12,46712.8
606540,Diagnostics,Coordinator,Morning,7,30786.57
606541,Surgery,Coordinator,Night,3,27717.05
606542,Pharmacy,Nurse,Night,21,61424.94
606543,Administration,Nurse,Morning,28,99860.13
606544,Nursing,Assistant,Night,9,161679.14
606545,Diagnostics,Manager,Evening,9,28518.9
606546,Diagnostics,Pharmacist,Night,9,59027.38
606547,Pharmacy,Nurse,Night,17,122129.23
606548,Administration,Pharmacist,Morning,6,40151.01
606549,Nursing,Manager,Morning,1,59116.83
606550,Surgery,Technician,Evening,8,35949.31
606551,Pharmacy,Coordinator,Evening,8,104817.72
606552,Surgery,Manager,Night,14,96653.39
606553,Administration,Assistant,Evening,7,131092.6
606554,Nursing,Pharmacist,Night,14,85515.39
606555,Diagnostics,Coordinator,Morning,26,155719.57
606556,Administration,Technician,Night,14,113615.35
606557,Surgery,Nurse,Night,27,52976.31
606558,Emergency,Assistant,Morning,14,138251.02
606559,Emergency,Assistant,Night,22,113488.28
606560,Surgery,Manager,Morning,2,60178.48
606561,Pharmacy,Pharmacist,Evening,16,28459.17
606562,Pharmacy,Nurse,Evening,1,100009.28
606563,Administration,Nurse,Evening,19,74122.3
606564,Emergency,Pharmacist,Evening,28,123513.35
606565,Diagnostics,Pharmacist,Evening,12,89281.09
606566,Pharmacy,Pharmacist,Night,3,81201.5
606567,Administration,Assistant,Evening,20,123244.66
606568,Pharmacy,Nurse,Evening,19,121388.24
606569,Nursing,Pharmacist,Evening,5,42501.68
606570,Diagnostics,Manager,Night,6,94486.94
606571,Emergency,Assistant,Morning,25,134272.12
606572,Diagnostics,Manager,Morning,5,55324.22
606573,Emergency,Assistant,Evening,27,119939.22
606574,Administration,Nurse,Evening,30,176730
606575,Nursing,Technician,Evening,9,154063.74
606576,Emergency,Technician,Night,13,89010.24
606577,Pharmacy,Coordinator,Evening,24,64076.41
606578,Nursing,Technician,Evening,27,53853.92
606579,Emergency,Nurse,Night,18,118849.17
606580,Emergency,Coordinator,Evening,3,87071.12
606581,Emergency,Manager,Night,16,83660.49
606582,Diagnostics,Manager,Morning,23,76326.37
606583,Nursing,Pharmacist,Evening,29,71612.74
606584,Administration,Coordinator,Night,23,92389.71
606585,Nursing,Assistant,Evening,30,111536.23
606586,Nursing,Nurse,Evening,1,31839.17
606587,Diagnostics,Pharmacist,Night,15,65184.59
606588,Administration,Technician,Morning,3,127538.99
606589,Diagnostics,Pharmacist,Night,30,105963.37
606590,Surgery,Manager,Night,0,41443.58
606591,Surgery,Technician,Night,13,176237.82
606592,Emergency,Technician,Morning,26,141933.33
606593,Pharmacy,Assistant,Morning,27,52655.04
606594,Diagnostics,Technician,Evening,3,66503.02
606595,Diagnostics,Assistant,Night,2,106761.82
606596,Surgery,Manager,Night,28,86079.03
606597,Diagnostics,Technician,Evening,18,30951.57
606598,Emergency,Technician,Evening,24,118471.98
606599,Nursing,Manager,Night,30,73193.48
606600,Pharmacy,Coordinator,Night,0,26045.48
606601,Diagnostics,Nurse,Evening,16,136297.44
606602,Pharmacy,Manager,Night,29,30687.93
606603,Administration,Coordinator,Night,30,121389.67
606604,Pharmacy,Pharmacist,Night,29,114279.04
606605,Pharmacy,Technician,Evening,13,33283.64
606606,Administration,Manager,Evening,5,45332.53
606607,Diagnostics,Technician,Evening,19,57642.35
606608,Diagnostics,Coordinator,Morning,4,67912.64
606609,Pharmacy,Technician,Evening,26,69270.64
606610,Emergency,Nurse,Morning,1,75478.52
606611,Emergency,Assistant,Morning,1,70501.84
606612,Emergency,Nurse,Night,18,46333.47
606613,Emergency,Assistant,Evening,22,80023.4
606614,Surgery,Coordinator,Morning,28,162705.62
606615,Nursing,Technician,Morning,2,130654.5
606616,Surgery,Assistant,Morning,19,168195.42
606617,Emergency,Assistant,Evening,21,75187.31
606618,Administration,Nurse,Morning,27,76140.73
606619,Surgery,Technician,Morning,28,80892.68
606620,Nursing,Manager,Evening,3,176483.95
606621,Nursing,Coordinator,Night,3,125653.11
606622,Administration,Manager,Morning,1,136371.88
606623,Surgery,Manager,Morning,20,41436.17
606624,Administration,Nurse,Night,4,175247.72
606625,Pharmacy,Nurse,Evening,15,100473.79
606626,Surgery,Technician,Night,28,170731.75
606627,Emergency,Nurse,Morning,22,73236.77
606628,Pharmacy,Nurse,Morning,16,137205.13
606629,Nursing,Pharmacist,Morning,3,84961.03
606630,Pharmacy,Manager,Evening,12,117174.09
606631,Pharmacy,Technician,Evening,27,132222.45
606632,Diagnostics,Assistant,Morning,4,78957.05
606633,Surgery,Pharmacist,Evening,12,108696.27
606634,Surgery,Assistant,Evening,28,123088.45
606635,Surgery,Assistant,Morning,24,44918.76
606636,Surgery,Technician,Evening,15,104082.1
606637,Administration,Manager,Evening,11,81079.69
606638,Diagnostics,Pharmacist,Evening,9,101828.22
606639,Pharmacy,Technician,Evening,13,166923.8
606640,Pharmacy,Coordinator,Morning,28,140099.43
606641,Administration,Manager,Morning,8,48555.52
606642,Nursing,Coordinator,Night,9,158980.08
606643,Diagnostics,Pharmacist,Morning,1,143019
606644,Pharmacy,Nurse,Evening,18,28777.43
606645,Administration,Manager,Evening,26,89638.33
606646,Administration,Assistant,Morning,3,133914.8
606647,Administration,Coordinator,Night,30,145027.67
606648,Surgery,Technician,Morning,28,153789.18
606649,Emergency,Technician,Morning,7,108281
606650,Diagnostics,Nurse,Morning,0,172648.54
606651,Diagnostics,Nurse,Night,30,87296.35
606652,Pharmacy,Pharmacist,Night,10,173194.53
606653,Nursing,Manager,Morning,4,173207.65
606654,Nursing,Pharmacist,Morning,4,150214.26
606655,Administration,Assistant,Night,23,115777.86
606656,Pharmacy,Pharmacist,Night,5,97668.29
606657,Diagnostics,Assistant,Night,28,138107.34
606658,Administration,Assistant,Morning,20,97530.45
606659,Emergency,Pharmacist,Evening,5,178277.73
606660,Diagnostics,Assistant,Evening,11,162998.68
606661,Diagnostics,Manager,Night,6,93053.05
606662,Administration,Manager,Evening,19,47580.87
606663,Pharmacy,Nurse,Morning,26,38047.07
606664,Diagnostics,Technician,Morning,13,156038.47
606665,Emergency,Coordinator,Night,5,163123.31
606666,Pharmacy,Assistant,Morning,10,45652.68
606667,Surgery,Technician,Morning,26,107547.4
606668,Surgery,Assistant,Evening,28,141688.17
606669,Diagnostics,Assistant,Morning,17,56878.13
606670,Surgery,Assistant,Morning,2,98340.22
606671,Administration,Manager,Evening,11,134760.36
606672,Diagnostics,Nurse,Night,23,58934.85
606673,Diagnostics,Pharmacist,Morning,2,63068.53
606674,Diagnostics,Coordinator,Evening,3,74645.29
606675,Emergency,Manager,Morning,24,144334.75
606676,Surgery,Nurse,Night,28,163745.71
606677,Diagnostics,Pharmacist,Morning,2,145169.41
606678,Emergency,Nurse,Night,25,80261.23
606679,Administration,Assistant,Evening,27,131160.73
606680,Emergency,Pharmacist,Night,21,84526.64
606681,Nursing,Pharmacist,Evening,14,52572.25
606682,Emergency,Coordinator,Night,10,115699.35
606683,Nursing,Pharmacist,Evening,28,36475.07
606684,Emergency,Technician,Evening,23,47398.19
606685,Surgery,Manager,Evening,10,104995.11
606686,Pharmacy,Technician,Night,6,123719.09
606687,Pharmacy,Technician,Night,6,134482.38
606688,Nursing,Technician,Night,29,69913.59
606689,Administration,Assistant,Evening,9,147648.19
606690,Surgery,Technician,Evening,30,131889.19
606691,Administration,Assistant,Morning,21,66351.75
606692,Administration,Technician,Night,11,44535.33
606693,Diagnostics,Manager,Night,25,107274.85
606694,Administration,Technician,Night,6,147796.54
606695,Surgery,Pharmacist,Morning,14,91451.95
606696,Administration,Manager,Night,15,150248.54
606697,Nursing,Coordinator,Evening,2,153100.7
606698,Pharmacy,Manager,Evening,4,87250.07
606699,Emergency,Technician,Evening,18,165602.24
606700,Emergency,Technician,Evening,15,48647.56
606701,Administration,Technician,Morning,14,26514.67
606702,Emergency,Technician,Morning,0,134642.59
606703,Surgery,Manager,Night,29,158980.58
606704,Nursing,Technician,Morning,14,109727.6
606705,Diagnostics,Pharmacist,Night,27,117621.83
606706,Pharmacy,Assistant,Evening,7,178154.48
606707,Pharmacy,Pharmacist,Evening,22,107571.25
606708,Pharmacy,Coordinator,Evening,20,55020.28
606709,Administration,Assistant,Morning,4,96268.21
606710,Diagnostics,Assistant,Night,16,72377.66
606711,Surgery,Manager,Evening,28,35725.91
606712,Emergency,Nurse,Morning,25,119462.47
606713,Nursing,Manager,Evening,18,177033.08
606714,Surgery,Nurse,Evening,15,77667.12
606715,Pharmacy,Nurse,Night,21,59474.58
606716,Nursing,Assistant,Night,23,70642.18
606717,Pharmacy,Technician,Night,12,146323.34
606718,Pharmacy,Technician,Night,8,118143.45
606719,Pharmacy,Pharmacist,Evening,27,72914.15
606720,Nursing,Nurse,Morning,4,40532.36
606721,Emergency,Technician,Evening,5,123931.63
606722,Pharmacy,Coordinator,Evening,23,79519.09
606723,Diagnostics,Technician,Morning,10,27924.65
606724,Administration,Technician,Night,20,169196.98
606725,Administration,Manager,Evening,17,114262.4
606726,Administration,Pharmacist,Morning,5,174245.11
606727,Emergency,Manager,Night,27,37455.89
606728,Surgery,Nurse,Morning,8,85967.12
606729,Administration,Technician,Evening,1,88991.11
606730,Surgery,Coordinator,Morning,13,32925.82
606731,Surgery,Technician,Morning,5,151723.31
606732,Diagnostics,Coordinator,Morning,19,27259.14
606733,Surgery,Assistant,Night,21,78679.41
606734,Nursing,Pharmacist,Morning,21,169592.37
606735,Surgery,Pharmacist,Night,14,77208.18
606736,Nursing,Technician,Morning,28,59086.3
606737,Administration,Technician,Night,20,149781.47
606738,Administration,Nurse,Night,17,41973.57
606739,Nursing,Pharmacist,Morning,12,87430.79
606740,Nursing,Coordinator,Night,30,107166.67
606741,Diagnostics,Assistant,Evening,1,126053.45
606742,Surgery,Technician,Morning,25,89251.93
606743,Administration,Coordinator,Morning,10,146239.5
606744,Pharmacy,Coordinator,Night,14,135425.55
606745,Administration,Nurse,Evening,26,151716.51
606746,Emergency,Pharmacist,Morning,12,44081.49
606747,Diagnostics,Assistant,Morning,11,61304.95
606748,Administration,Nurse,Morning,28,176972.49
606749,Pharmacy,Nurse,Morning,28,91715.32
606750,Surgery,Manager,Morning,11,90214.3
606751,Pharmacy,Technician,Morning,22,114569.14
606752,Pharmacy,Manager,Morning,4,51582.25
606753,Pharmacy,Pharmacist,Night,1,72211.89
606754,Administration,Technician,Morning,7,179061.12
606755,Surgery,Manager,Night,25,172974.55
606756,Emergency,Pharmacist,Night,6,48931.33
606757,Nursing,Nurse,Evening,17,131701.23
606758,Pharmacy,Pharmacist,Evening,17,122543.76
606759,Nursing,Coordinator,Night,20,82595.35
606760,Emergency,Technician,Evening,16,124788.94
606761,Diagnostics,Pharmacist,Night,14,44009.71
606762,Nursing,Coordinator,Night,15,38641.76
606763,Emergency,Coordinator,Night,7,159495.24
606764,Emergency,Technician,Night,3,107654.92
606765,Nursing,Manager,Night,22,119688.43
606766,Diagnostics,Nurse,Night,7,98751.4
606767,Surgery,Coordinator,Morning,14,54203.57
606768,Pharmacy,Technician,Evening,8,126417.41
606769,Pharmacy,Pharmacist,Evening,2,114651.15
606770,Pharmacy,Pharmacist,Night,27,66614.79
606771,Pharmacy,Pharmacist,Night,19,78183.96
606772,Surgery,Assistant,Morning,14,64627.38
606773,Surgery,Pharmacist,Morning,0,170798.93
606774,Pharmacy,Pharmacist,Morning,27,118480.56
606775,Surgery,Pharmacist,Evening,0,37155.23
606776,Surgery,Coordinator,Evening,12,48451.91
606777,Pharmacy,Pharmacist,Morning,1,70701.32
606778,Administration,Coordinator,Night,2,88166.45
606779,Nursing,Technician,Evening,4,128739.36
606780,Nursing,Nurse,Morning,5,165479.06
606781,Diagnostics,Pharmacist,Evening,27,42743.86
606782,Administration,Coordinator,Night,2,107409.79
606783,Nursing,Assistant,Evening,12,64338.51
606784,Diagnostics,Pharmacist,Morning,28,108553.87
606785,Emergency,Coordinator,Night,10,120490.75
606786,Administration,Coordinator,Night,13,163632.55
606787,Diagnostics,Assistant,Morning,14,71151.05
606788,Pharmacy,Coordinator,Morning,13,25522.8
606789,Nursing,Coordinator,Morning,19,161988.89
606790,Emergency,Assistant,Evening,26,103146.45
606791,Diagnostics,Assistant,Evening,8,107174.79
606792,Pharmacy,Nurse,Evening,20,121732.17
606793,Nursing,Nurse,Morning,24,179904.58
606794,Surgery,Technician,Night,8,123152.08
606795,Administration,Coordinator,Night,22,140723.89
606796,Pharmacy,Nurse,Night,6,25714.22
606797,Surgery,Assistant,Morning,8,32080.68
606798,Surgery,Assistant,Morning,30,29076.9
606799,Nursing,Coordinator,Evening,6,164522.03
606800,Nursing,Pharmacist,Night,12,126168.75
606801,Surgery,Pharmacist,Evening,8,176769.71
606802,Emergency,Manager,Morning,28,30542.44
606803,Pharmacy,Manager,Evening,12,158600.88
606804,Pharmacy,Nurse,Night,5,135628.13
606805,Surgery,Nurse,Morning,7,65108.94
606806,Pharmacy,Nurse,Morning,29,140943.35
606807,Surgery,Manager,Morning,26,43657.74
606808,Diagnostics,Technician,Evening,12,148020.37
606809,Diagnostics,Assistant,Evening,8,132840.76
606810,Surgery,Pharmacist,Night,3,72804.14
606811,Administration,Nurse,Evening,11,132527.77
606812,Diagnostics,Pharmacist,Morning,23,152425.27
606813,Surgery,Coordinator,Night,20,113307.97
606814,Pharmacy,Manager,Night,12,62749.17
606815,Emergency,Pharmacist,Morning,15,174567.31
606816,Emergency,Coordinator,Night,24,46050.49
606817,Administration,Manager,Night,17,126257.31
606818,Administration,Manager,Morning,17,178144.06
606819,Administration,Technician,Night,24,150235.42
606820,Diagnostics,Manager,Night,11,113632.89
606821,Pharmacy,Assistant,Night,11,56243.04
606822,Surgery,Technician,Morning,5,149572.31
606823,Administration,Assistant,Morning,13,61714.95
606824,Surgery,Coordinator,Night,16,142304.29
606825,Pharmacy,Technician,Morning,12,169733.55
606826,Surgery,Technician,Night,8,140245.18
606827,Pharmacy,Pharmacist,Evening,20,85391.09
606828,Diagnostics,Assistant,Evening,27,123159.89
606829,Emergency,Assistant,Evening,21,30709.56
606830,Diagnostics,Coordinator,Night,20,27591.91
606831,Nursing,Manager,Evening,24,108572.06
606832,Nursing,Assistant,Night,26,82088.22
606833,Diagnostics,Assistant,Morning,24,70342
606834,Emergency,Manager,Night,4,82653.23
606835,Surgery,Pharmacist,Morning,23,50382.88
606836,Surgery,Assistant,Night,20,47172.45
606837,Diagnostics,Pharmacist,Evening,29,37054.59
606838,Diagnostics,Technician,Morning,21,152208.37
606839,Pharmacy,Assistant,Evening,3,74760.97
606840,Diagnostics,Nurse,Night,21,35842.57
606841,Surgery,Manager,Evening,30,95375.08
606842,Nursing,Manager,Morning,6,140292.47
606843,Nursing,Assistant,Evening,17,170361.87
606844,Emergency,Coordinator,Night,24,156884.51
606845,Administration,Technician,Evening,20,137025.5
606846,Diagnostics,Manager,Evening,0,55802.35
606847,Administration,Coordinator,Morning,2,51622.89
606848,Administration,Technician,Morning,16,114830.03
606849,Diagnostics,Manager,Morning,7,174607.51
606850,Pharmacy,Technician,Morning,13,106272.65
606851,Administration,Technician,Morning,25,52501.92
606852,Pharmacy,Assistant,Morning,30,51974.42
606853,Emergency,Assistant,Evening,16,148831.02
606854,Diagnostics,Coordinator,Night,3,172234.49
606855,Emergency,Coordinator,Evening,30,149568.7
606856,Pharmacy,Nurse,Morning,12,123236.97
606857,Emergency,Assistant,Morning,3,36970.36
606858,Pharmacy,Manager,Morning,23,103188.31
606859,Pharmacy,Assistant,Evening,2,174072.76
606860,Administration,Assistant,Night,4,32365.53
606861,Administration,Assistant,Night,29,47440.39
606862,Pharmacy,Technician,Night,17,33878.61
606863,Nursing,Technician,Evening,18,142075.88
606864,Emergency,Pharmacist,Night,28,121534.04
606865,Emergency,Nurse,Night,8,177557.51
606866,Surgery,Coordinator,Night,29,82424.03
606867,Pharmacy,Nurse,Morning,0,165754.2
606868,Pharmacy,Coordinator,Evening,24,38677.39
606869,Administration,Pharmacist,Evening,2,103155.6
606870,Nursing,Pharmacist,Night,29,167026.78
606871,Emergency,Technician,Night,2,54217.09
606872,Nursing,Assistant,Morning,8,29415.12
606873,Administration,Assistant,Morning,15,169859.59
606874,Diagnostics,Technician,Evening,21,38981.28
606875,Pharmacy,Pharmacist,Morning,8,106311.58
606876,Nursing,Assistant,Morning,7,141926.07
606877,Pharmacy,Manager,Night,18,126253.91
606878,Pharmacy,Coordinator,Night,7,148256.74
606879,Pharmacy,Assistant,Evening,6,29740.23
606880,Administration,Manager,Night,5,177067.76
606881,Emergency,Coordinator,Evening,13,112541.41
606882,Surgery,Technician,Night,21,40859.13
606883,Nursing,Nurse,Evening,14,61568.2
606884,Nursing,Manager,Night,9,141252.71
606885,Diagnostics,Pharmacist,Night,0,99496.69
606886,Nursing,Assistant,Evening,13,86431.35
606887,Nursing,Pharmacist,Evening,13,39292.58
606888,Emergency,Assistant,Morning,23,52843.64
606889,Emergency,Nurse,Morning,23,148794.99
606890,Pharmacy,Manager,Night,6,63768.04
606891,Administration,Technician,Morning,1,37865.85
606892,Diagnostics,Technician,Evening,28,121956.03
606893,Nursing,Technician,Night,22,31847.2
606894,Nursing,Technician,Evening,23,84186.7
606895,Emergency,Coordinator,Evening,12,57268.35
606896,Pharmacy,Technician,Night,20,126571.45
606897,Surgery,Technician,Morning,5,116572.88
606898,Emergency,Coordinator,Night,21,159918.72
606899,Emergency,Technician,Night,9,129064.2
606900,Diagnostics,Coordinator,Morning,12,28951.54
606901,Pharmacy,Assistant,Night,18,32255.13
606902,Emergency,Coordinator,Morning,9,57844.49
606903,Diagnostics,Pharmacist,Morning,12,167119.92
606904,Diagnostics,Coordinator,Night,13,139087.37
606905,Nursing,Assistant,Morning,5,74717.6
606906,Pharmacy,Assistant,Night,12,29295.62
606907,Diagnostics,Nurse,Morning,20,120075.51
606908,Pharmacy,Assistant,Morning,3,166311.53
606909,Nursing,Technician,Morning,15,131058.72
606910,Surgery,Coordinator,Evening,12,174211.34
606911,Emergency,Coordinator,Evening,8,113578.41
606912,Diagnostics,Nurse,Night,28,78319.61
606913,Pharmacy,Coordinator,Night,15,160759.84
606914,Diagnostics,Technician,Morning,14,51522.39
606915,Pharmacy,Coordinator,Night,30,40082.77
606916,Diagnostics,Nurse,Morning,19,173511.06
606917,Pharmacy,Manager,Evening,27,151384.41
606918,Administration,Assistant,Night,0,100170.44
606919,Surgery,Coordinator,Morning,4,94617.94
606920,Diagnostics,Assistant,Evening,7,33622.79
606921,Diagnostics,Assistant,Morning,13,132858.34
606922,Diagnostics,Technician,Night,1,113507.41
606923,Nursing,Pharmacist,Morning,12,25240.77
606924,Diagnostics,Nurse,Morning,4,113659.1
606925,Surgery,Technician,Night,14,176182.64
606926,Diagnostics,Technician,Night,28,27315.72
606927,Emergency,Manager,Evening,4,51985.89
606928,Diagnostics,Nurse,Evening,24,135241.77
606929,Administration,Coordinator,Morning,2,152990.21
606930,Nursing,Manager,Evening,18,47291.6
606931,Administration,Technician,Morning,15,112534.08
606932,Surgery,Technician,Morning,1,73758.45
606933,Emergency,Assistant,Night,30,97234.88
606934,Emergency,Technician,Morning,21,83960.58
606935,Surgery,Coordinator,Evening,27,179174.52
606936,Administration,Nurse,Morning,0,90629.61
606937,Surgery,Technician,Evening,16,97616.79
606938,Surgery,Assistant,Morning,25,167978.22
606939,Pharmacy,Assistant,Evening,4,106260.88
606940,Emergency,Manager,Morning,25,146918.51
606941,Emergency,Nurse,Evening,28,34877.39
606942,Pharmacy,Assistant,Night,12,122890.71
606943,Administration,Manager,Morning,0,73127.75
606944,Emergency,Manager,Morning,1,49028.92
606945,Emergency,Manager,Morning,14,170590.02
606946,Surgery,Manager,Evening,29,45046.16
606947,Emergency,Coordinator,Night,16,133579.96
606948,Diagnostics,Pharmacist,Evening,4,44458.59
606949,Nursing,Coordinator,Evening,4,62944.65
606950,Diagnostics,Nurse,Night,12,63463.63
606951,Nursing,Assistant,Night,1,87433.23
606952,Nursing,Pharmacist,Evening,13,147154.58
606953,Emergency,Manager,Morning,28,81131.16
606954,Administration,Manager,Evening,8,34638.91
606955,Diagnostics,Pharmacist,Night,13,46275.88
606956,Surgery,Nurse,Evening,25,94935.22
606957,Surgery,Manager,Morning,11,152668.01
606958,Nursing,Pharmacist,Night,6,120999.01
606959,Pharmacy,Coordinator,Evening,6,167047.95
606960,Surgery,Technician,Evening,22,38223.28
606961,Nursing,Manager,Morning,5,82462.55
606962,Surgery,Nurse,Morning,20,161674.8
606963,Surgery,Nurse,Evening,1,81499.45
606964,Diagnostics,Assistant,Evening,11,83160.88
606965,Administration,Technician,Evening,19,28387.02
606966,Surgery,Nurse,Evening,4,130908.12
606967,Administration,Assistant,Evening,11,58071.69
606968,Administration,Technician,Evening,19,44852.76
606969,Pharmacy,Coordinator,Morning,29,75863.33
606970,Emergency,Assistant,Morning,0,150220.92
606971,Pharmacy,Coordinator,Morning,2,37881.33
606972,Surgery,Manager,Morning,20,83713.57
606973,Diagnostics,Coordinator,Morning,9,76402.95
606974,Nursing,Assistant,Evening,19,72051.35
606975,Surgery,Pharmacist,Evening,4,172193.65
606976,Emergency,Assistant,Morning,25,54868.73
606977,Nursing,Coordinator,Evening,9,50407.47
606978,Surgery,Nurse,Evening,29,154362.59
606979,Administration,Manager,Morning,1,118621.35
606980,Surgery,Pharmacist,Night,16,59699.25
606981,Emergency,Pharmacist,Night,11,175419.35
606982,Emergency,Pharmacist,Evening,29,64042.92
606983,Pharmacy,Pharmacist,Morning,15,34583.52
606984,Nursing,Pharmacist,Morning,24,95603.08
606985,Emergency,Nurse,Night,24,107552.2
606986,Diagnostics,Nurse,Evening,22,108443.09
606987,Diagnostics,Manager,Morning,3,40875.37
606988,Nursing,Pharmacist,Evening,8,121516.09
606989,Nursing,Manager,Morning,25,155546.65
606990,Nursing,Technician,Morning,11,178108.86
606991,Surgery,Coordinator,Morning,26,160994.02
606992,Surgery,Nurse,Evening,1,89430.06
606993,Nursing,Assistant,Morning,25,95858.61
606994,Pharmacy,Manager,Evening,11,62452.08
606995,Pharmacy,Technician,Night,14,142988.65
606996,Emergency,Nurse,Night,24,103718.94
606997,Diagnostics,Technician,Evening,26,104668.47
606998,Pharmacy,Assistant,Evening,18,139688.12
606999,Diagnostics,Assistant,Morning,10,134200.54
607000,Emergency,Pharmacist,Evening,14,171064.16
607001,Pharmacy,Manager,Night,21,80269.42
607002,Surgery,Nurse,Evening,3,95567.96
607003,Administration,Manager,Night,12,62814.63
607004,Emergency,Manager,Evening,3,145617.5
607005,Emergency,Pharmacist,Evening,14,116105.25
607006,Emergency,Pharmacist,Night,14,139082.15
607007,Nursing,Technician,Morning,22,106674.58
607008,Administration,Technician,Night,2,150265.49
607009,Diagnostics,Technician,Night,11,150539.92
607010,Nursing,Technician,Night,3,51815.9
607011,Emergency,Technician,Night,4,46348.28
607012,Administration,Assistant,Evening,10,178882.24
607013,Pharmacy,Coordinator,Morning,11,152126.34
607014,Emergency,Nurse,Night,28,66013.43
607015,Administration,Pharmacist,Evening,28,150190.77
607016,Administration,Pharmacist,Evening,1,92876.62
607017,Nursing,Assistant,Night,8,62616.32
607018,Emergency,Assistant,Morning,15,78645.86
607019,Nursing,Manager,Evening,23,127490.31
607020,Emergency,Manager,Morning,21,142136.75
607021,Diagnostics,Manager,Night,9,155724.89
607022,Emergency,Coordinator,Morning,26,152553.2
607023,Nursing,Manager,Morning,23,26109.11
607024,Nursing,Technician,Morning,6,145001.14
607025,Emergency,Coordinator,Evening,1,37772.34
607026,Administration,Technician,Night,20,149786.66
607027,Nursing,Assistant,Evening,4,170850.04
607028,Nursing,Coordinator,Night,26,74640.78
607029,Administration,Nurse,Morning,23,100458.91
607030,Emergency,Coordinator,Night,8,77544.37
607031,Surgery,Pharmacist,Morning,3,163802.84
607032,Surgery,Technician,Morning,27,122003.63
607033,Administration,Technician,Evening,29,77907.33
607034,Emergency,Technician,Evening,15,120650.72
607035,Pharmacy,Assistant,Evening,14,119903.81
607036,Emergency,Coordinator,Morning,5,26759.58
607037,Nursing,Nurse,Evening,3,53900.37
607038,Surgery,Nurse,Evening,20,68126.4
607039,Surgery,Manager,Evening,15,175694.83
607040,Emergency,Nurse,Morning,1,38025.11
607041,Nursing,Pharmacist,Evening,4,140793.92
607042,Administration,Nurse,Evening,24,85131.47
607043,Diagnostics,Nurse,Evening,15,55674.72
607044,Emergency,Assistant,Night,18,58721.14
607045,Surgery,Coordinator,Night,13,166062.88
607046,Nursing,Coordinator,Night,19,113240.01
607047,Administration,Nurse,Morning,1,28262.34
607048,Surgery,Pharmacist,Morning,29,69787.5
607049,Emergency,Manager,Evening,3,66873.14
607050,Nursing,Pharmacist,Evening,0,172831.32
607051,Pharmacy,Assistant,Morning,13,114523.18
607052,Administration,Pharmacist,Night,9,155783.25
607053,Administration,Technician,Morning,13,27790.33
607054,Surgery,Nurse,Night,24,97425.84
607055,Administration,Assistant,Morning,4,26721.75
607056,Nursing,Pharmacist,Morning,13,79972.44
607057,Emergency,Nurse,Morning,19,150704.74
607058,Administration,Manager,Morning,7,175161.27
607059,Nursing,Assistant,Morning,24,45093.81
607060,Diagnostics,Coordinator,Evening,3,165441.25
607061,Diagnostics,Manager,Morning,28,122886.37
607062,Surgery,Manager,Evening,3,116304.96
607063,Diagnostics,Pharmacist,Morning,28,77688.05
607064,Pharmacy,Nurse,Night,24,94196.76
607065,Diagnostics,Pharmacist,Night,9,118828
607066,Diagnostics,Technician,Evening,16,107630.36
607067,Diagnostics,Nurse,Evening,20,127409.53
607068,Administration,Technician,Evening,7,121181.2
607069,Nursing,Technician,Morning,0,53472.28
607070,Emergency,Nurse,Evening,13,112206.23
607071,Nursing,Pharmacist,Evening,22,101477.14
607072,Administration,Nurse,Night,24,147763.2
607073,Pharmacy,Manager,Evening,11,148812.99
607074,Pharmacy,Technician,Night,28,88297.08
607075,Surgery,Technician,Evening,30,176866.51
607076,Pharmacy,Assistant,Night,25,162984.62
607077,Emergency,Nurse,Evening,23,40375.46
607078,Diagnostics,Technician,Morning,7,43040.03
607079,Surgery,Assistant,Evening,6,175461.75
607080,Nursing,Pharmacist,Morning,1,161952.61
607081,Pharmacy,Pharmacist,Evening,19,78492.52
607082,Surgery,Technician,Morning,1,113414.28
607083,Nursing,Nurse,Night,27,178866.49
607084,Pharmacy,Technician,Night,7,114989.67
607085,Pharmacy,Nurse,Morning,3,171748.98
607086,Administration,Assistant,Evening,29,164294.75
607087,Diagnostics,Coordinator,Night,16,76254.32
607088,Surgery,Technician,Evening,18,141113.73
607089,Administration,Coordinator,Night,8,146649.08
607090,Pharmacy,Nurse,Morning,4,71891.94
607091,Emergency,Assistant,Evening,10,107911.96
607092,Pharmacy,Pharmacist,Morning,18,77247.56
607093,Nursing,Nurse,Night,12,119078.75
607094,Nursing,Pharmacist,Night,20,98200.21
607095,Surgery,Pharmacist,Evening,7,147172.13
607096,Administration,Nurse,Night,19,90257.08
607097,Surgery,Assistant,Evening,16,133989.89
607098,Diagnostics,Nurse,Morning,19,160692.17
607099,Surgery,Pharmacist,Morning,10,178186.58
607100,Administration,Coordinator,Morning,22,111446.21
607101,Surgery,Manager,Morning,25,125392.42
607102,Pharmacy,Coordinator,Night,6,108464.23
607103,Diagnostics,Nurse,Night,20,100641.07
607104,Surgery,Coordinator,Evening,22,174710.15
607105,Surgery,Manager,Evening,6,93160.03
607106,Nursing,Pharmacist,Night,6,31893.6
607107,Administration,Manager,Night,10,104195.97
607108,Nursing,Manager,Evening,13,35363.29
607109,Pharmacy,Coordinator,Evening,7,51122.23
607110,Administration,Coordinator,Night,15,76956.3
607111,Diagnostics,Manager,Morning,27,151056.62
607112,Nursing,Technician,Night,19,72288.02
607113,Diagnostics,Assistant,Morning,22,162738.41
607114,Diagnostics,Manager,Evening,24,167426.46
607115,Administration,Assistant,Evening,23,127153.14
607116,Emergency,Nurse,Evening,20,67111.19
607117,Nursing,Assistant,Night,16,51074.12
607118,Diagnostics,Assistant,Night,30,161742.3
607119,Diagnostics,Coordinator,Evening,30,43569.66
607120,Administration,Pharmacist,Evening,29,81019.16
607121,Diagnostics,Assistant,Night,3,165995.98
607122,Diagnostics,Coordinator,Night,22,45010.84
607123,Administration,Assistant,Night,0,57613.11
607124,Administration,Pharmacist,Night,23,31436.42
607125,Diagnostics,Nurse,Night,7,171826.59
607126,Diagnostics,Pharmacist,Morning,28,36843.13
607127,Pharmacy,Assistant,Evening,26,47591.83
607128,Nursing,Nurse,Evening,26,116848.68
607129,Pharmacy,Nurse,Morning,13,26228.77
607130,Pharmacy,Nurse,Morning,30,115325.52
607131,Emergency,Pharmacist,Morning,7,60984.48
607132,Emergency,Manager,Night,15,26150.85
607133,Surgery,Assistant,Night,19,179684.83
607134,Administration,Coordinator,Morning,9,142685.6
607135,Diagnostics,Coordinator,Morning,19,134466.29
607136,Pharmacy,Manager,Evening,23,67545.92
607137,Surgery,Technician,Morning,23,174644.4
607138,Diagnostics,Coordinator,Evening,23,155418.68
607139,Nursing,Nurse,Evening,27,171180.46
607140,Administration,Technician,Evening,28,168049.3
607141,Emergency,Manager,Morning,4,133854.96
607142,Nursing,Nurse,Morning,28,86888.82
607143,Pharmacy,Manager,Night,21,159877.87
607144,Emergency,Nurse,Morning,23,51025.43
607145,Surgery,Coordinator,Evening,14,33614.6
607146,Surgery,Coordinator,Morning,8,156825.18
607147,Diagnostics,Pharmacist,Night,24,120873.37
607148,Nursing,Manager,Evening,8,29372.29
607149,Emergency,Assistant,Evening,3,55663.36
607150,Nursing,Technician,Evening,15,163790.39
607151,Pharmacy,Pharmacist,Evening,9,140089.7
607152,Nursing,Assistant,Evening,13,95436.82
607153,Surgery,Nurse,Evening,28,60898.98
607154,Pharmacy,Pharmacist,Night,16,123780.65
607155,Administration,Assistant,Morning,4,173678.68
607156,Nursing,Manager,Evening,24,66189.24
607157,Emergency,Manager,Evening,18,102554.88
607158,Surgery,Nurse,Morning,28,58653.26
607159,Administration,Pharmacist,Evening,14,163612.85
607160,Emergency,Nurse,Night,13,114458.3
607161,Nursing,Pharmacist,Evening,22,169709.22
607162,Diagnostics,Technician,Morning,11,127059
607163,Diagnostics,Nurse,Night,3,88258.09
607164,Diagnostics,Pharmacist,Evening,21,72993.23
607165,Nursing,Coordinator,Morning,20,112637.07
607166,Pharmacy,Coordinator,Morning,18,116359.52
607167,Emergency,Nurse,Morning,10,167235.67
607168,Diagnostics,Nurse,Morning,18,147302.63
607169,Pharmacy,Assistant,Night,5,26758.31
607170,Diagnostics,Technician,Night,9,91786.1
607171,Diagnostics,Nurse,Evening,12,98965.65
607172,Pharmacy,Technician,Evening,8,65191.3
607173,Nursing,Assistant,Night,0,179781.24
607174,Nursing,Coordinator,Morning,4,66875.3
607175,Surgery,Assistant,Morning,12,49110
607176,Surgery,Assistant,Evening,9,147397.45
607177,Emergency,Assistant,Morning,4,83323.76
607178,Emergency,Manager,Morning,12,69958.04
607179,Emergency,Nurse,Morning,22,39728.97
607180,Diagnostics,Pharmacist,Evening,29,165045.67
607181,Nursing,Manager,Night,21,167397.52
607182,Diagnostics,Manager,Evening,28,37182.18
607183,Nursing,Coordinator,Evening,26,146323.73
607184,Diagnostics,Nurse,Night,0,135965.08
607185,Diagnostics,Pharmacist,Morning,15,31127.62
607186,Administration,Coordinator,Night,9,103197.45
607187,Administration,Nurse,Evening,12,30028.94
607188,Diagnostics,Nurse,Evening,17,74764.04
607189,Nursing,Coordinator,Evening,7,160395.6
607190,Diagnostics,Technician,Evening,14,78455.79
607191,Surgery,Pharmacist,Evening,4,94322.76
607192,Emergency,Pharmacist,Night,8,119502.89
607193,Surgery,Coordinator,Night,28,71248.27
607194,Diagnostics,Nurse,Evening,18,45416.67
607195,Emergency,Assistant,Morning,5,121057.83
607196,Emergency,Nurse,Evening,24,26306.53
607197,Pharmacy,Coordinator,Night,17,143648.13
607198,Administration,Nurse,Morning,7,124933.09
607199,Administration,Assistant,Night,28,169463.51
607200,Diagnostics,Pharmacist,Evening,25,146899.96
607201,Pharmacy,Nurse,Evening,22,167720.06
607202,Diagnostics,Pharmacist,Night,9,170501.67
607203,Emergency,Manager,Morning,4,73480.95
607204,Diagnostics,Assistant,Night,18,145804.32
607205,Surgery,Pharmacist,Morning,26,132746.44
607206,Administration,Pharmacist,Morning,20,137947.36
607207,Nursing,Coordinator,Morning,15,68458.87
607208,Emergency,Technician,Morning,1,143880.09
607209,Diagnostics,Nurse,Evening,13,156580.77
607210,Nursing,Nurse,Night,21,75806.24
607211,Emergency,Coordinator,Morning,24,42912.66
607212,Nursing,Technician,Morning,6,86342.9
607213,Diagnostics,Manager,Night,8,103671.17
607214,Nursing,Manager,Night,6,148442.06
607215,Pharmacy,Technician,Night,3,37622.5
607216,Pharmacy,Assistant,Night,24,151242.52
607217,Emergency,Nurse,Evening,27,93008.65
607218,Emergency,Technician,Evening,7,155146.92
607219,Diagnostics,Pharmacist,Evening,17,176303.51
607220,Diagnostics,Technician,Night,8,111428.16
607221,Diagnostics,Coordinator,Night,12,52678.09
607222,Emergency,Assistant,Evening,28,177732.68
607223,Nursing,Nurse,Night,3,106378.07
607224,Surgery,Pharmacist,Evening,15,33937.58
607225,Administration,Pharmacist,Morning,6,69482.88
607226,Diagnostics,Manager,Morning,29,93153.48
607227,Pharmacy,Technician,Evening,5,85050.36
607228,Nursing,Manager,Morning,19,148472.66
607229,Emergency,Assistant,Morning,29,120334.01
607230,Administration,Assistant,Night,15,158837.9
607231,Administration,Manager,Evening,20,112771.05
607232,Emergency,Manager,Morning,0,91041.16
607233,Pharmacy,Manager,Morning,12,39409.11
607234,Surgery,Technician,Night,30,152175.72
607235,Pharmacy,Manager,Morning,13,146035.64
607236,Diagnostics,Coordinator,Morning,30,95003.62
607237,Diagnostics,Coordinator,Evening,19,81871.12
607238,Emergency,Nurse,Evening,23,45625.09
607239,Nursing,Pharmacist,Evening,11,158467.86
607240,Diagnostics,Assistant,Evening,15,166967.6
607241,Administration,Assistant,Morning,28,149447.77
607242,Diagnostics,Pharmacist,Night,18,59011.29
607243,Diagnostics,Assistant,Morning,24,159049.64
607244,Diagnostics,Pharmacist,Night,8,96302.88
607245,Diagnostics,Assistant,Evening,21,81783.18
607246,Pharmacy,Assistant,Evening,24,89076.82
607247,Administration,Nurse,Evening,25,163207.3
607248,Administration,Manager,Evening,25,88068.53
607249,Pharmacy,Technician,Evening,9,146401.49
607250,Surgery,Pharmacist,Night,30,70706.83
607251,Pharmacy,Nurse,Night,29,82733.59
607252,Emergency,Pharmacist,Morning,30,27253.91
607253,Pharmacy,Nurse,Evening,21,55684.84
607254,Pharmacy,Coordinator,Night,24,46043.67
607255,Pharmacy,Technician,Morning,29,121572.59
607256,Pharmacy,Nurse,Evening,8,94743.14
607257,Emergency,Assistant,Morning,13,177398.06
607258,Nursing,Assistant,Evening,18,146955.21
607259,Administration,Pharmacist,Evening,3,34437.71
607260,Surgery,Coordinator,Night,2,36330.36
607261,Administration,Pharmacist,Night,10,42925.99
607262,Nursing,Pharmacist,Night,4,80170.74
607263,Emergency,Technician,Evening,16,159045.63
607264,Pharmacy,Coordinator,Night,5,151334.99
607265,Emergency,Manager,Morning,23,104481.07
607266,Nursing,Pharmacist,Evening,0,77082.18
607267,Diagnostics,Nurse,Evening,17,36992.1
607268,Surgery,Nurse,Night,24,134489.93
607269,Nursing,Manager,Night,30,88202.1
607270,Surgery,Assistant,Morning,19,54232.03
607271,Pharmacy,Manager,Evening,12,143868.73
607272,Surgery,Nurse,Morning,9,173961.33
607273,Emergency,Pharmacist,Morning,30,27626.5
607274,Emergency,Nurse,Morning,7,135355.54
607275,Administration,Nurse,Evening,1,142839.61
607276,Emergency,Technician,Night,8,70321.13
607277,Emergency,Manager,Morning,30,88206.54
607278,Diagnostics,Nurse,Evening,23,168877.45
607279,Pharmacy,Coordinator,Evening,30,31973.28
607280,Diagnostics,Manager,Morning,1,53217.33
607281,Surgery,Pharmacist,Morning,22,176057
607282,Surgery,Coordinator,Morning,25,78353.38
607283,Pharmacy,Pharmacist,Morning,22,38399.42
607284,Surgery,Manager,Morning,16,64400.5
607285,Nursing,Manager,Night,25,141060.5
607286,Diagnostics,Coordinator,Morning,1,55918.65
607287,Surgery,Nurse,Night,5,62477.13
607288,Pharmacy,Technician,Night,25,122808.96
607289,Surgery,Coordinator,Morning,14,155443.45
607290,Emergency,Assistant,Night,12,136223.56
607291,Administration,Technician,Evening,30,59786.32
607292,Administration,Pharmacist,Evening,8,88060.41
607293,Diagnostics,Coordinator,Night,15,130911.66
607294,Emergency,Coordinator,Evening,20,34584.32
607295,Diagnostics,Pharmacist,Night,29,78151.37
607296,Surgery,Assistant,Morning,19,84874.98
607297,Emergency,Technician,Evening,20,120029.78
607298,Administration,Assistant,Night,3,131231.58
607299,Emergency,Manager,Morning,15,167181.31
607300,Nursing,Coordinator,Evening,22,177947.29
607301,Pharmacy,Nurse,Morning,27,67127.24
607302,Pharmacy,Assistant,Morning,11,125141.78
607303,Administration,Manager,Night,30,125219.47
607304,Nursing,Technician,Evening,1,36513.21
607305,Emergency,Assistant,Night,29,71847.21
607306,Administration,Technician,Night,0,146450.69
607307,Nursing,Nurse,Evening,20,137265.97
607308,Surgery,Technician,Evening,17,66366.95
607309,Emergency,Assistant,Night,5,152977.88
607310,Diagnostics,Technician,Evening,7,158174.26
607311,Diagnostics,Nurse,Morning,16,110348.49
607312,Surgery,Technician,Evening,26,61439.31
607313,Diagnostics,Pharmacist,Night,17,142814.57
607314,Surgery,Nurse,Night,15,157407.53
607315,Surgery,Nurse,Morning,26,125114.28
607316,Emergency,Assistant,Morning,29,130335.33
607317,Pharmacy,Pharmacist,Evening,2,90844.25
607318,Administration,Technician,Morning,19,94433.19
607319,Administration,Manager,Morning,15,114712.65
607320,Emergency,Pharmacist,Evening,13,87594.28
607321,Nursing,Pharmacist,Morning,27,174588.14
607322,Nursing,Manager,Night,5,42125.86
607323,Diagnostics,Pharmacist,Morning,10,62931.58
607324,Nursing,Coordinator,Morning,21,103466.11
607325,Pharmacy,Assistant,Night,28,84468.49
607326,Nursing,Manager,Evening,16,160870.56
607327,Administration,Assistant,Morning,27,80296.33
607328,Surgery,Nurse,Evening,22,29248.36
607329,Diagnostics,Coordinator,Morning,2,39042.66
607330,Surgery,Technician,Morning,0,175925.05
607331,Nursing,Pharmacist,Night,5,150605.64
607332,Diagnostics,Manager,Morning,13,104830.54
607333,Pharmacy,Nurse,Night,28,78167.56
607334,Emergency,Pharmacist,Morning,27,54539.88
607335,Emergency,Manager,Night,22,89746.52
607336,Surgery,Coordinator,Morning,9,145952.92
607337,Diagnostics,Manager,Morning,10,85304.69
607338,Diagnostics,Coordinator,Evening,26,170654.83
607339,Nursing,Manager,Evening,7,34924.12
607340,Nursing,Pharmacist,Night,27,56873.53
607341,Surgery,Manager,Evening,22,49646.66
607342,Emergency,Assistant,Evening,11,164269.17
607343,Emergency,Pharmacist,Morning,5,112769.41
607344,Emergency,Assistant,Morning,1,166630.86
607345,Nursing,Coordinator,Morning,17,102415.2
607346,Surgery,Nurse,Evening,14,79001.71
607347,Pharmacy,Coordinator,Night,1,123256.06
607348,Emergency,Technician,Evening,22,117788.14
607349,Pharmacy,Assistant,Evening,6,126550.09
607350,Diagnostics,Nurse,Evening,8,175600.32
607351,Administration,Pharmacist,Evening,8,166063.07
607352,Surgery,Nurse,Morning,7,130580.97
607353,Nursing,Assistant,Evening,7,145120.02
607354,Administration,Nurse,Night,24,100443.69
607355,Surgery,Nurse,Morning,26,124066.88
607356,Nursing,Coordinator,Night,14,147252.07
607357,Diagnostics,Technician,Night,30,153452.5
607358,Emergency,Manager,Evening,17,139155
607359,Pharmacy,Coordinator,Morning,13,40606.23
607360,Administration,Technician,Evening,23,85933.04
607361,Administration,Assistant,Night,15,105297.52
607362,Emergency,Pharmacist,Night,10,157430.9
607363,Surgery,Technician,Evening,29,28828.19
607364,Pharmacy,Pharmacist,Evening,29,179692.78
607365,Surgery,Nurse,Morning,1,78491.02
607366,Surgery,Coordinator,Evening,14,25051.29
607367,Emergency,Manager,Morning,16,112996.47
607368,Pharmacy,Technician,Night,3,98136.02
607369,Administration,Nurse,Evening,14,130216.88
607370,Administration,Technician,Morning,16,71219.11
607371,Emergency,Assistant,Morning,29,141508.2
607372,Emergency,Manager,Morning,29,144707.16
607373,Pharmacy,Assistant,Morning,21,173760.56
607374,Surgery,Assistant,Morning,29,45428.86
607375,Administration,Nurse,Night,6,104827.02
607376,Administration,Technician,Morning,8,99372.9
607377,Pharmacy,Technician,Evening,14,106498.29
607378,Diagnostics,Pharmacist,Morning,29,45968.69
607379,Surgery,Coordinator,Evening,27,155697.94
607380,Diagnostics,Pharmacist,Morning,5,66293.63
607381,Nursing,Coordinator,Evening,1,52767.26
607382,Pharmacy,Manager,Night,11,83789.03
607383,Administration,Manager,Evening,12,94059.59
607384,Administration,Technician,Evening,12,178637.26
607385,Diagnostics,Nurse,Evening,14,112422.37
607386,Administration,Manager,Evening,2,159550.07
607387,Administration,Manager,Evening,29,123683.67
607388,Administration,Technician,Night,19,80855.22
607389,Diagnostics,Pharmacist,Evening,18,45944.22
607390,Diagnostics,Pharmacist,Night,0,140413.55
607391,Emergency,Coordinator,Morning,20,83806.3
607392,Administration,Manager,Night,21,79042.08
607393,Emergency,Nurse,Evening,13,139836.7
607394,Diagnostics,Technician,Evening,12,48342.21
607395,Diagnostics,Manager,Evening,12,51264.96
607396,Emergency,Pharmacist,Evening,26,124137.06
607397,Nursing,Technician,Morning,25,78547.27
607398,Diagnostics,Technician,Morning,0,174875.86
607399,Nursing,Assistant,Night,20,45020.68
607400,Emergency,Nurse,Evening,25,99191.64
607401,Administration,Technician,Evening,1,79959.7
607402,Nursing,Manager,Evening,5,146880.7
607403,Diagnostics,Nurse,Evening,19,94736.14
607404,Nursing,Assistant,Morning,0,83969
607405,Nursing,Manager,Evening,11,118035.32
607406,Administration,Assistant,Night,3,52259.47
607407,Nursing,Coordinator,Morning,11,34184.72
607408,Pharmacy,Manager,Night,26,59066.89
607409,Administration,Pharmacist,Morning,23,117907.79
607410,Surgery,Technician,Evening,21,158577.97
607411,Surgery,Technician,Night,7,171173.9
607412,Diagnostics,Assistant,Evening,16,92364.2
607413,Pharmacy,Nurse,Morning,11,54098.21
607414,Pharmacy,Nurse,Morning,23,167314.36
607415,Emergency,Assistant,Night,15,74338.38
607416,Emergency,Assistant,Evening,8,113446.66
607417,Emergency,Manager,Night,24,59066.57
607418,Nursing,Pharmacist,Morning,2,93847.03
607419,Pharmacy,Nurse,Evening,18,104628.21
607420,Nursing,Assistant,Night,29,32063.17
607421,Diagnostics,Nurse,Evening,28,25648.83
607422,Diagnostics,Technician,Night,0,69290.49
607423,Pharmacy,Technician,Evening,11,113453.51
607424,Pharmacy,Coordinator,Night,17,30806.88
607425,Emergency,Technician,Evening,1,43622.95
607426,Surgery,Coordinator,Night,13,156014.1
607427,Pharmacy,Nurse,Morning,15,157783.07
607428,Surgery,Coordinator,Morning,29,133651.02
607429,Emergency,Manager,Evening,7,91064.62
607430,Nursing,Technician,Night,27,141583.43
607431,Nursing,Technician,Morning,21,95504.14
607432,Administration,Assistant,Evening,28,115321.58
607433,Surgery,Nurse,Night,26,179361.75
607434,Nursing,Nurse,Morning,10,149483.43
607435,Nursing,Technician,Night,13,101559.56
607436,Nursing,Assistant,Evening,21,110098.69
607437,Nursing,Nurse,Evening,23,133890.49
607438,Emergency,Manager,Night,20,63366.88
607439,Nursing,Pharmacist,Night,23,35015.9
607440,Nursing,Assistant,Evening,20,143577.98
607441,Administration,Pharmacist,Night,2,72602.39
607442,Nursing,Coordinator,Morning,18,177948.69
607443,Nursing,Pharmacist,Night,29,94862.52
607444,Administration,Coordinator,Morning,11,123701.38
607445,Emergency,Pharmacist,Night,16,145094.16
607446,Administration,Pharmacist,Morning,11,164997.26
607447,Diagnostics,Assistant,Night,1,28647.17
607448,Administration,Technician,Night,4,92446.76
607449,Emergency,Manager,Morning,5,69407.83
607450,Pharmacy,Technician,Night,26,94020.18
607451,Emergency,Pharmacist,Morning,25,145215.45
607452,Nursing,Technician,Morning,25,133707.41
607453,Pharmacy,Assistant,Night,22,82701.05
607454,Nursing,Technician,Morning,22,110224.89
607455,Nursing,Pharmacist,Night,7,97387.34
607456,Pharmacy,Technician,Evening,4,108387.7
607457,Surgery,Manager,Evening,2,116546.42
607458,Diagnostics,Technician,Morning,11,53690.33
607459,Administration,Nurse,Evening,1,175257.88
607460,Nursing,Coordinator,Morning,5,102495.32
607461,Administration,Assistant,Evening,17,90822.99
607462,Nursing,Technician,Evening,9,100495.97
607463,Surgery,Manager,Evening,5,117791.45
607464,Diagnostics,Assistant,Morning,20,48691.92
607465,Nursing,Assistant,Morning,6,172602.81
607466,Pharmacy,Assistant,Morning,0,42497.98
607467,Administration,Technician,Morning,4,45822.69
607468,Pharmacy,Assistant,Morning,13,29586.68
607469,Pharmacy,Manager,Morning,27,71296.47
607470,Emergency,Coordinator,Evening,7,121872.22
607471,Pharmacy,Manager,Morning,30,105220.6
607472,Surgery,Manager,Morning,25,138552.21
607473,Administration,Coordinator,Evening,22,28987.41
607474,Administration,Nurse,Morning,13,55147.74
607475,Surgery,Assistant,Morning,16,108968.34
607476,Pharmacy,Technician,Evening,27,165310.55
607477,Diagnostics,Manager,Evening,2,162026.92
607478,Diagnostics,Manager,Night,25,121613.31
607479,Surgery,Nurse,Evening,24,157140.63
607480,Surgery,Pharmacist,Morning,24,53150.6
607481,Nursing,Nurse,Morning,0,51411.87
607482,Emergency,Technician,Night,4,101566.69
607483,Diagnostics,Nurse,Evening,1,117758.52
607484,Administration,Technician,Evening,8,117263.45
607485,Diagnostics,Technician,Night,18,98746.57
607486,Emergency,Nurse,Morning,30,43984.63
607487,Emergency,Manager,Morning,4,75504.93
607488,Pharmacy,Pharmacist,Morning,6,137083.86
607489,Emergency,Manager,Morning,26,123569.51
607490,Surgery,Pharmacist,Night,0,94522.69
607491,Surgery,Technician,Evening,21,77851.42
607492,Pharmacy,Nurse,Night,26,65758.04
607493,Administration,Nurse,Night,8,131110.34
607494,Surgery,Pharmacist,Night,14,156335.81
607495,Diagnostics,Technician,Evening,9,173556.89
607496,Administration,Assistant,Morning,16,141286.35
607497,Administration,Nurse,Night,27,104741.12
607498,Emergency,Assistant,Evening,17,89470.78
607499,Diagnostics,Pharmacist,Night,4,160284.4
607500,Pharmacy,Manager,Morning,3,99220.16
607501,Diagnostics,Nurse,Night,0,127000.46
607502,Nursing,Manager,Morning,30,39738.61
607503,Administration,Coordinator,Night,8,123068.53
607504,Surgery,Assistant,Night,28,32457.45
607505,Emergency,Pharmacist,Morning,30,39405.51
607506,Pharmacy,Coordinator,Night,20,73038.7
607507,Pharmacy,Pharmacist,Morning,3,111166.42
607508,Surgery,Assistant,Evening,28,174685.52
607509,Nursing,Technician,Night,14,123182.68
607510,Diagnostics,Pharmacist,Evening,19,126703.64
607511,Administration,Pharmacist,Night,29,157842.84
607512,Pharmacy,Technician,Night,0,29843.55
607513,Diagnostics,Nurse,Evening,9,140600.86
607514,Administration,Nurse,Morning,7,86007.11
607515,Diagnostics,Assistant,Night,22,26910.89
607516,Surgery,Technician,Morning,18,152924.66
607517,Administration,Technician,Evening,8,82536.51
607518,Administration,Technician,Evening,2,55311.28
607519,Administration,Coordinator,Evening,12,170126.07
607520,Pharmacy,Manager,Night,15,162541.93
607521,Nursing,Nurse,Night,17,101907.11
607522,Emergency,Technician,Morning,28,130207.66
607523,Pharmacy,Manager,Morning,11,135032.56
607524,Nursing,Pharmacist,Evening,12,158915.88
607525,Diagnostics,Coordinator,Night,29,111637.76
607526,Emergency,Pharmacist,Night,18,44084.76
607527,Nursing,Technician,Evening,5,130686
607528,Surgery,Nurse,Night,10,164770.32
607529,Nursing,Nurse,Night,20,35267.42
607530,Surgery,Manager,Morning,24,58604.22
607531,Diagnostics,Manager,Morning,8,26220.83
607532,Nursing,Pharmacist,Night,26,25998.92
607533,Administration,Coordinator,Night,21,176061.53
607534,Emergency,Assistant,Evening,13,68319.94
607535,Pharmacy,Coordinator,Evening,6,49162.84
607536,Administration,Nurse,Evening,4,122012.88
607537,Nursing,Technician,Night,28,71526.46
607538,Nursing,Nurse,Morning,19,39212.12
607539,Emergency,Pharmacist,Morning,6,137265.2
607540,Diagnostics,Assistant,Morning,1,171633.69
607541,Pharmacy,Coordinator,Morning,17,40063.54
607542,Surgery,Technician,Morning,7,141353.76
607543,Diagnostics,Manager,Night,27,37305.63
607544,Nursing,Nurse,Morning,10,67546.28
607545,Diagnostics,Nurse,Night,27,115350.9
607546,Nursing,Nurse,Morning,19,95089.35
607547,Administration,Coordinator,Evening,24,128766.43
607548,Diagnostics,Nurse,Morning,0,150442.08
607549,Diagnostics,Manager,Morning,2,147827.83
607550,Pharmacy,Nurse,Evening,14,93037.67
607551,Administration,Coordinator,Morning,13,48480.73
607552,Nursing,Assistant,Night,23,174568.19
607553,Emergency,Pharmacist,Night,29,66595.81
607554,Emergency,Manager,Night,19,117334.35
607555,Diagnostics,Manager,Night,23,82250.59
607556,Nursing,Nurse,Morning,13,138437.31
607557,Pharmacy,Manager,Morning,13,126808
607558,Pharmacy,Pharmacist,Night,26,100417.75
607559,Pharmacy,Coordinator,Evening,12,148047.65
607560,Surgery,Coordinator,Evening,16,33977.28
607561,Pharmacy,Pharmacist,Morning,22,152026.62
607562,Nursing,Manager,Morning,12,105424.47
607563,Surgery,Assistant,Morning,9,150039.13
607564,Diagnostics,Pharmacist,Evening,27,58740.16
607565,Pharmacy,Assistant,Morning,29,31006.55
607566,Emergency,Coordinator,Night,5,60207.14
607567,Administration,Technician,Night,10,56346.49
607568,Diagnostics,Coordinator,Morning,25,149598.73
607569,Diagnostics,Technician,Morning,24,59445.1
607570,Administration,Coordinator,Morning,15,159299.65
607571,Nursing,Technician,Morning,14,156886.72
607572,Surgery,Assistant,Evening,12,69646.86
607573,Diagnostics,Coordinator,Evening,11,163460.67
607574,Diagnostics,Assistant,Evening,17,38365.97
607575,Emergency,Coordinator,Night,4,130220.93
607576,Emergency,Pharmacist,Evening,9,136515.82
607577,Diagnostics,Pharmacist,Evening,5,69807.98
607578,Surgery,Technician,Evening,13,139214.8
607579,Diagnostics,Technician,Morning,13,36697.96
607580,Pharmacy,Assistant,Morning,13,88164.97
607581,Nursing,Assistant,Night,13,40913.58
607582,Administration,Technician,Morning,15,168080.64
607583,Emergency,Nurse,Evening,5,170156.7
607584,Pharmacy,Technician,Morning,18,73533.01
607585,Nursing,Nurse,Night,15,92978.08
607586,Administration,Nurse,Morning,26,124393.27
607587,Administration,Coordinator,Night,8,91447.23
607588,Surgery,Nurse,Night,4,65407.54
607589,Nursing,Coordinator,Morning,18,159750.7
607590,Surgery,Pharmacist,Night,18,106239.38
607591,Emergency,Pharmacist,Morning,10,158381.42
607592,Emergency,Coordinator,Night,16,35343.3
607593,Surgery,Manager,Night,23,27455.26
607594,Administration,Manager,Evening,7,93651.83
607595,Diagnostics,Pharmacist,Morning,23,64333.53
607596,Pharmacy,Coordinator,Evening,13,41348.2
607597,Administration,Technician,Morning,13,33262.31
607598,Administration,Nurse,Night,25,79626.62
607599,Administration,Coordinator,Morning,18,88985.05
607600,Nursing,Assistant,Morning,9,179581.59
607601,Surgery,Nurse,Night,18,83161.91
607602,Pharmacy,Nurse,Evening,19,146771.63
607603,Pharmacy,Nurse,Evening,21,84150.16
607604,Nursing,Assistant,Evening,27,149440.9
607605,Diagnostics,Pharmacist,Night,26,151150.61
607606,Pharmacy,Nurse,Night,6,44354.16
607607,Administration,Coordinator,Morning,0,105287.64
607608,Emergency,Nurse,Morning,23,52505.29
607609,Surgery,Pharmacist,Evening,0,94075.6
607610,Pharmacy,Assistant,Morning,16,105107.93
607611,Pharmacy,Technician,Night,8,58758.12
607612,Pharmacy,Manager,Morning,29,67970.12
607613,Diagnostics,Coordinator,Night,22,38598.82
607614,Nursing,Technician,Morning,0,42492.05
607615,Surgery,Pharmacist,Morning,7,97710.99
607616,Administration,Assistant,Morning,13,48274.49
607617,Surgery,Technician,Morning,27,59628.07
607618,Surgery,Coordinator,Evening,22,83967.61
607619,Emergency,Technician,Morning,7,142949.28
607620,Surgery,Assistant,Evening,6,85344.79
607621,Administration,Nurse,Evening,15,164491.8
607622,Pharmacy,Technician,Evening,11,159009.35
607623,Emergency,Assistant,Morning,2,135600.42
607624,Emergency,Assistant,Evening,12,126804.36
607625,Emergency,Manager,Morning,27,46912.11
607626,Nursing,Coordinator,Morning,25,139508.57
607627,Surgery,Pharmacist,Morning,3,58979.39
607628,Administration,Assistant,Night,8,75509.63
607629,Nursing,Manager,Evening,13,64445.81
607630,Nursing,Technician,Night,4,134038.73
607631,Diagnostics,Coordinator,Morning,24,71608.87
607632,Pharmacy,Assistant,Evening,12,33719.75
607633,Emergency,Assistant,Night,23,34834.66
607634,Pharmacy,Manager,Morning,1,60251.04
607635,Nursing,Manager,Night,4,97770.53
607636,Pharmacy,Assistant,Evening,29,162721.34
607637,Emergency,Coordinator,Evening,23,164570.15
607638,Surgery,Technician,Evening,19,167283.22
607639,Administration,Coordinator,Night,16,89119.06
607640,Administration,Nurse,Morning,12,124178.6
607641,Pharmacy,Nurse,Evening,13,109701.52
607642,Surgery,Manager,Night,28,91512.28
607643,Administration,Manager,Morning,2,113341.95
607644,Nursing,Coordinator,Night,26,69787.31
607645,Diagnostics,Pharmacist,Night,1,65435.41
607646,Nursing,Nurse,Evening,2,143744.65
607647,Surgery,Nurse,Night,20,43241.73
607648,Administration,Pharmacist,Evening,19,163120.33
607649,Surgery,Assistant,Morning,19,121426.33
607650,Surgery,Assistant,Night,23,111377.89
607651,Surgery,Coordinator,Evening,26,144516.6
607652,Diagnostics,Assistant,Evening,28,71361.34
607653,Nursing,Nurse,Night,8,112104.99
607654,Administration,Technician,Night,15,45697.53
607655,Emergency,Pharmacist,Night,13,65207.8
607656,Administration,Nurse,Evening,28,151554.77
607657,Diagnostics,Nurse,Morning,14,53257.15
607658,Surgery,Nurse,Evening,27,78115.93
607659,Emergency,Nurse,Evening,11,117051.82
607660,Administration,Manager,Evening,1,138817.83
607661,Surgery,Coordinator,Night,26,70735.36
607662,Nursing,Manager,Night,5,76423.65
607663,Administration,Coordinator,Night,15,68255.91
607664,Diagnostics,Assistant,Night,21,57984.14
607665,Surgery,Nurse,Evening,16,32091.48
607666,Surgery,Manager,Morning,20,160072.17
607667,Nursing,Assistant,Morning,13,61402.49
607668,Diagnostics,Manager,Night,2,125990.61
607669,Nursing,Technician,Night,0,87158.19
607670,Nursing,Coordinator,Morning,18,158182.88
607671,Pharmacy,Manager,Night,10,142996.53
607672,Administration,Nurse,Morning,26,110688.75
607673,Diagnostics,Pharmacist,Morning,25,106892.82
607674,Emergency,Nurse,Morning,6,118311.96
607675,Nursing,Assistant,Evening,10,38462.73
607676,Surgery,Pharmacist,Morning,11,63298.77
607677,Administration,Assistant,Morning,2,86104.97
607678,Pharmacy,Nurse,Evening,10,62596.91
607679,Nursing,Manager,Night,20,157305.86
607680,Nursing,Manager,Morning,17,29611.86
607681,Diagnostics,Pharmacist,Morning,26,72950.47
607682,Emergency,Technician,Evening,23,32420.17
607683,Administration,Coordinator,Evening,13,169917.05
607684,Emergency,Nurse,Night,25,155942.61
607685,Nursing,Assistant,Morning,23,88162.93
607686,Administration,Coordinator,Night,0,74995.83
607687,Administration,Nurse,Evening,2,48196.7
607688,Nursing,Pharmacist,Night,3,57792.75
607689,Emergency,Technician,Morning,4,154901.34
607690,Nursing,Manager,Morning,3,104881.13
607691,Nursing,Assistant,Night,29,149662.09
607692,Diagnostics,Manager,Evening,17,147147.09
607693,Emergency,Nurse,Evening,10,143342.64
607694,Diagnostics,Coordinator,Evening,3,80810.85
607695,Administration,Coordinator,Evening,1,127373.35
607696,Pharmacy,Assistant,Evening,1,34441.69
607697,Emergency,Technician,Night,8,135641.12
607698,Administration,Technician,Night,7,134597.52
607699,Nursing,Manager,Morning,2,60577.78
607700,Administration,Pharmacist,Night,4,67023.86
607701,Diagnostics,Manager,Morning,29,139371.09
607702,Administration,Pharmacist,Morning,5,161649.93
607703,Administration,Technician,Morning,2,172517.07
607704,Pharmacy,Manager,Night,1,127602.99
607705,Pharmacy,Pharmacist,Evening,22,101471.16
607706,Diagnostics,Assistant,Evening,21,56438.9
607707,Diagnostics,Manager,Evening,14,86925.7
607708,Emergency,Manager,Night,5,138586.64
607709,Surgery,Pharmacist,Evening,10,74582.38
607710,Nursing,Nurse,Night,30,46457.84
607711,Diagnostics,Assistant,Evening,26,123576.62
607712,Pharmacy,Nurse,Night,22,139065.02
607713,Nursing,Manager,Evening,29,147094.49
607714,Administration,Nurse,Morning,8,76445.24
607715,Surgery,Coordinator,Night,7,70742.9
607716,Emergency,Assistant,Morning,9,82477.38
607717,Surgery,Assistant,Night,15,129962.47
607718,Surgery,Nurse,Night,27,106268.51
607719,Pharmacy,Technician,Morning,15,30072.86
607720,Pharmacy,Assistant,Evening,13,36595.23
607721,Emergency,Pharmacist,Morning,25,100886.92
607722,Administration,Assistant,Evening,24,54914.25
607723,Emergency,Pharmacist,Evening,8,49198.54
607724,Emergency,Nurse,Morning,8,171577.1
607725,Pharmacy,Pharmacist,Evening,25,45206.33
607726,Diagnostics,Nurse,Night,22,70388.17
607727,Diagnostics,Coordinator,Morning,0,84087.53
607728,Surgery,Pharmacist,Evening,23,34915.29
607729,Surgery,Manager,Night,7,77980.28
607730,Surgery,Technician,Morning,10,30939.82
607731,Surgery,Technician,Night,26,78326.02
607732,Emergency,Nurse,Morning,24,57838.66
607733,Pharmacy,Technician,Evening,8,160468.88
607734,Diagnostics,Pharmacist,Morning,7,55960.42
607735,Emergency,Coordinator,Morning,12,119236.69
607736,Emergency,Coordinator,Night,5,77926.53
607737,Administration,Technician,Evening,27,55548.66
607738,Pharmacy,Manager,Morning,17,164413.68
607739,Administration,Assistant,Morning,5,79638.14
607740,Surgery,Assistant,Night,17,61412.2
607741,Administration,Nurse,Morning,26,79362.63
607742,Administration,Nurse,Morning,25,144677.27
607743,Pharmacy,Technician,Evening,23,101891.29
607744,Emergency,Coordinator,Night,27,62449.84
607745,Administration,Nurse,Morning,18,103102.44
607746,Surgery,Manager,Morning,20,98507.68
607747,Surgery,Technician,Morning,19,109403.61
607748,Emergency,Assistant,Evening,13,149345.35
607749,Emergency,Pharmacist,Morning,30,82231.72
607750,Surgery,Manager,Evening,0,32972.51
607751,Administration,Technician,Evening,30,130574.99
607752,Diagnostics,Assistant,Night,3,68684.5
607753,Administration,Manager,Morning,27,52046.79
607754,Pharmacy,Technician,Evening,16,118462.55
607755,Surgery,Assistant,Morning,12,106779.53
607756,Emergency,Pharmacist,Evening,16,66530.84
607757,Nursing,Manager,Evening,20,130340.93
607758,Surgery,Coordinator,Evening,10,175255.64
607759,Administration,Technician,Morning,22,148401.2
607760,Pharmacy,Nurse,Night,11,117275.4
607761,Administration,Pharmacist,Night,29,130673.49
607762,Administration,Assistant,Morning,15,104047.66
607763,Pharmacy,Technician,Night,19,138713.05
607764,Diagnostics,Manager,Night,1,55959.81
607765,Surgery,Manager,Night,13,110464.39
607766,Diagnostics,Pharmacist,Morning,6,121577.38
607767,Administration,Nurse,Morning,22,111342.25
607768,Pharmacy,Coordinator,Evening,9,121691.1
607769,Diagnostics,Technician,Evening,25,106216.75
607770,Diagnostics,Nurse,Evening,10,127666.22
607771,Pharmacy,Assistant,Night,29,99253.82
607772,Pharmacy,Coordinator,Morning,23,143154.61
607773,Emergency,Pharmacist,Night,23,126622.79
607774,Nursing,Manager,Morning,11,120939.88
607775,Surgery,Technician,Night,19,130348.01
607776,Pharmacy,Manager,Evening,13,132750.49
607777,Emergency,Nurse,Night,18,107648.43
607778,Diagnostics,Assistant,Morning,29,123830.24
607779,Nursing,Manager,Night,6,118185.99
607780,Nursing,Manager,Night,5,125972.81
607781,Pharmacy,Nurse,Morning,27,25852.94
607782,Nursing,Pharmacist,Evening,18,102069.18
607783,Pharmacy,Pharmacist,Morning,14,30501.71
607784,Administration,Nurse,Night,10,136506.21
607785,Surgery,Technician,Evening,6,62020.64
607786,Emergency,Coordinator,Morning,16,146279.59
607787,Surgery,Assistant,Night,23,40826.69
607788,Diagnostics,Assistant,Morning,20,148228.63
607789,Nursing,Technician,Morning,12,81066.75
607790,Emergency,Manager,Morning,1,66159.39
607791,Nursing,Pharmacist,Morning,9,178541.76
607792,Surgery,Pharmacist,Morning,8,130727.93
607793,Nursing,Nurse,Evening,0,132391.74
607794,Diagnostics,Manager,Night,12,34103.4
607795,Surgery,Nurse,Morning,30,37500.13
607796,Emergency,Pharmacist,Morning,25,41312.22
607797,Administration,Assistant,Evening,6,106958.88
607798,Emergency,Technician,Evening,5,121187.34
607799,Administration,Nurse,Morning,29,168088.22
607800,Emergency,Technician,Night,7,26787.4
607801,Pharmacy,Technician,Morning,4,172264.12
607802,Emergency,Pharmacist,Evening,17,79238.69
607803,Surgery,Nurse,Evening,27,63630.24
607804,Diagnostics,Pharmacist,Morning,12,127877.4
607805,Nursing,Technician,Night,10,115571.96
607806,Surgery,Coordinator,Evening,15,150312.24
607807,Emergency,Technician,Evening,21,66223.62
607808,Emergency,Assistant,Morning,21,64320.02
607809,Administration,Manager,Night,9,75742.52
607810,Administration,Pharmacist,Morning,13,77471.38
607811,Nursing,Pharmacist,Morning,4,146798.32
607812,Pharmacy,Manager,Evening,13,75880.6
607813,Administration,Manager,Evening,20,145230.41
607814,Administration,Technician,Night,11,82807.85
607815,Pharmacy,Coordinator,Night,29,29023.46
607816,Administration,Manager,Evening,12,38535.99
607817,Nursing,Assistant,Evening,22,26928.38
607818,Emergency,Nurse,Evening,21,179506.84
607819,Administration,Technician,Night,7,31331.33
607820,Pharmacy,Manager,Evening,29,31706.66
607821,Emergency,Pharmacist,Night,8,113652.48
607822,Diagnostics,Assistant,Night,24,65793.28
607823,Emergency,Nurse,Evening,20,175944.05
607824,Pharmacy,Pharmacist,Night,10,102072.39
607825,Emergency,Technician,Night,29,61131.69
607826,Emergency,Manager,Evening,10,114925.61
607827,Nursing,Pharmacist,Night,30,135775.51
607828,Surgery,Assistant,Night,18,33195.42
607829,Diagnostics,Pharmacist,Evening,21,167626.98
607830,Surgery,Nurse,Evening,0,103530.91
607831,Administration,Coordinator,Morning,11,44686.24
607832,Emergency,Pharmacist,Night,16,77152.65
607833,Surgery,Technician,Night,28,58967.57
607834,Surgery,Nurse,Night,17,47756.73
607835,Nursing,Coordinator,Evening,20,61848.76
607836,Administration,Manager,Evening,22,124432.36
607837,Emergency,Technician,Morning,8,138747.49
607838,Pharmacy,Pharmacist,Morning,20,55260.62
607839,Diagnostics,Assistant,Night,14,147520.57
607840,Pharmacy,Manager,Morning,14,111042.67
607841,Nursing,Coordinator,Evening,30,25748.32
607842,Surgery,Coordinator,Evening,8,86442.89
607843,Diagnostics,Assistant,Night,6,84496.73
607844,Surgery,Manager,Night,22,142709.48
607845,Diagnostics,Nurse,Night,10,84357.45
607846,Administration,Technician,Night,23,85455.84
607847,Administration,Technician,Evening,1,142170.41
607848,Emergency,Coordinator,Night,28,125356.07
607849,Administration,Assistant,Morning,24,107094.97
607850,Nursing,Technician,Night,6,143255.52
607851,Administration,Coordinator,Evening,23,71265.98
607852,Nursing,Coordinator,Morning,26,124991.42
607853,Administration,Nurse,Morning,8,159988.92
607854,Emergency,Assistant,Night,7,134190.82
607855,Diagnostics,Technician,Morning,21,157011.29
607856,Administration,Assistant,Night,12,114452.81
607857,Nursing,Pharmacist,Morning,25,120465.6
607858,Emergency,Coordinator,Night,4,32857.68
607859,Administration,Pharmacist,Evening,26,87905.59
607860,Pharmacy,Assistant,Morning,27,54558.84
607861,Pharmacy,Manager,Evening,6,138489.07
607862,Emergency,Coordinator,Evening,13,137296.89
607863,Diagnostics,Assistant,Night,13,41807.51
607864,Administration,Pharmacist,Morning,30,62203.26
607865,Diagnostics,Manager,Evening,18,92494.71
607866,Nursing,Pharmacist,Evening,4,156493.83
607867,Emergency,Pharmacist,Evening,26,55541.32
607868,Diagnostics,Technician,Evening,22,77903.76
607869,Administration,Assistant,Morning,1,42093.4
607870,Surgery,Coordinator,Morning,6,39418.75
607871,Surgery,Coordinator,Evening,3,122177.1
607872,Diagnostics,Manager,Night,4,83751.66
607873,Pharmacy,Manager,Night,0,110716.55
607874,Administration,Technician,Morning,7,44498.7
607875,Pharmacy,Manager,Night,0,37242.01
607876,Pharmacy,Coordinator,Evening,18,88195.34
607877,Administration,Nurse,Morning,10,86249.71
607878,Emergency,Nurse,Night,30,35979.41
607879,Administration,Manager,Evening,7,92693.2
607880,Administration,Pharmacist,Night,0,159281.52
607881,Diagnostics,Coordinator,Morning,13,32129.08
607882,Surgery,Manager,Morning,17,85479.7
607883,Surgery,Technician,Morning,23,41251.38
607884,Surgery,Assistant,Night,0,25752.76
607885,Administration,Assistant,Morning,20,49920.57
607886,Pharmacy,Technician,Evening,21,48806.92
607887,Emergency,Manager,Evening,8,90660.15
607888,Pharmacy,Manager,Morning,9,155522.12
607889,Surgery,Assistant,Evening,15,145114.17
607890,Nursing,Manager,Evening,11,137300.01
607891,Surgery,Nurse,Morning,22,90035.99
607892,Administration,Pharmacist,Morning,27,40121.36
607893,Pharmacy,Coordinator,Evening,0,148108.47
607894,Surgery,Assistant,Evening,19,125801.2
607895,Surgery,Pharmacist,Morning,6,124053.1
607896,Diagnostics,Assistant,Morning,8,148552.01
607897,Pharmacy,Assistant,Evening,3,178266.9
607898,Surgery,Nurse,Night,2,98673.84
607899,Emergency,Coordinator,Night,2,116263.34
607900,Administration,Nurse,Morning,14,113187.02
607901,Administration,Assistant,Morning,6,67446.26
607902,Diagnostics,Coordinator,Night,14,172977.02
607903,Nursing,Technician,Evening,2,115657.68
607904,Diagnostics,Assistant,Night,23,155698.65
607905,Nursing,Assistant,Night,8,85717.58
607906,Surgery,Assistant,Morning,14,120024.86
607907,Emergency,Assistant,Evening,23,159584.57
607908,Pharmacy,Manager,Morning,18,126563.09
607909,Pharmacy,Pharmacist,Morning,0,28001.4
607910,Pharmacy,Nurse,Evening,14,153126.29
607911,Nursing,Nurse,Night,14,110147.46
607912,Administration,Pharmacist,Evening,16,47646.05
607913,Emergency,Technician,Evening,4,147599.72
607914,Pharmacy,Technician,Evening,0,141762.83
607915,Administration,Nurse,Morning,18,59437.97
607916,Emergency,Technician,Night,29,83122.74
607917,Nursing,Technician,Night,23,137482.28
607918,Pharmacy,Coordinator,Morning,14,25356.94
607919,Administration,Pharmacist,Night,26,165184.64
607920,Administration,Coordinator,Morning,0,63226.53
607921,Administration,Assistant,Night,29,134081.36
607922,Diagnostics,Nurse,Evening,5,125665.37
607923,Pharmacy,Nurse,Night,26,97184.03
607924,Diagnostics,Nurse,Evening,1,128581.02
607925,Nursing,Assistant,Night,9,139249.15
607926,Surgery,Pharmacist,Night,0,126717.71
607927,Administration,Nurse,Evening,18,125662.1
607928,Nursing,Coordinator,Evening,13,49597.82
607929,Pharmacy,Manager,Night,2,126358.76
607930,Surgery,Pharmacist,Morning,6,153844.79
607931,Emergency,Coordinator,Morning,17,143458.45
607932,Nursing,Assistant,Evening,12,170825.79
607933,Emergency,Technician,Night,3,117980.21
607934,Diagnostics,Manager,Night,18,117528.43
607935,Pharmacy,Assistant,Night,5,150240.37
607936,Surgery,Nurse,Evening,28,174581.61
607937,Diagnostics,Coordinator,Evening,10,127938.33
607938,Nursing,Technician,Evening,23,34755.12
607939,Surgery,Coordinator,Evening,28,117425.59
607940,Diagnostics,Coordinator,Evening,20,121895.08
607941,Administration,Pharmacist,Morning,5,149554.95
607942,Administration,Nurse,Evening,6,93178.85
607943,Diagnostics,Coordinator,Evening,4,161414.14
607944,Nursing,Pharmacist,Morning,9,104772.72
607945,Diagnostics,Technician,Morning,14,145688.06
607946,Administration,Manager,Evening,16,59055.71
607947,Administration,Technician,Evening,21,47452.63
607948,Emergency,Coordinator,Night,17,68128.45
607949,Emergency,Assistant,Evening,20,111978.34
607950,Diagnostics,Nurse,Evening,28,167627.98
607951,Nursing,Nurse,Morning,0,93801.73
607952,Emergency,Pharmacist,Night,15,166734.96
607953,Emergency,Technician,Evening,15,149093.49
607954,Administration,Nurse,Morning,18,79152.69
607955,Administration,Manager,Morning,15,108048.35
607956,Emergency,Manager,Night,0,90826.89
607957,Diagnostics,Coordinator,Evening,11,50111.38
607958,Nursing,Nurse,Evening,18,109142
607959,Pharmacy,Manager,Morning,24,59285.1
607960,Diagnostics,Coordinator,Morning,29,89455.39
607961,Administration,Assistant,Morning,12,36243.88
607962,Pharmacy,Pharmacist,Night,24,80359.52
607963,Administration,Nurse,Morning,25,168684.89
607964,Surgery,Manager,Morning,29,176854.18
607965,Pharmacy,Coordinator,Morning,29,26452.84
607966,Administration,Coordinator,Night,22,148541.14
607967,Emergency,Manager,Night,16,92978.7
607968,Pharmacy,Nurse,Morning,30,30365.32
607969,Nursing,Pharmacist,Night,10,25044.29
607970,Administration,Assistant,Evening,17,82388.99
607971,Surgery,Coordinator,Morning,2,47282.03
607972,Surgery,Manager,Morning,5,172495.1
607973,Surgery,Technician,Morning,16,38588.06
607974,Administration,Coordinator,Morning,18,65810.69
607975,Diagnostics,Assistant,Morning,6,111764.4
607976,Administration,Nurse,Night,15,66534.91
607977,Diagnostics,Technician,Evening,0,67213.48
607978,Nursing,Nurse,Morning,19,103226.73
607979,Administration,Manager,Night,4,31629.54
607980,Diagnostics,Technician,Morning,1,77977.79
607981,Emergency,Assistant,Evening,14,167093.86
607982,Diagnostics,Manager,Night,26,85341.66
607983,Nursing,Nurse,Evening,24,161954.31
607984,Emergency,Coordinator,Morning,7,83096.31
607985,Nursing,Manager,Night,15,79921.46
607986,Administration,Coordinator,Evening,26,29191.01
607987,Diagnostics,Pharmacist,Evening,2,116381.49
607988,Diagnostics,Technician,Morning,10,101654.19
607989,Diagnostics,Assistant,Morning,27,107115.34
607990,Nursing,Technician,Evening,11,94878.46
607991,Surgery,Technician,Evening,9,170839
607992,Surgery,Technician,Night,12,89734.94
607993,Diagnostics,Manager,Morning,29,57329.29
607994,Nursing,Nurse,Night,2,157200.08
607995,Pharmacy,Manager,Night,22,137585.67
607996,Surgery,Coordinator,Morning,2,141516.03
607997,Nursing,Manager,Evening,14,46542.87
607998,Pharmacy,Pharmacist,Morning,3,160115.63
607999,Administration,Manager,Night,21,54092.6
608000,Pharmacy,Pharmacist,Night,27,170154.47
608001,Pharmacy,Pharmacist,Morning,3,121288.33
608002,Pharmacy,Manager,Night,7,132614.77
608003,Surgery,Pharmacist,Evening,15,90073.58
608004,Nursing,Technician,Morning,8,173386.21
608005,Pharmacy,Nurse,Night,20,173914.55
608006,Nursing,Manager,Morning,21,143206.88
608007,Pharmacy,Pharmacist,Evening,17,53256.18
608008,Pharmacy,Manager,Evening,28,100052.43
608009,Emergency,Coordinator,Morning,28,113548.97
608010,Administration,Technician,Night,2,118941.24
608011,Surgery,Pharmacist,Evening,6,68401.89
608012,Pharmacy,Technician,Evening,0,89782.66
608013,Nursing,Manager,Morning,19,34180.88
608014,Pharmacy,Assistant,Night,2,75730.24
608015,Administration,Coordinator,Morning,11,162128.33
608016,Emergency,Assistant,Morning,2,67884.38
608017,Nursing,Nurse,Night,27,136682.67
608018,Nursing,Coordinator,Night,17,170586.18
608019,Nursing,Coordinator,Morning,20,114780.07
608020,Diagnostics,Technician,Night,15,66289.9
608021,Surgery,Assistant,Night,13,49321.46
608022,Pharmacy,Technician,Evening,16,173556.83
608023,Diagnostics,Manager,Morning,21,31743.01
608024,Administration,Pharmacist,Morning,16,104744.84
608025,Surgery,Assistant,Morning,4,61749.5
608026,Administration,Nurse,Night,7,43501.85
608027,Diagnostics,Nurse,Evening,29,158762.95
608028,Diagnostics,Assistant,Night,26,116894.48
608029,Pharmacy,Coordinator,Evening,5,71301.5
608030,Surgery,Technician,Morning,9,60687.88
608031,Diagnostics,Assistant,Morning,20,50695.45
608032,Nursing,Nurse,Evening,0,74400.01
608033,Nursing,Pharmacist,Morning,13,28601.6
608034,Nursing,Manager,Evening,23,34610.64
608035,Pharmacy,Technician,Evening,0,99767.1
608036,Emergency,Manager,Night,26,50285.72
608037,Pharmacy,Manager,Night,7,32155.84
608038,Pharmacy,Pharmacist,Evening,5,75613.06
608039,Emergency,Pharmacist,Night,9,164514.85
608040,Pharmacy,Manager,Night,16,143569.52
608041,Emergency,Technician,Morning,18,70523.06
608042,Emergency,Assistant,Morning,26,32377.6
608043,Pharmacy,Pharmacist,Morning,21,165681.07
608044,Pharmacy,Technician,Night,1,94015.07
608045,Emergency,Coordinator,Night,20,71753.8
608046,Administration,Manager,Morning,19,89301.72
608047,Administration,Manager,Night,20,114100.15
608048,Surgery,Coordinator,Night,28,109987.03
608049,Diagnostics,Manager,Night,8,165933.85
608050,Diagnostics,Manager,Evening,30,28185.31
608051,Pharmacy,Technician,Evening,26,88593.32
608052,Emergency,Technician,Morning,24,158592.42
608053,Administration,Manager,Night,20,115137.43
608054,Pharmacy,Nurse,Morning,21,85206.42
608055,Nursing,Technician,Night,11,67939.92
608056,Nursing,Coordinator,Evening,17,72404.37
608057,Administration,Manager,Evening,5,74946.99
608058,Nursing,Pharmacist,Evening,28,43066.31
608059,Administration,Manager,Evening,6,102643.6
608060,Emergency,Pharmacist,Morning,2,127920.86
608061,Nursing,Technician,Night,18,145510.65
608062,Diagnostics,Assistant,Morning,15,167634.06
608063,Nursing,Manager,Night,13,149437.38
608064,Nursing,Nurse,Evening,22,104685.09
608065,Administration,Technician,Morning,6,43248.94
608066,Emergency,Pharmacist,Morning,7,58861.7
608067,Pharmacy,Manager,Evening,15,145415.53
608068,Surgery,Manager,Night,19,75259.49
608069,Surgery,Technician,Evening,7,82261.8
608070,Administration,Pharmacist,Morning,16,115566.19
608071,Surgery,Pharmacist,Morning,4,54068.92
608072,Surgery,Pharmacist,Night,30,109169.01
608073,Diagnostics,Technician,Evening,24,56983.01
608074,Emergency,Assistant,Morning,24,31667.32
608075,Surgery,Nurse,Morning,17,100404.38
608076,Diagnostics,Assistant,Evening,0,57748.73
608077,Emergency,Pharmacist,Morning,16,158176
608078,Surgery,Assistant,Night,1,148260.23
608079,Administration,Nurse,Evening,30,34987.22
608080,Pharmacy,Manager,Night,23,101068.23
608081,Nursing,Manager,Night,4,159966.93
608082,Pharmacy,Technician,Evening,28,164019.11
608083,Administration,Coordinator,Evening,30,121811.99
608084,Nursing,Manager,Evening,30,30056.88
608085,Surgery,Coordinator,Night,1,150447.49
608086,Diagnostics,Assistant,Evening,2,132501.15
608087,Administration,Manager,Night,12,138272.51
608088,Nursing,Coordinator,Night,9,128481.54
608089,Pharmacy,Coordinator,Night,14,97761.89
608090,Emergency,Nurse,Night,13,158129.33
608091,Diagnostics,Pharmacist,Night,4,96935.99
608092,Emergency,Technician,Night,20,87824.81
608093,Emergency,Technician,Evening,3,36388.8
608094,Nursing,Nurse,Evening,14,34445.59
608095,Surgery,Coordinator,Night,20,107834.81
608096,Emergency,Technician,Evening,13,134154.13
608097,Surgery,Manager,Evening,22,146217.32
608098,Nursing,Pharmacist,Morning,25,88455.99
608099,Nursing,Pharmacist,Evening,13,150443.17
608100,Diagnostics,Pharmacist,Night,14,98924.51
608101,Surgery,Pharmacist,Evening,3,75909.88
608102,Administration,Pharmacist,Evening,18,122300.9
608103,Nursing,Technician,Evening,25,149787.97
608104,Diagnostics,Technician,Morning,17,43601.77
608105,Emergency,Manager,Evening,29,59085.93
608106,Nursing,Assistant,Evening,8,169788.93
608107,Emergency,Assistant,Morning,5,140479.04
608108,Pharmacy,Manager,Morning,10,112521.77
608109,Diagnostics,Nurse,Evening,29,125071.78
608110,Administration,Technician,Morning,19,166427.22
608111,Diagnostics,Pharmacist,Evening,11,116778.24
608112,Administration,Technician,Night,17,164801.24
608113,Nursing,Nurse,Night,21,145313.98
608114,Pharmacy,Technician,Night,28,72038.21
608115,Administration,Coordinator,Night,24,176479.03
608116,Diagnostics,Nurse,Evening,27,87575.25
608117,Administration,Technician,Morning,15,140937.2
608118,Surgery,Manager,Evening,14,158335.65
608119,Pharmacy,Coordinator,Evening,28,149072.53
608120,Nursing,Pharmacist,Morning,21,170695.11
608121,Surgery,Pharmacist,Morning,25,51061.07
608122,Nursing,Coordinator,Night,22,78392.92
608123,Nursing,Pharmacist,Morning,0,52196.15
608124,Emergency,Nurse,Morning,9,120173.17
608125,Diagnostics,Coordinator,Night,30,142863.8
608126,Pharmacy,Coordinator,Night,6,179790.47
608127,Diagnostics,Assistant,Evening,25,54446.76
608128,Pharmacy,Coordinator,Night,4,31550.73
608129,Emergency,Assistant,Night,11,131957.6
608130,Emergency,Assistant,Night,25,110109.88
608131,Pharmacy,Coordinator,Night,12,153605.72
608132,Surgery,Technician,Evening,22,157796.06
608133,Diagnostics,Manager,Night,18,67106.5
608134,Diagnostics,Technician,Evening,7,80769.59
608135,Surgery,Technician,Morning,1,70156.1
608136,Administration,Nurse,Morning,25,34553.53
608137,Diagnostics,Manager,Morning,1,47101.97
608138,Pharmacy,Assistant,Morning,2,131735.12
608139,Emergency,Coordinator,Morning,15,167540.08
608140,Surgery,Manager,Evening,15,31136.17
608141,Nursing,Nurse,Evening,2,88384.19
608142,Administration,Nurse,Night,30,166532.48
608143,Emergency,Pharmacist,Night,18,76242.26
608144,Pharmacy,Assistant,Morning,16,153815.99
608145,Emergency,Technician,Morning,7,124529.44
608146,Emergency,Manager,Morning,30,75837.99
608147,Emergency,Technician,Night,25,56054.38
608148,Surgery,Coordinator,Night,28,46159.56
608149,Pharmacy,Manager,Night,22,141671.97
608150,Emergency,Technician,Night,27,105632.87
608151,Administration,Technician,Night,28,125624.77
608152,Nursing,Pharmacist,Evening,30,157457.63
608153,Administration,Technician,Night,2,112719.8
608154,Pharmacy,Pharmacist,Morning,24,29558.89
608155,Emergency,Technician,Night,16,81219.29
608156,Pharmacy,Pharmacist,Evening,24,62174.58
608157,Emergency,Technician,Evening,11,158214.07
608158,Administration,Pharmacist,Evening,24,45353.3
608159,Pharmacy,Coordinator,Night,2,100658.4
608160,Diagnostics,Assistant,Night,8,140061.18
608161,Surgery,Pharmacist,Morning,6,155972.16
608162,Administration,Pharmacist,Morning,1,79219.88
608163,Diagnostics,Manager,Night,19,98166.55
608164,Pharmacy,Coordinator,Morning,17,44738.84
608165,Pharmacy,Technician,Morning,25,123657.9
608166,Pharmacy,Technician,Morning,12,142441.79
608167,Surgery,Technician,Night,14,68302.65
608168,Administration,Manager,Evening,21,144757.3
608169,Diagnostics,Assistant,Evening,22,144859.57
608170,Diagnostics,Coordinator,Night,19,46198.25
608171,Nursing,Manager,Morning,25,59409.19
608172,Administration,Technician,Evening,29,73489.44
608173,Surgery,Pharmacist,Morning,28,159505.4
608174,Administration,Coordinator,Morning,26,74054.78
608175,Pharmacy,Nurse,Morning,19,122679.31
608176,Emergency,Manager,Morning,9,109619.94
608177,Pharmacy,Coordinator,Evening,19,101703.03
608178,Emergency,Pharmacist,Morning,28,26794.58
608179,Surgery,Pharmacist,Morning,20,29506.91
608180,Emergency,Coordinator,Evening,18,110654.66
608181,Pharmacy,Manager,Morning,3,134209.27
608182,Administration,Coordinator,Evening,21,178069.48
608183,Emergency,Assistant,Morning,9,160628.42
608184,Diagnostics,Manager,Morning,26,161806.84
608185,Surgery,Pharmacist,Morning,25,93336.97
608186,Nursing,Pharmacist,Evening,9,132851.05
608187,Pharmacy,Nurse,Night,15,35508.1
608188,Emergency,Nurse,Morning,7,32415.99
608189,Pharmacy,Manager,Evening,21,106756.85
608190,Diagnostics,Assistant,Evening,2,101735.04
608191,Diagnostics,Technician,Night,0,49960.31
608192,Surgery,Nurse,Morning,10,166354.38
608193,Surgery,Technician,Morning,16,31530.46
608194,Pharmacy,Coordinator,Evening,16,162635.86
608195,Emergency,Pharmacist,Morning,11,66111.47
608196,Diagnostics,Assistant,Morning,24,114480.32
608197,Surgery,Nurse,Morning,0,75518.16
608198,Surgery,Pharmacist,Morning,16,108392.63
608199,Nursing,Assistant,Night,4,27073.61
608200,Pharmacy,Coordinator,Morning,10,31915.29
608201,Nursing,Pharmacist,Night,24,173094.82
608202,Surgery,Assistant,Night,28,162141.13
608203,Pharmacy,Manager,Evening,13,153425.84
608204,Surgery,Nurse,Evening,22,83150.41
608205,Surgery,Technician,Night,21,178504.24
608206,Pharmacy,Nurse,Morning,27,52169.98
608207,Pharmacy,Coordinator,Night,9,166126.85
608208,Nursing,Assistant,Night,30,36896.39
608209,Administration,Technician,Morning,19,25308.93
608210,Emergency,Pharmacist,Night,6,122906
608211,Nursing,Nurse,Evening,27,33605
608212,Diagnostics,Coordinator,Night,9,110468.09
608213,Diagnostics,Coordinator,Evening,13,149799.08
608214,Diagnostics,Technician,Morning,20,85144.89
608215,Surgery,Manager,Night,3,131994.88
608216,Administration,Coordinator,Evening,25,165281.18
608217,Emergency,Assistant,Morning,17,83766.31
608218,Pharmacy,Pharmacist,Morning,4,105502.92
608219,Administration,Pharmacist,Evening,21,166896.3
608220,Nursing,Assistant,Morning,15,178310.14
608221,Nursing,Technician,Morning,2,33900.13
608222,Administration,Nurse,Morning,21,93968.25
608223,Pharmacy,Technician,Morning,26,79433.16
608224,Diagnostics,Manager,Morning,25,174063.56
608225,Nursing,Assistant,Morning,2,88704.05
608226,Administration,Pharmacist,Morning,27,106142.08
608227,Emergency,Manager,Morning,11,87282.2
608228,Emergency,Nurse,Morning,5,50197.21
608229,Emergency,Nurse,Morning,20,152210.86
608230,Nursing,Technician,Morning,5,152117.7
608231,Emergency,Coordinator,Night,4,87685.81
608232,Emergency,Pharmacist,Night,25,30528.88
608233,Administration,Manager,Night,8,135733.33
608234,Pharmacy,Assistant,Evening,30,49590.44
608235,Nursing,Nurse,Evening,3,49228.48
608236,Administration,Manager,Morning,2,146723.54
608237,Diagnostics,Coordinator,Evening,0,27474.99
608238,Emergency,Pharmacist,Night,0,147517.53
608239,Nursing,Manager,Night,9,174369.54
608240,Administration,Technician,Night,17,59770.06
608241,Emergency,Coordinator,Night,12,88046.4
608242,Nursing,Pharmacist,Evening,5,40876.05
608243,Administration,Coordinator,Night,19,48930
608244,Surgery,Nurse,Evening,13,165084.45
608245,Nursing,Manager,Morning,5,134662.73
608246,Nursing,Pharmacist,Evening,18,85496.34
608247,Nursing,Pharmacist,Morning,28,50370.65
608248,Pharmacy,Assistant,Evening,9,85081.85
608249,Emergency,Assistant,Morning,12,42255.3
608250,Administration,Assistant,Evening,19,176125.92
608251,Nursing,Coordinator,Night,21,142057.61
608252,Nursing,Manager,Night,21,89848.87
608253,Pharmacy,Coordinator,Evening,30,167850.13
608254,Pharmacy,Coordinator,Morning,11,73259.89
608255,Surgery,Assistant,Night,15,93608.09
608256,Diagnostics,Pharmacist,Morning,30,58139.09
608257,Diagnostics,Coordinator,Evening,4,128613.31
608258,Nursing,Manager,Night,24,27938.85
608259,Nursing,Technician,Night,26,110821.98
608260,Surgery,Assistant,Evening,2,70539.88
608261,Emergency,Assistant,Night,13,94047.41
608262,Surgery,Technician,Night,15,33143.74
608263,Nursing,Pharmacist,Night,4,38050.51
608264,Pharmacy,Manager,Night,30,33712.03
608265,Pharmacy,Technician,Night,0,174016.45
608266,Diagnostics,Nurse,Morning,22,162562.19
608267,Nursing,Coordinator,Evening,5,43428.52
608268,Nursing,Manager,Morning,15,29736.1
608269,Surgery,Coordinator,Evening,20,158015.44
608270,Administration,Manager,Morning,25,165037.1
608271,Emergency,Technician,Night,25,105787.78
608272,Emergency,Assistant,Evening,25,173012.91
608273,Diagnostics,Pharmacist,Night,23,55883.9
608274,Emergency,Manager,Evening,22,103794.41
608275,Administration,Nurse,Night,6,176480.92
608276,Emergency,Nurse,Evening,12,63875.2
608277,Diagnostics,Pharmacist,Evening,9,127169.99
608278,Pharmacy,Manager,Evening,6,70291.83
608279,Diagnostics,Manager,Night,6,101847.15
608280,Emergency,Nurse,Morning,11,73012.41
608281,Diagnostics,Coordinator,Morning,22,56164.55
608282,Emergency,Coordinator,Night,28,94955.69
608283,Nursing,Pharmacist,Night,2,35201.11
608284,Nursing,Nurse,Night,3,174329.04
608285,Nursing,Manager,Morning,5,85243.64
608286,Emergency,Assistant,Morning,24,28745.05
608287,Surgery,Assistant,Night,4,176893.99
608288,Administration,Assistant,Evening,5,67590.22
608289,Surgery,Nurse,Night,3,89235.17
608290,Diagnostics,Pharmacist,Morning,13,153396.87
608291,Diagnostics,Coordinator,Night,7,65388.05
608292,Surgery,Coordinator,Night,24,39228.59
608293,Nursing,Coordinator,Evening,28,48830.72
608294,Pharmacy,Technician,Evening,10,106595.97
608295,Emergency,Coordinator,Morning,29,27086.04
608296,Pharmacy,Manager,Night,30,40652.04
608297,Diagnostics,Technician,Night,10,133030.79
608298,Emergency,Assistant,Night,6,60437.29
608299,Pharmacy,Assistant,Morning,6,82150.12
608300,Pharmacy,Pharmacist,Night,12,32579.82
608301,Nursing,Pharmacist,Evening,6,167303.97
608302,Diagnostics,Technician,Evening,19,73437.41
608303,Nursing,Nurse,Morning,1,63885.14
608304,Emergency,Coordinator,Morning,8,61477.9
608305,Nursing,Nurse,Night,6,86542.65
608306,Surgery,Technician,Evening,1,58413.14
608307,Administration,Manager,Evening,16,126263.43
608308,Diagnostics,Nurse,Evening,9,133653.67
608309,Nursing,Assistant,Evening,7,35707.19
608310,Pharmacy,Manager,Evening,5,51242.96
608311,Pharmacy,Manager,Evening,1,91550.9
608312,Emergency,Assistant,Evening,0,140293.63
608313,Pharmacy,Nurse,Evening,18,174206.16
608314,Administration,Coordinator,Morning,18,147483.02
608315,Nursing,Coordinator,Morning,20,29575.72
608316,Administration,Pharmacist,Evening,25,98823.87
608317,Emergency,Assistant,Morning,14,68918.75
608318,Emergency,Pharmacist,Evening,8,157879.76
608319,Diagnostics,Technician,Morning,27,67202.44
608320,Emergency,Technician,Morning,3,144062.46
608321,Surgery,Assistant,Night,7,91865.29
608322,Emergency,Nurse,Night,21,44998.61
608323,Administration,Assistant,Evening,16,93547.37
608324,Surgery,Nurse,Morning,2,136868.1
608325,Pharmacy,Manager,Evening,0,110856.35
608326,Surgery,Assistant,Night,15,101940.51
608327,Pharmacy,Technician,Morning,24,120197.74
608328,Diagnostics,Nurse,Night,6,31323.77
608329,Administration,Coordinator,Morning,26,102023.19
608330,Emergency,Coordinator,Morning,11,61207.65
608331,Surgery,Nurse,Morning,8,78913.2
608332,Diagnostics,Pharmacist,Morning,29,100831.7
608333,Emergency,Nurse,Morning,15,162960.61
608334,Pharmacy,Technician,Morning,14,39957.82
608335,Diagnostics,Assistant,Evening,4,79519.14
608336,Diagnostics,Pharmacist,Evening,20,171878.82
608337,Pharmacy,Pharmacist,Night,29,78636.67
608338,Administration,Nurse,Morning,16,73370.38
608339,Pharmacy,Nurse,Evening,22,100679.69
608340,Administration,Coordinator,Night,27,73128.94
608341,Nursing,Manager,Morning,4,108949.45
608342,Nursing,Assistant,Night,21,60939.01
608343,Emergency,Manager,Night,19,83114.1
608344,Nursing,Technician,Night,8,146747.62
608345,Surgery,Coordinator,Night,27,164884.07
608346,Emergency,Assistant,Night,27,90431.58
608347,Diagnostics,Coordinator,Morning,4,77185.64
608348,Emergency,Coordinator,Night,11,63302.56
608349,Administration,Pharmacist,Evening,16,42160.19
608350,Surgery,Pharmacist,Morning,16,91587.26
608351,Pharmacy,Manager,Night,19,46087.82
608352,Administration,Pharmacist,Morning,1,57316.63
608353,Diagnostics,Manager,Morning,8,42238.79
608354,Pharmacy,Nurse,Night,0,77472.74
608355,Diagnostics,Assistant,Night,19,66793.84
608356,Nursing,Nurse,Morning,25,91792.39
608357,Surgery,Nurse,Night,3,45980.91
608358,Diagnostics,Technician,Night,23,66735.35
608359,Diagnostics,Coordinator,Morning,17,136721.82
608360,Diagnostics,Coordinator,Morning,22,73674.27
608361,Nursing,Technician,Morning,24,176190.5
608362,Pharmacy,Manager,Evening,17,85339.51
608363,Surgery,Coordinator,Morning,1,40578.77
608364,Diagnostics,Coordinator,Morning,5,54661.6
608365,Nursing,Technician,Night,26,149778.06
608366,Pharmacy,Manager,Evening,25,137711.43
608367,Administration,Coordinator,Evening,8,108942.15
608368,Diagnostics,Coordinator,Evening,8,62442.69
608369,Emergency,Coordinator,Evening,0,105852.3
608370,Emergency,Coordinator,Evening,9,74532.24
608371,Pharmacy,Pharmacist,Night,23,109031.76
608372,Surgery,Technician,Morning,29,44524.23
608373,Diagnostics,Manager,Night,14,129944.57
608374,Diagnostics,Pharmacist,Night,22,43875.14
608375,Diagnostics,Technician,Night,4,72903.83
608376,Administration,Technician,Morning,28,133216.38
608377,Surgery,Pharmacist,Evening,19,132694.04
608378,Nursing,Assistant,Morning,26,105418.12
608379,Surgery,Coordinator,Night,22,47079.82
608380,Diagnostics,Manager,Night,5,76355.05
608381,Surgery,Coordinator,Evening,25,67599.53
608382,Administration,Technician,Evening,17,77641.22
608383,Emergency,Nurse,Morning,12,158658.76
608384,Administration,Pharmacist,Morning,12,94113.98
608385,Surgery,Nurse,Night,28,151656.85
608386,Nursing,Assistant,Evening,23,31544.95
608387,Pharmacy,Coordinator,Night,27,99090.47
608388,Emergency,Pharmacist,Night,19,147274.91
608389,Emergency,Nurse,Morning,1,179224.23
608390,Emergency,Pharmacist,Evening,30,162345.03
608391,Pharmacy,Pharmacist,Morning,3,49533.84
608392,Pharmacy,Nurse,Evening,22,130113.47
608393,Nursing,Assistant,Morning,29,44655.08
608394,Pharmacy,Pharmacist,Morning,15,26687.77
608395,Surgery,Coordinator,Night,12,87757.17
608396,Surgery,Technician,Morning,23,74880.25
608397,Nursing,Coordinator,Evening,6,103342.26
608398,Surgery,Coordinator,Evening,11,39058.08
608399,Emergency,Technician,Morning,12,116250.32
608400,Diagnostics,Coordinator,Morning,24,48309.47
608401,Diagnostics,Nurse,Night,13,174386.57
608402,Nursing,Nurse,Morning,19,145502.54
608403,Surgery,Manager,Night,2,79522.55
608404,Diagnostics,Assistant,Night,5,121281.44
608405,Nursing,Nurse,Night,13,112000.6
608406,Surgery,Nurse,Morning,13,159475.4
608407,Diagnostics,Assistant,Morning,7,72033.52
608408,Pharmacy,Manager,Evening,6,42881.07
608409,Administration,Assistant,Evening,0,36585.52
608410,Emergency,Nurse,Evening,13,131499.9
608411,Administration,Assistant,Evening,9,82929.55
608412,Diagnostics,Nurse,Morning,30,178694.8
608413,Nursing,Pharmacist,Evening,1,80414.21
608414,Administration,Technician,Evening,13,50422.41
608415,Administration,Technician,Evening,9,25576.57
608416,Surgery,Pharmacist,Morning,9,87311.92
608417,Nursing,Manager,Morning,12,122672.88
608418,Emergency,Manager,Morning,29,109164.15
608419,Pharmacy,Nurse,Night,27,128258.21
608420,Diagnostics,Coordinator,Morning,27,138838.74
608421,Pharmacy,Coordinator,Night,12,108925.46
608422,Administration,Manager,Morning,18,155411.82
608423,Diagnostics,Coordinator,Night,28,147698.49
608424,Pharmacy,Assistant,Morning,13,66330.5
608425,Administration,Manager,Morning,18,104863.43
608426,Pharmacy,Manager,Morning,1,70712.98
608427,Diagnostics,Nurse,Night,4,160340.49
608428,Pharmacy,Manager,Evening,21,85100.39
608429,Emergency,Pharmacist,Night,5,85993.81
608430,Nursing,Assistant,Morning,27,68983
608431,Nursing,Pharmacist,Night,20,170385.9
608432,Nursing,Pharmacist,Morning,29,65066.84
608433,Emergency,Pharmacist,Evening,29,51853.26
608434,Pharmacy,Pharmacist,Morning,16,157397.57
608435,Diagnostics,Nurse,Morning,4,131059.72
608436,Emergency,Manager,Evening,28,50365.24
608437,Pharmacy,Manager,Night,28,87129.55
608438,Surgery,Coordinator,Night,6,149253.39
608439,Emergency,Coordinator,Evening,18,60243.44
608440,Diagnostics,Technician,Evening,20,114400.6
608441,Nursing,Pharmacist,Morning,12,81290.43
608442,Emergency,Coordinator,Morning,25,78430.91
608443,Pharmacy,Pharmacist,Morning,7,73943.52
608444,Pharmacy,Assistant,Morning,0,156393.21
608445,Pharmacy,Manager,Night,29,156611.74
608446,Surgery,Manager,Evening,9,121055.07
608447,Nursing,Technician,Morning,29,148340.05
608448,Emergency,Manager,Night,13,38284.15
608449,Surgery,Nurse,Morning,5,65671.7
608450,Nursing,Technician,Morning,24,152071.79
608451,Pharmacy,Manager,Night,13,168441.66
608452,Nursing,Coordinator,Evening,8,60094.49
608453,Emergency,Coordinator,Night,23,97612.88
608454,Nursing,Pharmacist,Night,14,110124.31
608455,Emergency,Technician,Morning,7,92269.18
608456,Pharmacy,Manager,Morning,29,123288.01
608457,Nursing,Manager,Night,3,37037.12
608458,Emergency,Coordinator,Morning,21,91951.21
608459,Surgery,Assistant,Morning,7,109308.82
608460,Nursing,Coordinator,Morning,3,121135.65
608461,Pharmacy,Nurse,Evening,29,112297.86
608462,Nursing,Technician,Night,9,104372.73
608463,Pharmacy,Assistant,Night,3,57749.4
608464,Emergency,Manager,Morning,16,176425.58
608465,Pharmacy,Manager,Night,18,90483.93
608466,Surgery,Manager,Evening,1,37854.27
608467,Diagnostics,Nurse,Morning,5,78805.23
608468,Emergency,Manager,Morning,13,169827.98
608469,Emergency,Pharmacist,Morning,19,25373.06
608470,Diagnostics,Technician,Night,29,108380.22
608471,Pharmacy,Technician,Night,24,40991.94
608472,Pharmacy,Technician,Morning,13,178456.79
608473,Administration,Pharmacist,Night,4,85847.73
608474,Administration,Pharmacist,Evening,10,168219.31
608475,Pharmacy,Coordinator,Morning,25,165060.74
608476,Surgery,Pharmacist,Morning,4,102517.29
608477,Diagnostics,Technician,Night,23,30784.04
608478,Administration,Pharmacist,Night,16,175423.2
608479,Diagnostics,Nurse,Night,3,162314.04
608480,Nursing,Pharmacist,Morning,8,40715.3
608481,Pharmacy,Nurse,Evening,9,34926.44
608482,Nursing,Manager,Night,0,164464.82
608483,Surgery,Manager,Night,25,136908.18
608484,Diagnostics,Assistant,Morning,3,98091.98
608485,Nursing,Nurse,Morning,5,66339.78
608486,Surgery,Technician,Night,25,142563.4
608487,Emergency,Technician,Morning,14,150207.82
608488,Emergency,Assistant,Evening,20,93335.57
608489,Pharmacy,Pharmacist,Night,22,30803.96
608490,Diagnostics,Pharmacist,Night,23,164459.25
608491,Emergency,Coordinator,Night,4,46053.33
608492,Administration,Nurse,Morning,25,122443.88
608493,Emergency,Assistant,Evening,6,38801.87
608494,Diagnostics,Assistant,Evening,29,68103.55
608495,Nursing,Manager,Night,11,31978.06
608496,Nursing,Assistant,Morning,6,33795.63
608497,Emergency,Assistant,Night,9,55165.99
608498,Emergency,Nurse,Night,3,35902.28
608499,Diagnostics,Nurse,Evening,29,56238.87
608500,Surgery,Nurse,Evening,6,43547.79
608501,Nursing,Manager,Morning,18,142934.94
608502,Nursing,Coordinator,Morning,29,87723.74
608503,Nursing,Nurse,Morning,24,131131.52
608504,Pharmacy,Manager,Morning,15,141407.64
608505,Pharmacy,Pharmacist,Night,5,100786.05
608506,Administration,Pharmacist,Night,10,73804.71
608507,Administration,Technician,Morning,6,55796.5
608508,Nursing,Technician,Night,7,31072.55
608509,Nursing,Manager,Evening,20,36829.07
608510,Administration,Pharmacist,Night,27,110453.22
608511,Diagnostics,Coordinator,Night,17,71946.99
608512,Emergency,Coordinator,Morning,8,102854.97
608513,Emergency,Pharmacist,Morning,27,109995.17
608514,Emergency,Technician,Evening,15,125607.89
608515,Emergency,Manager,Morning,16,88699.3
608516,Emergency,Coordinator,Evening,30,31203.01
608517,Diagnostics,Nurse,Morning,30,88492.45
608518,Nursing,Pharmacist,Morning,25,149816.68
608519,Nursing,Assistant,Morning,17,161873.94
608520,Surgery,Nurse,Night,30,126051.72
608521,Administration,Pharmacist,Night,28,99437.35
608522,Surgery,Manager,Night,28,49070.39
608523,Administration,Coordinator,Night,20,158185.01
608524,Emergency,Assistant,Night,22,90475.68
608525,Diagnostics,Nurse,Night,3,87954.34
608526,Surgery,Technician,Morning,2,64007.65
608527,Emergency,Nurse,Morning,28,138711.81
608528,Diagnostics,Pharmacist,Evening,13,112769.51
608529,Emergency,Technician,Evening,21,45839.59
608530,Surgery,Coordinator,Evening,17,150101.7
608531,Nursing,Pharmacist,Morning,15,25642.25
608532,Surgery,Assistant,Morning,8,148134.88
608533,Emergency,Nurse,Morning,6,150647.73
608534,Nursing,Technician,Night,22,56298.71
608535,Surgery,Manager,Night,24,96528.92
608536,Diagnostics,Technician,Night,19,98929.29
608537,Pharmacy,Technician,Evening,10,80951.82
608538,Administration,Assistant,Night,24,115478.64
608539,Administration,Nurse,Night,22,59098.45
608540,Emergency,Coordinator,Morning,26,100539
608541,Administration,Nurse,Night,2,101418.67
608542,Nursing,Manager,Morning,19,50453.3
608543,Surgery,Technician,Morning,10,144122.57
608544,Administration,Assistant,Morning,1,56714.37
608545,Administration,Technician,Morning,4,60166.7
608546,Administration,Manager,Night,16,169761.55
608547,Administration,Assistant,Morning,6,68101.12
608548,Pharmacy,Assistant,Night,28,56278.59
608549,Pharmacy,Assistant,Morning,13,77398.36
608550,Administration,Manager,Night,20,115620.72
608551,Administration,Nurse,Night,21,115067.47
608552,Administration,Coordinator,Morning,5,57580.55
608553,Administration,Technician,Evening,22,122923.23
608554,Nursing,Coordinator,Evening,24,47401.44
608555,Emergency,Pharmacist,Evening,27,164856.79
608556,Nursing,Nurse,Night,22,132173.21
608557,Surgery,Technician,Night,26,101451.2
608558,Emergency,Assistant,Morning,3,140380.62
608559,Emergency,Manager,Night,2,177699.16
608560,Pharmacy,Coordinator,Night,27,138864.02
608561,Administration,Pharmacist,Morning,17,162508.3
608562,Pharmacy,Coordinator,Morning,5,96393.2
608563,Surgery,Assistant,Night,0,78018.58
608564,Nursing,Manager,Morning,5,80683.05
608565,Surgery,Technician,Night,15,124738.65
608566,Nursing,Coordinator,Morning,17,89714.96
608567,Diagnostics,Coordinator,Night,27,109130.08
608568,Pharmacy,Pharmacist,Evening,0,48878.4
608569,Surgery,Nurse,Night,24,109852.12
608570,Administration,Manager,Morning,1,46191.79
608571,Administration,Pharmacist,Night,4,128428.29
608572,Emergency,Manager,Evening,21,176388.04
608573,Diagnostics,Pharmacist,Night,9,175246.53
608574,Surgery,Coordinator,Evening,24,109496.84
608575,Nursing,Technician,Evening,12,103373.9
608576,Diagnostics,Manager,Evening,16,84089.58
608577,Emergency,Technician,Night,9,57116
608578,Surgery,Manager,Morning,11,166522.99
608579,Pharmacy,Technician,Morning,23,33446.73
608580,Diagnostics,Coordinator,Night,30,171945.79
608581,Diagnostics,Manager,Morning,7,104262.03
608582,Pharmacy,Assistant,Morning,11,112354.41
608583,Surgery,Pharmacist,Night,6,25396.96
608584,Nursing,Technician,Evening,16,140320.68
608585,Pharmacy,Technician,Morning,26,150998.52
608586,Surgery,Manager,Evening,6,43968.4
608587,Administration,Coordinator,Evening,13,179942.97
608588,Pharmacy,Nurse,Night,30,47836.07
608589,Pharmacy,Technician,Evening,22,56551.68
608590,Emergency,Nurse,Evening,25,88946.32
608591,Diagnostics,Manager,Morning,21,26373.64
608592,Emergency,Assistant,Night,3,161910.27
608593,Pharmacy,Nurse,Morning,17,29039.5
608594,Nursing,Nurse,Evening,6,40872.26
608595,Nursing,Assistant,Morning,12,84393.72
608596,Surgery,Coordinator,Night,17,137490.91
608597,Nursing,Assistant,Night,4,75620.45
608598,Administration,Pharmacist,Morning,21,72745.77
608599,Diagnostics,Technician,Morning,3,121816.66
608600,Diagnostics,Manager,Morning,21,62886.94
608601,Nursing,Technician,Evening,8,173174.92
608602,Nursing,Manager,Morning,2,129700.04
608603,Diagnostics,Assistant,Morning,11,149374.36
608604,Nursing,Technician,Evening,29,149895.81
608605,Emergency,Coordinator,Evening,18,122727.65
608606,Nursing,Pharmacist,Evening,7,113879.9
608607,Pharmacy,Coordinator,Evening,10,126274.16
608608,Nursing,Pharmacist,Night,23,158766.56
608609,Nursing,Technician,Evening,11,153804.93
608610,Diagnostics,Pharmacist,Evening,28,65870.98
608611,Emergency,Pharmacist,Evening,15,50198.03
608612,Pharmacy,Pharmacist,Evening,23,134854.03
608613,Emergency,Technician,Morning,11,135665.17
608614,Surgery,Pharmacist,Morning,10,35385.3
608615,Nursing,Manager,Morning,11,163041.62
608616,Diagnostics,Pharmacist,Night,23,105172.86
608617,Surgery,Pharmacist,Morning,26,109581.45
608618,Administration,Nurse,Night,29,168650.8
608619,Administration,Nurse,Night,1,168989.38
608620,Nursing,Pharmacist,Morning,22,39368.21
608621,Diagnostics,Assistant,Night,16,114647.56
608622,Administration,Manager,Night,20,151340.26
608623,Administration,Coordinator,Morning,15,63134.35
608624,Surgery,Nurse,Morning,28,174183.28
608625,Administration,Technician,Evening,14,29258.35
608626,Nursing,Technician,Evening,25,45109.48
608627,Surgery,Assistant,Morning,6,27093.29
608628,Pharmacy,Technician,Night,6,94538.27
608629,Administration,Manager,Night,0,160772.91
608630,Nursing,Nurse,Morning,6,132171.72
608631,Surgery,Nurse,Morning,17,141662.91
608632,Emergency,Assistant,Evening,19,107825.82
608633,Surgery,Coordinator,Morning,20,61140.03
608634,Pharmacy,Coordinator,Night,4,95601.02
608635,Emergency,Coordinator,Night,1,108469.74
608636,Diagnostics,Coordinator,Evening,18,46618.5
608637,Pharmacy,Pharmacist,Morning,25,177953.65
608638,Diagnostics,Nurse,Morning,10,80720.53
608639,Nursing,Coordinator,Morning,26,93169.25
608640,Emergency,Assistant,Evening,21,53433.38
608641,Diagnostics,Coordinator,Evening,20,30802.3
608642,Pharmacy,Nurse,Evening,18,163113.23
608643,Nursing,Nurse,Evening,8,140421.88
608644,Nursing,Nurse,Evening,29,96929.04
608645,Administration,Assistant,Evening,9,47163.77
608646,Administration,Nurse,Morning,11,133218.79
608647,Diagnostics,Technician,Evening,16,147631.96
608648,Surgery,Manager,Morning,9,97159.4
608649,Nursing,Coordinator,Evening,27,171118.1
608650,Pharmacy,Assistant,Night,16,126156.76
608651,Surgery,Technician,Evening,28,39962.6
608652,Surgery,Manager,Night,25,55562.69
608653,Pharmacy,Manager,Night,7,99417.06
608654,Administration,Assistant,Morning,9,169174.41
608655,Pharmacy,Technician,Morning,25,160022.01
608656,Pharmacy,Technician,Morning,25,138441.72
608657,Nursing,Nurse,Evening,10,57755.82
608658,Emergency,Manager,Evening,11,43460.5
608659,Diagnostics,Pharmacist,Night,2,26134.78
608660,Nursing,Coordinator,Morning,7,49678.47
608661,Surgery,Pharmacist,Night,10,111783.26
608662,Pharmacy,Technician,Evening,8,34627.84
608663,Surgery,Pharmacist,Night,4,130661.38
608664,Administration,Pharmacist,Night,12,44767.12
608665,Emergency,Coordinator,Night,26,75520.86
608666,Administration,Assistant,Evening,13,74710.37
608667,Emergency,Technician,Night,27,170001.07
608668,Administration,Manager,Morning,13,76555.36
608669,Emergency,Manager,Night,12,148117.71
608670,Surgery,Assistant,Night,30,124418.65
608671,Diagnostics,Technician,Night,5,166663.52
608672,Surgery,Pharmacist,Evening,22,123535.47
608673,Administration,Pharmacist,Evening,29,48113.34
608674,Pharmacy,Technician,Morning,3,65612.03
608675,Administration,Assistant,Night,15,26300.51
608676,Surgery,Nurse,Morning,26,29125.56
608677,Diagnostics,Nurse,Evening,11,176010.65
608678,Administration,Nurse,Morning,18,159406.9
608679,Diagnostics,Assistant,Night,25,174778.97
608680,Administration,Technician,Evening,20,65016.48
608681,Diagnostics,Technician,Evening,22,178929.04
608682,Surgery,Technician,Evening,3,161012.68
608683,Pharmacy,Manager,Evening,23,38800.22
608684,Nursing,Technician,Evening,7,139750.17
608685,Nursing,Nurse,Night,15,34772.83
608686,Diagnostics,Technician,Evening,26,144876.59
608687,Nursing,Manager,Evening,3,101758
608688,Emergency,Manager,Evening,25,134183.69
608689,Nursing,Manager,Morning,30,102699.2
608690,Emergency,Assistant,Evening,16,86099.78
608691,Administration,Manager,Evening,18,58567.2
608692,Nursing,Coordinator,Night,26,27176.78
608693,Diagnostics,Coordinator,Evening,1,59761.32
608694,Diagnostics,Technician,Morning,20,159790.12
608695,Surgery,Manager,Morning,2,135486.21
608696,Pharmacy,Assistant,Morning,10,158391.6
608697,Administration,Technician,Night,7,124337.22
608698,Surgery,Coordinator,Evening,19,69377.34
608699,Emergency,Pharmacist,Evening,5,144345.48
608700,Nursing,Coordinator,Evening,12,110775.91
608701,Pharmacy,Manager,Night,27,123040.47
608702,Diagnostics,Assistant,Evening,19,113317.84
608703,Nursing,Manager,Evening,23,48031.71
608704,Nursing,Nurse,Morning,30,37980.29
608705,Pharmacy,Pharmacist,Evening,7,87711.14
608706,Pharmacy,Technician,Evening,29,102590.27
608707,Nursing,Manager,Morning,17,156756.62
608708,Pharmacy,Assistant,Morning,7,84837.89
608709,Emergency,Nurse,Morning,4,36948.45
608710,Emergency,Technician,Morning,29,109705.38
608711,Nursing,Technician,Morning,29,151370.46
608712,Emergency,Coordinator,Night,17,102615.7
608713,Surgery,Manager,Evening,20,175656.84
608714,Nursing,Pharmacist,Night,29,68564.89
608715,Nursing,Assistant,Morning,17,179720.28
608716,Surgery,Manager,Night,29,129060.1
608717,Administration,Technician,Morning,5,98796.01
608718,Pharmacy,Pharmacist,Morning,26,146304.5
608719,Surgery,Coordinator,Evening,27,44260.59
608720,Diagnostics,Nurse,Evening,4,130396.26
608721,Nursing,Technician,Morning,26,145291.15
608722,Emergency,Assistant,Night,26,76177.93
608723,Pharmacy,Assistant,Evening,5,82971.05
608724,Pharmacy,Nurse,Night,9,29836.47
608725,Nursing,Pharmacist,Evening,9,164934.19
608726,Emergency,Technician,Morning,5,96700.28
608727,Emergency,Assistant,Evening,1,85538.62
608728,Emergency,Assistant,Evening,19,55225.17
608729,Pharmacy,Coordinator,Evening,0,86236.38
608730,Nursing,Assistant,Evening,6,59700.37
608731,Emergency,Assistant,Night,28,130675.63
608732,Nursing,Manager,Evening,5,30395.79
608733,Diagnostics,Manager,Morning,20,99580.1
608734,Surgery,Assistant,Morning,6,33203.22
608735,Emergency,Technician,Evening,24,128834.02
608736,Nursing,Pharmacist,Evening,24,61865.54
608737,Emergency,Manager,Evening,3,179355.32
608738,Emergency,Pharmacist,Morning,14,113965.51
608739,Diagnostics,Assistant,Morning,4,76270.52
608740,Administration,Coordinator,Night,0,68150.67
608741,Nursing,Technician,Morning,27,178698.24
608742,Administration,Pharmacist,Night,9,148995.08
608743,Nursing,Coordinator,Morning,19,165981.26
608744,Surgery,Nurse,Evening,14,111260.2
608745,Emergency,Pharmacist,Night,2,101525.11
608746,Nursing,Pharmacist,Night,2,52081.89
608747,Emergency,Coordinator,Evening,6,164314.37
608748,Administration,Coordinator,Evening,15,143649.1
608749,Emergency,Coordinator,Evening,23,157996.76
608750,Surgery,Assistant,Evening,29,131541.18
608751,Diagnostics,Manager,Evening,27,71382.29
608752,Pharmacy,Assistant,Evening,15,86756
608753,Emergency,Technician,Evening,30,36404.63
608754,Emergency,Nurse,Evening,5,109120.35
608755,Emergency,Nurse,Evening,14,172692.87
608756,Administration,Technician,Night,29,79691.05
608757,Nursing,Assistant,Morning,22,125660.05
608758,Nursing,Coordinator,Evening,3,151742.14
608759,Diagnostics,Pharmacist,Evening,25,84656.5
608760,Diagnostics,Coordinator,Night,20,87251.54
608761,Emergency,Pharmacist,Morning,26,177405.44
608762,Emergency,Technician,Evening,17,132555.5
608763,Nursing,Coordinator,Night,20,79452.97
608764,Nursing,Coordinator,Morning,27,127003.72
608765,Administration,Coordinator,Evening,16,140633.7
608766,Pharmacy,Technician,Night,16,135230.51
608767,Administration,Pharmacist,Morning,9,102777.72
608768,Emergency,Technician,Morning,24,98324.4
608769,Administration,Nurse,Morning,11,144491.2
608770,Pharmacy,Technician,Night,27,73039.84
608771,Administration,Technician,Night,10,150472.03
608772,Surgery,Coordinator,Morning,4,28994.89
608773,Nursing,Assistant,Night,23,33595.78
608774,Diagnostics,Nurse,Morning,30,164616.99
608775,Nursing,Coordinator,Evening,16,57353.65
608776,Surgery,Assistant,Night,4,129595.9
608777,Emergency,Pharmacist,Morning,24,133802.65
608778,Emergency,Pharmacist,Evening,30,27854.11
608779,Administration,Manager,Morning,29,172092.43
608780,Pharmacy,Manager,Evening,19,81584.06
608781,Administration,Nurse,Morning,16,69535.45
608782,Nursing,Manager,Morning,16,25565.06
608783,Administration,Assistant,Evening,14,176493.56
608784,Administration,Pharmacist,Evening,16,77069.02
608785,Surgery,Pharmacist,Evening,2,68072.43
608786,Pharmacy,Pharmacist,Evening,8,29528.03
608787,Nursing,Pharmacist,Night,22,105254.9
608788,Diagnostics,Assistant,Evening,10,160795.01
608789,Emergency,Manager,Evening,1,108058.61
608790,Diagnostics,Technician,Night,19,95138.05
608791,Diagnostics,Nurse,Night,11,172285.32
608792,Pharmacy,Assistant,Evening,4,91438.82
608793,Diagnostics,Technician,Evening,23,105969.09
608794,Nursing,Coordinator,Night,20,121013.59
608795,Surgery,Pharmacist,Night,0,151918.76
608796,Nursing,Assistant,Morning,10,168115.75
608797,Pharmacy,Nurse,Night,27,41331.22
608798,Pharmacy,Manager,Night,0,108761.7
608799,Administration,Nurse,Evening,20,114935.62
608800,Nursing,Coordinator,Evening,5,133431.38
608801,Pharmacy,Coordinator,Morning,18,91494.14
608802,Pharmacy,Nurse,Night,30,78101.71
608803,Emergency,Coordinator,Morning,23,178585.08
608804,Nursing,Nurse,Morning,4,52455.66
608805,Pharmacy,Nurse,Evening,29,58985.73
608806,Emergency,Coordinator,Night,18,90570.04
608807,Administration,Nurse,Evening,27,173984.45
608808,Administration,Assistant,Night,16,109963.81
608809,Surgery,Coordinator,Night,30,153720.33
608810,Surgery,Nurse,Night,22,77851.36
608811,Pharmacy,Nurse,Night,13,166010.03
608812,Administration,Coordinator,Night,15,41211.56
608813,Nursing,Nurse,Evening,21,161015.82
608814,Nursing,Technician,Morning,11,29530.64
608815,Diagnostics,Technician,Night,17,29868.89
608816,Pharmacy,Assistant,Morning,9,50430.32
608817,Administration,Pharmacist,Night,0,101140.25
608818,Administration,Assistant,Night,24,46854.09
608819,Nursing,Pharmacist,Night,1,172126.6
608820,Administration,Coordinator,Night,19,71630.97
608821,Diagnostics,Manager,Morning,5,53782.71
608822,Surgery,Technician,Night,24,93854.11
608823,Surgery,Assistant,Evening,15,101265.3
608824,Diagnostics,Nurse,Evening,22,62611.96
608825,Diagnostics,Technician,Morning,16,145167.23
608826,Nursing,Manager,Morning,8,83908.71
608827,Pharmacy,Technician,Night,17,28893.07
608828,Surgery,Pharmacist,Night,27,74078.22
608829,Nursing,Manager,Morning,27,141399.05
608830,Administration,Nurse,Evening,5,44685.07
608831,Diagnostics,Nurse,Morning,2,173977.24
608832,Administration,Coordinator,Evening,16,111635.33
608833,Diagnostics,Technician,Evening,30,91256.84
608834,Diagnostics,Technician,Evening,22,176027.66
608835,Nursing,Technician,Evening,18,120615.01
608836,Pharmacy,Technician,Evening,1,82377.09
608837,Nursing,Assistant,Night,10,36079.59
608838,Surgery,Pharmacist,Morning,5,114988.25
608839,Administration,Pharmacist,Night,26,146061.06
608840,Administration,Assistant,Morning,0,70866.59
608841,Pharmacy,Pharmacist,Evening,17,123555.87
608842,Diagnostics,Coordinator,Night,19,36718.92
608843,Diagnostics,Pharmacist,Morning,2,63537.72
608844,Emergency,Coordinator,Evening,3,59240
608845,Nursing,Pharmacist,Evening,6,94370.9
608846,Surgery,Pharmacist,Evening,2,139343.51
608847,Pharmacy,Assistant,Night,2,113430.26
608848,Nursing,Coordinator,Morning,12,40684.64
608849,Surgery,Assistant,Night,22,82523.94
608850,Diagnostics,Pharmacist,Morning,16,92229.16
608851,Pharmacy,Pharmacist,Morning,1,29337.8
608852,Pharmacy,Manager,Evening,17,132157.85
608853,Emergency,Nurse,Morning,2,176558.16
608854,Administration,Pharmacist,Evening,26,56858.07
608855,Nursing,Manager,Evening,6,87471.96
608856,Surgery,Manager,Night,12,67993.59
608857,Diagnostics,Pharmacist,Night,18,78351.64
608858,Emergency,Manager,Evening,7,106787.43
608859,Diagnostics,Nurse,Night,2,42859.09
608860,Administration,Pharmacist,Night,4,143727.48
608861,Pharmacy,Pharmacist,Morning,1,51098.13
608862,Emergency,Assistant,Evening,30,65605.91
608863,Emergency,Assistant,Night,22,149679.91
608864,Administration,Assistant,Night,5,73219.15
608865,Diagnostics,Coordinator,Evening,3,117447.15
608866,Emergency,Coordinator,Evening,3,130061.66
608867,Administration,Technician,Morning,20,126714.99
608868,Diagnostics,Pharmacist,Morning,4,150402.3
608869,Administration,Manager,Evening,18,60908.71
608870,Diagnostics,Coordinator,Evening,19,134035.98
608871,Nursing,Nurse,Morning,7,120318.5
608872,Nursing,Coordinator,Morning,27,53442.5
608873,Diagnostics,Pharmacist,Morning,18,136571.27
608874,Administration,Assistant,Evening,8,158119.91
608875,Emergency,Manager,Night,25,114263.06
608876,Administration,Nurse,Morning,20,172013.96
608877,Emergency,Coordinator,Night,5,120705.72
608878,Surgery,Nurse,Morning,16,78196.16
608879,Administration,Assistant,Morning,1,171859.62
608880,Nursing,Coordinator,Morning,2,58833.13
608881,Nursing,Manager,Morning,15,164606.41
608882,Emergency,Manager,Night,2,115213.9
608883,Surgery,Coordinator,Night,23,145299.4
608884,Nursing,Technician,Evening,12,88419.38
608885,Nursing,Assistant,Morning,18,154791.24
608886,Surgery,Technician,Evening,11,174943.78
608887,Emergency,Nurse,Morning,9,126641.65
608888,Diagnostics,Manager,Evening,8,158262.55
608889,Emergency,Manager,Morning,17,103093.91
608890,Administration,Pharmacist,Morning,17,75390.29
608891,Administration,Technician,Evening,28,73690.82
608892,Pharmacy,Technician,Night,2,175073.36
608893,Emergency,Coordinator,Morning,27,136907.45
608894,Surgery,Assistant,Morning,12,41804.65
608895,Administration,Assistant,Evening,20,89090.06
608896,Emergency,Nurse,Night,1,50942.43
608897,Emergency,Assistant,Night,5,177050.28
608898,Surgery,Coordinator,Morning,19,89771.43
608899,Emergency,Pharmacist,Morning,30,136177.51
608900,Diagnostics,Coordinator,Morning,8,85990.83
608901,Diagnostics,Coordinator,Evening,9,175173.08
608902,Surgery,Coordinator,Morning,1,48006.19
608903,Surgery,Manager,Night,22,147525.41
608904,Emergency,Assistant,Evening,26,129790.86
608905,Administration,Technician,Night,22,38004.91
608906,Administration,Pharmacist,Morning,1,140818.22
608907,Nursing,Technician,Morning,3,135948.14
608908,Nursing,Assistant,Morning,13,121750.98
608909,Nursing,Pharmacist,Evening,3,102677.15
608910,Pharmacy,Assistant,Evening,21,173575.48
608911,Nursing,Nurse,Night,6,101599.67
608912,Nursing,Manager,Evening,8,166338.67
608913,Surgery,Manager,Evening,29,53560.19
608914,Nursing,Nurse,Night,20,171823.64
608915,Administration,Nurse,Morning,12,146541.84
608916,Diagnostics,Pharmacist,Night,11,28776.43
608917,Emergency,Coordinator,Night,0,146357.88
608918,Pharmacy,Pharmacist,Night,18,170240.57
608919,Nursing,Coordinator,Evening,29,168761.23
608920,Emergency,Coordinator,Morning,11,33893.71
608921,Diagnostics,Nurse,Evening,22,179620.58
608922,Administration,Nurse,Evening,14,157598.96
608923,Surgery,Pharmacist,Night,14,122473.9
608924,Administration,Technician,Evening,28,140359.03
608925,Emergency,Coordinator,Evening,22,85441.55
608926,Pharmacy,Pharmacist,Evening,6,117827.65
608927,Nursing,Technician,Night,15,179010.75
608928,Surgery,Manager,Evening,27,168962.69
608929,Administration,Technician,Night,18,144884.17
608930,Pharmacy,Technician,Morning,6,31620.43
608931,Administration,Pharmacist,Morning,29,108771.4
608932,Emergency,Coordinator,Morning,13,101424.04
608933,Nursing,Pharmacist,Evening,23,127677.4
608934,Surgery,Nurse,Morning,21,118878.15
608935,Administration,Technician,Morning,14,104603.72
608936,Emergency,Manager,Evening,28,166785.02
608937,Administration,Coordinator,Morning,4,169069.47
608938,Pharmacy,Manager,Night,4,74607.58
608939,Diagnostics,Pharmacist,Evening,13,83951.81
608940,Nursing,Coordinator,Night,26,154677.08
608941,Administration,Assistant,Night,28,100254.42
608942,Emergency,Nurse,Morning,12,145567.4
608943,Administration,Nurse,Morning,25,109190.84
608944,Surgery,Assistant,Evening,30,118774.82
608945,Diagnostics,Manager,Morning,21,26405.02
608946,Diagnostics,Assistant,Night,10,171296.99
608947,Administration,Technician,Morning,14,110276.27
608948,Nursing,Coordinator,Night,23,37224.41
608949,Administration,Technician,Night,22,175925.14
608950,Administration,Nurse,Morning,7,133976.39
608951,Surgery,Coordinator,Morning,30,31499.73
608952,Surgery,Pharmacist,Morning,0,121671.64
608953,Administration,Manager,Evening,19,25932.99
608954,Nursing,Technician,Evening,17,122752.62
608955,Emergency,Coordinator,Evening,15,127388.27
608956,Pharmacy,Manager,Night,25,35575.16
608957,Nursing,Assistant,Night,26,123422.8
608958,Nursing,Manager,Morning,24,173443.91
608959,Administration,Pharmacist,Morning,24,109711.76
608960,Nursing,Coordinator,Evening,27,55764.81
608961,Nursing,Assistant,Night,8,103812.34
608962,Nursing,Manager,Night,25,71822.72
608963,Emergency,Assistant,Morning,6,45079.74
608964,Pharmacy,Nurse,Evening,16,158195.05
608965,Diagnostics,Assistant,Evening,15,44474.14
608966,Pharmacy,Manager,Night,11,136799.36
608967,Nursing,Manager,Evening,4,152534.81
608968,Pharmacy,Technician,Morning,21,39206.65
608969,Nursing,Assistant,Morning,20,130278.95
608970,Administration,Pharmacist,Morning,18,110905.61
608971,Emergency,Technician,Morning,30,159730.7
608972,Diagnostics,Coordinator,Morning,5,161744.26
608973,Administration,Coordinator,Morning,20,177593.98
608974,Administration,Pharmacist,Night,4,133583.51
608975,Administration,Manager,Evening,1,78024.69
608976,Nursing,Technician,Morning,6,159060.85
608977,Surgery,Nurse,Evening,9,82784.47
608978,Emergency,Pharmacist,Night,30,136674.88
608979,Surgery,Pharmacist,Night,10,56794.06
608980,Surgery,Nurse,Morning,26,119926.36
608981,Administration,Technician,Night,16,164039.98
608982,Administration,Coordinator,Morning,2,124070.83
608983,Nursing,Manager,Night,28,169500.51
608984,Surgery,Coordinator,Night,16,67117.49
608985,Diagnostics,Assistant,Evening,12,76547.57
608986,Pharmacy,Nurse,Morning,14,84872.69
608987,Surgery,Assistant,Morning,3,132440.82
608988,Pharmacy,Manager,Evening,2,82466.67
608989,Nursing,Nurse,Evening,6,132764.76
608990,Emergency,Pharmacist,Night,19,141092.93
608991,Surgery,Assistant,Morning,5,135682.42
608992,Pharmacy,Technician,Morning,13,122433.52
608993,Diagnostics,Assistant,Morning,7,110173.02
608994,Pharmacy,Pharmacist,Night,4,97185.34
608995,Administration,Pharmacist,Evening,29,54927.78
608996,Diagnostics,Pharmacist,Evening,6,94292.21
608997,Pharmacy,Coordinator,Evening,9,101458.92
608998,Diagnostics,Coordinator,Night,8,109898.49
608999,Surgery,Pharmacist,Evening,27,37749.25
609000,Pharmacy,Manager,Night,11,115836.14
609001,Pharmacy,Coordinator,Morning,10,136565.75
609002,Administration,Pharmacist,Night,9,136492.04
609003,Surgery,Technician,Evening,6,91459.25
609004,Surgery,Nurse,Morning,1,31273.53
609005,Surgery,Pharmacist,Evening,6,148630.75
609006,Surgery,Technician,Evening,12,129421.12
609007,Emergency,Pharmacist,Night,23,105760.45
609008,Nursing,Technician,Night,4,169876.93
609009,Nursing,Technician,Night,5,69723.6
609010,Emergency,Assistant,Morning,5,158106.5
609011,Emergency,Coordinator,Night,16,153462.04
609012,Diagnostics,Nurse,Morning,0,101028.31
609013,Pharmacy,Technician,Evening,9,63554.51
609014,Nursing,Coordinator,Evening,11,49295.51
609015,Emergency,Coordinator,Morning,26,42841.99
609016,Emergency,Coordinator,Night,8,134965.15
609017,Administration,Coordinator,Evening,15,173912.76
609018,Nursing,Nurse,Night,10,140462.96
609019,Nursing,Coordinator,Evening,0,148561.83
609020,Nursing,Manager,Evening,15,83323.65
609021,Nursing,Assistant,Evening,22,90664.02
609022,Diagnostics,Technician,Night,28,109900.23
609023,Administration,Technician,Evening,7,150082.35
609024,Pharmacy,Technician,Night,10,37111.21
609025,Nursing,Coordinator,Morning,10,77750.47
609026,Nursing,Manager,Morning,16,126943.12
609027,Emergency,Pharmacist,Night,29,74489.18
609028,Surgery,Nurse,Morning,29,69514.67
609029,Diagnostics,Technician,Evening,3,73837.47
609030,Pharmacy,Manager,Morning,19,99201.63
609031,Emergency,Technician,Evening,24,90212.24
609032,Nursing,Coordinator,Morning,0,120752.98
609033,Pharmacy,Manager,Morning,14,114200.46
609034,Surgery,Pharmacist,Morning,27,59546.54
609035,Surgery,Technician,Evening,24,51257.99
609036,Surgery,Technician,Evening,25,112941.05
609037,Pharmacy,Coordinator,Evening,14,112365.37
609038,Diagnostics,Technician,Morning,8,135337.31
609039,Pharmacy,Technician,Evening,3,40691.99
609040,Nursing,Nurse,Morning,23,81911.52
609041,Emergency,Technician,Evening,22,132537.99
609042,Nursing,Nurse,Night,14,136838.45
609043,Surgery,Pharmacist,Morning,11,75505.67
609044,Nursing,Assistant,Morning,20,80962.19
609045,Administration,Assistant,Morning,13,95962.17
609046,Surgery,Pharmacist,Evening,13,80983.29
609047,Nursing,Technician,Evening,7,50958.45
609048,Pharmacy,Technician,Evening,27,165443.26
609049,Administration,Nurse,Night,1,43008.36
609050,Administration,Pharmacist,Night,28,67062.88
609051,Diagnostics,Pharmacist,Night,23,159200.15
609052,Pharmacy,Assistant,Evening,12,32193.71
609053,Surgery,Coordinator,Evening,26,52571.73
609054,Emergency,Technician,Morning,0,94733.38
609055,Pharmacy,Assistant,Morning,17,140198.86
609056,Administration,Manager,Morning,2,72900.23
609057,Surgery,Assistant,Morning,21,56777.8
609058,Nursing,Pharmacist,Morning,19,31351.51
609059,Pharmacy,Nurse,Morning,20,172294.81
609060,Diagnostics,Technician,Morning,11,131597.87
609061,Pharmacy,Pharmacist,Night,21,76347.54
609062,Pharmacy,Technician,Evening,27,143920.29
609063,Diagnostics,Assistant,Night,22,69364.86
609064,Surgery,Assistant,Evening,27,139998.63
609065,Administration,Assistant,Evening,24,145231.86
609066,Diagnostics,Technician,Evening,8,90438.34
609067,Nursing,Manager,Night,8,56507.33
609068,Diagnostics,Assistant,Night,1,27963.17
609069,Administration,Technician,Night,15,85686
609070,Emergency,Assistant,Evening,26,70181.25
609071,Emergency,Assistant,Evening,18,70128.97
609072,Nursing,Nurse,Morning,15,126304.61
609073,Pharmacy,Coordinator,Morning,24,48395
609074,Surgery,Nurse,Morning,8,36199.99
609075,Pharmacy,Coordinator,Evening,28,120465.5
609076,Emergency,Coordinator,Morning,26,25900.56
609077,Nursing,Nurse,Evening,25,49478.2
609078,Surgery,Manager,Night,24,95442.7
609079,Surgery,Technician,Night,6,91408.47
609080,Surgery,Pharmacist,Morning,23,83682.97
609081,Pharmacy,Coordinator,Morning,16,89489.8
609082,Nursing,Assistant,Morning,16,179782.17
609083,Surgery,Nurse,Evening,22,49056.49
609084,Administration,Coordinator,Morning,28,45095.1
609085,Surgery,Nurse,Night,19,149330.09
609086,Administration,Assistant,Night,25,84959.98
609087,Administration,Technician,Night,15,98508.83
609088,Administration,Nurse,Morning,22,75527.53
609089,Nursing,Pharmacist,Night,7,128008.9
609090,Diagnostics,Nurse,Evening,0,127850.94
609091,Surgery,Assistant,Morning,6,75003.35
609092,Surgery,Technician,Morning,20,78785.62
609093,Diagnostics,Assistant,Night,23,99980.62
609094,Administration,Manager,Morning,16,130422.64
609095,Diagnostics,Assistant,Night,19,35340.15
609096,Diagnostics,Nurse,Night,18,178597.99
609097,Nursing,Technician,Evening,19,88667.4
609098,Surgery,Nurse,Evening,22,141025.39
609099,Diagnostics,Coordinator,Night,20,100052.86
609100,Emergency,Nurse,Morning,17,159572.2
609101,Diagnostics,Pharmacist,Morning,7,81643.59
609102,Surgery,Pharmacist,Evening,29,115789.38
609103,Surgery,Coordinator,Evening,14,104812.67
609104,Diagnostics,Pharmacist,Morning,9,99122.83
609105,Surgery,Coordinator,Evening,12,62218.86
609106,Emergency,Technician,Morning,25,151189.11
609107,Nursing,Nurse,Evening,16,115807.96
609108,Pharmacy,Assistant,Morning,7,167527.28
609109,Administration,Manager,Night,1,43531.16
609110,Emergency,Coordinator,Morning,29,66606.05
609111,Pharmacy,Technician,Night,18,88248.87
609112,Emergency,Pharmacist,Morning,21,53017.78
609113,Surgery,Pharmacist,Evening,30,166433.94
609114,Administration,Assistant,Morning,26,34485.45
609115,Surgery,Coordinator,Morning,9,96659.86
609116,Diagnostics,Coordinator,Night,27,156563.25
609117,Diagnostics,Technician,Evening,16,123816.06
609118,Nursing,Nurse,Evening,4,166757.01
609119,Administration,Nurse,Morning,14,166763.98
609120,Diagnostics,Coordinator,Morning,10,41317.95
609121,Emergency,Nurse,Morning,18,68739.06
609122,Surgery,Technician,Morning,18,141843.22
609123,Surgery,Manager,Night,17,91565.51
609124,Administration,Pharmacist,Night,0,52489.57
609125,Pharmacy,Coordinator,Night,14,84059.47
609126,Emergency,Manager,Night,10,103300.03
609127,Administration,Coordinator,Morning,26,134492.05
609128,Emergency,Coordinator,Night,14,157865.61
609129,Nursing,Coordinator,Morning,27,39048.1
609130,Administration,Manager,Night,1,42596.68
609131,Administration,Technician,Night,28,93966.15
609132,Surgery,Manager,Night,5,109276.35
609133,Nursing,Assistant,Evening,17,143248.95
609134,Pharmacy,Coordinator,Evening,28,159711.42
609135,Administration,Assistant,Evening,7,99303.43
609136,Nursing,Pharmacist,Evening,11,112750.53
609137,Administration,Technician,Evening,30,65654.04
609138,Pharmacy,Assistant,Night,28,29651.05
609139,Diagnostics,Coordinator,Night,12,169116.38
609140,Pharmacy,Manager,Evening,7,119780.95
609141,Emergency,Technician,Night,1,45717.51
609142,Diagnostics,Nurse,Morning,4,106562.39
609143,Administration,Assistant,Morning,29,169342.09
609144,Emergency,Pharmacist,Evening,3,84363.99
609145,Diagnostics,Manager,Evening,17,153715.31
609146,Pharmacy,Pharmacist,Morning,16,165104.45
609147,Diagnostics,Manager,Morning,29,67162.93
609148,Pharmacy,Assistant,Evening,5,40107.39
609149,Surgery,Pharmacist,Morning,15,137033.02
609150,Administration,Pharmacist,Night,5,168710.71
609151,Pharmacy,Technician,Night,23,25012.11
609152,Nursing,Assistant,Evening,7,94932.16
609153,Pharmacy,Assistant,Evening,29,61478.7
609154,Administration,Technician,Evening,13,106000.48
609155,Diagnostics,Coordinator,Night,5,32873.64
609156,Diagnostics,Manager,Evening,17,173819.73
609157,Surgery,Manager,Morning,2,73389.97
609158,Surgery,Manager,Night,20,75297.62
609159,Nursing,Manager,Night,20,52150
609160,Surgery,Technician,Night,10,103571.37
609161,Nursing,Assistant,Morning,21,143534.28
609162,Surgery,Coordinator,Night,13,72431.85
609163,Administration,Assistant,Morning,6,107690.75
609164,Surgery,Pharmacist,Evening,15,154528.84
609165,Surgery,Manager,Morning,17,91718.14
609166,Pharmacy,Pharmacist,Evening,10,171492.93
609167,Diagnostics,Assistant,Evening,19,48093.35
609168,Nursing,Technician,Evening,18,38051.18
609169,Nursing,Coordinator,Night,24,134910.65
609170,Surgery,Pharmacist,Morning,21,155952.66
609171,Nursing,Nurse,Night,9,38028.26
609172,Nursing,Technician,Evening,21,35535.14
609173,Emergency,Assistant,Night,26,162279.45
609174,Surgery,Manager,Evening,28,171051.57
609175,Pharmacy,Assistant,Evening,15,135380.72
609176,Nursing,Technician,Evening,4,65419.95
609177,Surgery,Coordinator,Morning,15,147470.5
609178,Diagnostics,Manager,Night,1,119550.32
609179,Surgery,Pharmacist,Night,11,72311.99
609180,Emergency,Technician,Evening,14,170054.64
609181,Emergency,Nurse,Morning,2,53740.89
609182,Nursing,Technician,Morning,3,42722.48
609183,Nursing,Nurse,Evening,19,51461.19
609184,Pharmacy,Nurse,Night,14,142847.17
609185,Administration,Manager,Night,10,57881.47
609186,Pharmacy,Pharmacist,Morning,18,59238.97
609187,Nursing,Pharmacist,Night,8,70897.18
609188,Diagnostics,Manager,Night,18,103850.5
609189,Surgery,Nurse,Morning,29,100501.18
609190,Pharmacy,Manager,Morning,8,76032.02
609191,Diagnostics,Pharmacist,Night,25,165119.57
609192,Nursing,Nurse,Evening,0,96707.5
609193,Emergency,Coordinator,Night,6,57332.63
609194,Pharmacy,Pharmacist,Night,14,27909.58
609195,Diagnostics,Coordinator,Evening,25,148473.77
609196,Emergency,Manager,Evening,23,64418.24
609197,Surgery,Assistant,Evening,28,150404.81
609198,Diagnostics,Technician,Morning,26,34759.72
609199,Diagnostics,Assistant,Morning,21,161236.53
609200,Nursing,Assistant,Night,15,173967.82
609201,Administration,Technician,Night,2,72839.75
609202,Surgery,Nurse,Morning,29,171852.5
609203,Surgery,Technician,Morning,30,88971.52
609204,Diagnostics,Technician,Evening,2,78221.82
609205,Administration,Assistant,Morning,29,59653.78
609206,Nursing,Assistant,Night,14,151855.62
609207,Pharmacy,Coordinator,Night,2,173130.09
609208,Emergency,Nurse,Evening,23,131215.58
609209,Administration,Pharmacist,Night,19,39989.42
609210,Diagnostics,Assistant,Evening,29,54143.93
609211,Emergency,Pharmacist,Evening,10,81239.57
609212,Surgery,Assistant,Evening,28,91273.02
609213,Nursing,Pharmacist,Evening,29,94967.75
609214,Administration,Nurse,Evening,21,143386.84
609215,Pharmacy,Assistant,Night,25,65182.62
609216,Pharmacy,Technician,Evening,21,136098.65
609217,Administration,Assistant,Morning,9,74824.74
609218,Pharmacy,Coordinator,Evening,21,78603.59
609219,Pharmacy,Assistant,Night,14,176206.86
609220,Diagnostics,Coordinator,Night,30,131979.63
609221,Surgery,Manager,Morning,19,84841.93
609222,Surgery,Manager,Evening,4,36408.13
609223,Administration,Technician,Morning,12,141946.86
609224,Diagnostics,Manager,Morning,20,38445.29
609225,Administration,Assistant,Night,30,111770.5
609226,Administration,Coordinator,Morning,9,143358.33
609227,Pharmacy,Nurse,Evening,5,140114.18
609228,Pharmacy,Manager,Night,27,96367.79
609229,Diagnostics,Nurse,Morning,18,48787.4
609230,Administration,Manager,Night,28,178257.55
609231,Emergency,Manager,Morning,21,87942.27
609232,Surgery,Nurse,Morning,7,162371.24
609233,Administration,Assistant,Night,23,92879.07
609234,Diagnostics,Manager,Morning,28,144974.4
609235,Administration,Assistant,Night,8,66402.54
609236,Pharmacy,Technician,Morning,9,37838.81
609237,Pharmacy,Nurse,Morning,14,71088.95
609238,Diagnostics,Technician,Morning,7,129468.12
609239,Diagnostics,Pharmacist,Night,27,148413.58
609240,Administration,Assistant,Night,29,179717.18
609241,Pharmacy,Technician,Night,16,119733.51
609242,Surgery,Coordinator,Evening,4,27866.71
609243,Emergency,Technician,Morning,28,73525.91
609244,Diagnostics,Technician,Night,1,134102.73
609245,Surgery,Nurse,Evening,22,38103.53
609246,Nursing,Nurse,Night,16,98303.73
609247,Emergency,Manager,Evening,8,88891.35
609248,Nursing,Pharmacist,Evening,28,48573.47
609249,Pharmacy,Technician,Morning,8,143333.87
609250,Administration,Coordinator,Night,10,102797.56
609251,Emergency,Nurse,Morning,22,107819.1
609252,Nursing,Technician,Night,16,83209.21
609253,Surgery,Technician,Morning,6,176806.14
609254,Emergency,Nurse,Evening,11,36374.29
609255,Surgery,Assistant,Morning,9,143308.31
609256,Administration,Manager,Night,27,91278.72
609257,Pharmacy,Assistant,Evening,3,116983.78
609258,Pharmacy,Nurse,Night,10,106886.2
609259,Emergency,Pharmacist,Morning,25,27936.26
609260,Administration,Manager,Evening,23,151888.2
609261,Emergency,Manager,Night,9,121860.29
609262,Nursing,Coordinator,Evening,12,114696.73
609263,Surgery,Pharmacist,Night,6,92033.16
609264,Administration,Nurse,Evening,27,135978.43
609265,Emergency,Manager,Evening,9,146303.62
609266,Pharmacy,Manager,Night,17,109363.6
609267,Nursing,Assistant,Morning,4,104449.15
609268,Diagnostics,Nurse,Evening,25,64173.57
609269,Emergency,Assistant,Night,3,102055.57
609270,Pharmacy,Pharmacist,Evening,1,106549.07
609271,Emergency,Pharmacist,Evening,29,146905.57
609272,Emergency,Nurse,Morning,11,110973.54
609273,Pharmacy,Coordinator,Evening,4,160425.87
609274,Emergency,Assistant,Morning,17,100294.69
609275,Emergency,Assistant,Night,21,59892.1
609276,Administration,Pharmacist,Morning,13,46768.76
609277,Administration,Nurse,Morning,10,40361.58
609278,Surgery,Technician,Morning,26,137982.06
609279,Nursing,Coordinator,Night,8,84282.57
609280,Surgery,Manager,Evening,12,172641.3
609281,Pharmacy,Technician,Evening,0,83672.95
609282,Administration,Pharmacist,Evening,19,130086.75
609283,Administration,Pharmacist,Morning,15,60456.13
609284,Pharmacy,Technician,Morning,26,78546.27
609285,Surgery,Coordinator,Evening,18,45138.28
609286,Nursing,Nurse,Morning,5,71426.56
609287,Emergency,Assistant,Morning,19,49685.16
609288,Diagnostics,Technician,Night,13,123760.47
609289,Administration,Technician,Morning,19,105879.83
609290,Emergency,Manager,Morning,19,120826.3
609291,Pharmacy,Technician,Morning,9,138942.77
609292,Pharmacy,Pharmacist,Evening,13,92503
609293,Diagnostics,Pharmacist,Morning,16,98540.01
609294,Emergency,Manager,Evening,28,54608.24
609295,Emergency,Coordinator,Morning,13,101843.51
609296,Surgery,Coordinator,Night,18,87422.71
609297,Pharmacy,Coordinator,Night,28,43458.72
609298,Administration,Pharmacist,Evening,2,58118.55
609299,Emergency,Coordinator,Morning,18,41490.74
609300,Nursing,Assistant,Morning,22,58968.64
609301,Pharmacy,Coordinator,Morning,6,107684.78
609302,Nursing,Coordinator,Night,6,162330.86
609303,Surgery,Coordinator,Night,5,142222.63
609304,Nursing,Manager,Night,28,155681.66
609305,Emergency,Assistant,Morning,21,94043.29
609306,Administration,Pharmacist,Night,28,118463.49
609307,Nursing,Nurse,Evening,6,78528.29
609308,Emergency,Coordinator,Night,21,78598.59
609309,Pharmacy,Technician,Morning,28,76756.75
609310,Pharmacy,Technician,Evening,19,164089.44
609311,Diagnostics,Nurse,Morning,6,63013.17
609312,Nursing,Coordinator,Evening,16,107039.34
609313,Diagnostics,Assistant,Morning,25,159063.03
609314,Emergency,Nurse,Night,27,80914.87
609315,Emergency,Assistant,Morning,18,40362.91
609316,Pharmacy,Assistant,Night,24,89210.71
609317,Pharmacy,Technician,Night,17,172940.49
609318,Administration,Manager,Morning,20,47112.48
609319,Diagnostics,Coordinator,Morning,14,150585.79
609320,Pharmacy,Technician,Night,2,126877.66
609321,Emergency,Pharmacist,Evening,13,41482.92
609322,Emergency,Assistant,Morning,5,29425.65
609323,Emergency,Technician,Night,6,35852.07
609324,Pharmacy,Technician,Evening,7,138202.1
609325,Administration,Nurse,Evening,14,176954.86
609326,Emergency,Coordinator,Morning,25,167912.69
609327,Emergency,Nurse,Morning,4,89334.9
609328,Administration,Manager,Morning,15,97947.93
609329,Administration,Nurse,Night,30,105704.16
609330,Emergency,Assistant,Evening,17,78369.87
609331,Pharmacy,Nurse,Morning,11,136496.47
609332,Administration,Coordinator,Morning,10,66925.88
609333,Administration,Technician,Night,8,145551.52
609334,Emergency,Technician,Night,25,156920.09
609335,Diagnostics,Coordinator,Night,1,160702.04
609336,Surgery,Manager,Evening,7,127681.74
609337,Surgery,Technician,Night,4,54653.68
609338,Surgery,Assistant,Morning,20,177886.14
609339,Diagnostics,Pharmacist,Evening,26,96099.51
609340,Diagnostics,Technician,Morning,8,121865.26
609341,Diagnostics,Nurse,Morning,5,104546.51
609342,Diagnostics,Coordinator,Night,2,41522.03
609343,Emergency,Technician,Evening,4,95206.57
609344,Diagnostics,Coordinator,Evening,11,134412.03
609345,Nursing,Pharmacist,Evening,26,176849.7
609346,Pharmacy,Nurse,Night,11,163731.43
609347,Surgery,Nurse,Evening,0,63193.93
609348,Nursing,Nurse,Morning,11,62206.19
609349,Pharmacy,Assistant,Evening,30,150229.09
609350,Diagnostics,Technician,Night,26,81636.61
609351,Administration,Coordinator,Morning,7,125277.19
609352,Diagnostics,Pharmacist,Morning,18,105567.18
609353,Emergency,Pharmacist,Night,22,160361.89
609354,Diagnostics,Nurse,Night,3,144801.17
609355,Pharmacy,Nurse,Evening,19,60632.15
609356,Pharmacy,Coordinator,Evening,8,169222.71
609357,Emergency,Nurse,Evening,15,98573.1
609358,Surgery,Manager,Evening,20,176622
609359,Pharmacy,Assistant,Night,6,50400.74
609360,Pharmacy,Manager,Morning,23,59450.29
609361,Nursing,Technician,Night,0,112469.58
609362,Nursing,Coordinator,Evening,27,80978.3
609363,Nursing,Nurse,Evening,2,35852.77
609364,Nursing,Technician,Morning,0,109488.82
609365,Administration,Pharmacist,Morning,10,157416.62
609366,Nursing,Nurse,Night,28,140230.7
609367,Diagnostics,Pharmacist,Evening,28,30070.28
609368,Diagnostics,Manager,Evening,23,173237.5
609369,Pharmacy,Manager,Evening,24,142747.23
609370,Emergency,Technician,Evening,3,162443.42
609371,Diagnostics,Manager,Night,0,69505.38
609372,Administration,Nurse,Night,3,178452.52
609373,Nursing,Nurse,Night,18,34172.09
609374,Pharmacy,Pharmacist,Evening,18,86139.6
609375,Emergency,Manager,Night,14,146092.65
609376,Diagnostics,Coordinator,Morning,11,65579.41
609377,Administration,Technician,Morning,2,99488.09
609378,Surgery,Assistant,Night,12,65739.96
609379,Emergency,Manager,Morning,24,81662.33
609380,Diagnostics,Manager,Morning,21,80900.42
609381,Diagnostics,Manager,Evening,30,100879.49
609382,Administration,Coordinator,Evening,1,136852.54
609383,Surgery,Nurse,Evening,27,150670.7
609384,Pharmacy,Pharmacist,Morning,10,103869.63
609385,Surgery,Coordinator,Night,11,122641.81
609386,Administration,Nurse,Night,3,90168.97
609387,Diagnostics,Nurse,Evening,17,121987.12
609388,Administration,Assistant,Evening,23,118153.35
609389,Nursing,Technician,Night,0,76120.94
609390,Diagnostics,Coordinator,Night,21,79684.74
609391,Diagnostics,Manager,Evening,24,120345.52
609392,Diagnostics,Nurse,Night,21,35343.37
609393,Surgery,Manager,Morning,20,92933.43
609394,Surgery,Assistant,Evening,2,31764.93
609395,Emergency,Manager,Evening,12,162470.05
609396,Nursing,Pharmacist,Morning,2,111696.99
609397,Diagnostics,Pharmacist,Evening,7,41969.24
609398,Nursing,Assistant,Night,2,124623.78
609399,Emergency,Pharmacist,Morning,12,119021.37
609400,Nursing,Pharmacist,Night,17,90947.04
609401,Diagnostics,Technician,Night,0,66685.93
609402,Emergency,Pharmacist,Night,29,34452.19
609403,Surgery,Assistant,Night,25,79924.16
609404,Surgery,Assistant,Night,0,108712.63
609405,Administration,Assistant,Night,22,49150.8
609406,Pharmacy,Manager,Morning,5,46857.88
609407,Surgery,Manager,Night,10,100623.41
609408,Emergency,Manager,Night,7,175693.41
609409,Pharmacy,Coordinator,Evening,23,45673.51
609410,Pharmacy,Technician,Night,18,152627.42
609411,Emergency,Coordinator,Evening,23,33156.07
609412,Diagnostics,Assistant,Night,6,101560.54
609413,Administration,Coordinator,Evening,19,64994.3
609414,Nursing,Nurse,Morning,5,69563.44
609415,Emergency,Pharmacist,Evening,23,140753.62
609416,Surgery,Assistant,Morning,26,114011.45
609417,Surgery,Pharmacist,Morning,0,107745.55
609418,Administration,Coordinator,Night,4,174078.45
609419,Diagnostics,Technician,Night,22,136527.33
609420,Administration,Coordinator,Night,15,45582.86
609421,Emergency,Technician,Evening,30,71413.5
609422,Administration,Manager,Night,16,87116.66
609423,Emergency,Assistant,Evening,20,77885.33
609424,Diagnostics,Coordinator,Morning,12,109570.27
609425,Administration,Assistant,Evening,18,154841.75
609426,Administration,Nurse,Night,2,164013.85
609427,Diagnostics,Assistant,Morning,16,166834.1
609428,Emergency,Coordinator,Evening,11,153494.33
609429,Pharmacy,Technician,Evening,4,122804.12
609430,Emergency,Manager,Night,26,139326.97
609431,Administration,Pharmacist,Night,26,86963.95
609432,Nursing,Assistant,Morning,26,119394.25
609433,Pharmacy,Coordinator,Night,27,115112.34
609434,Surgery,Nurse,Night,7,57998.15
609435,Pharmacy,Assistant,Night,7,97740.46
609436,Administration,Manager,Evening,10,112083.05
609437,Diagnostics,Nurse,Evening,7,89640.63
609438,Nursing,Nurse,Evening,24,111643.82
609439,Diagnostics,Coordinator,Night,18,54394.56
609440,Nursing,Manager,Morning,7,33463.32
609441,Administration,Nurse,Night,20,90545.44
609442,Diagnostics,Coordinator,Morning,23,59127.8
609443,Administration,Pharmacist,Morning,26,89417.01
609444,Surgery,Manager,Evening,13,179077.62
609445,Surgery,Assistant,Night,18,120747.63
609446,Nursing,Technician,Morning,17,138845.68
609447,Emergency,Pharmacist,Morning,11,97186.09
609448,Surgery,Coordinator,Morning,1,142809.29
609449,Emergency,Pharmacist,Morning,8,115963.52
609450,Diagnostics,Coordinator,Night,29,157973.09
609451,Pharmacy,Coordinator,Morning,20,149671.49
609452,Pharmacy,Technician,Night,8,170520.55
609453,Administration,Manager,Night,0,110017.65
609454,Surgery,Coordinator,Night,16,52423.64
609455,Diagnostics,Manager,Morning,1,172946.15
609456,Administration,Manager,Morning,2,111322.81
609457,Nursing,Assistant,Morning,14,141441.79
609458,Nursing,Technician,Morning,2,77374.7
609459,Pharmacy,Manager,Morning,2,116088.16
609460,Pharmacy,Assistant,Night,25,101374.28
609461,Surgery,Coordinator,Morning,28,33663.71
609462,Administration,Nurse,Night,24,25067.35
609463,Administration,Nurse,Evening,7,57560.13
609464,Emergency,Assistant,Evening,23,146184.44
609465,Emergency,Assistant,Morning,16,82495.59
609466,Administration,Assistant,Morning,0,158529.46
609467,Pharmacy,Manager,Night,5,106720.86
609468,Administration,Pharmacist,Night,3,137795.47
609469,Surgery,Nurse,Night,4,130512.18
609470,Administration,Manager,Morning,8,177791.94
609471,Emergency,Coordinator,Night,18,124714.15
609472,Administration,Pharmacist,Evening,26,92325.56
609473,Nursing,Coordinator,Evening,0,125082.16
609474,Nursing,Pharmacist,Evening,12,86171.7
609475,Administration,Manager,Evening,3,133508.52
609476,Diagnostics,Nurse,Morning,26,156130.88
609477,Administration,Nurse,Evening,4,37207.72
609478,Surgery,Manager,Night,10,62140.37
609479,Nursing,Pharmacist,Night,10,26113.14
609480,Administration,Assistant,Evening,3,36035.31
609481,Pharmacy,Manager,Night,16,63952.45
609482,Emergency,Pharmacist,Night,5,157832.78
609483,Diagnostics,Manager,Evening,13,61001.98
609484,Administration,Pharmacist,Evening,29,53136.94
609485,Nursing,Coordinator,Morning,18,81233.64
609486,Diagnostics,Technician,Night,14,57636.89
609487,Emergency,Coordinator,Night,18,63704.41
609488,Emergency,Manager,Night,1,100640.52
609489,Pharmacy,Assistant,Evening,20,145412.74
609490,Surgery,Nurse,Evening,26,171923.12
609491,Diagnostics,Pharmacist,Evening,20,118978.51
609492,Diagnostics,Coordinator,Morning,27,150637.31
609493,Pharmacy,Technician,Morning,6,43619.2
609494,Diagnostics,Pharmacist,Evening,14,73914.59
609495,Pharmacy,Coordinator,Night,3,127340.85
609496,Diagnostics,Nurse,Night,25,58397.58
609497,Diagnostics,Assistant,Morning,6,108040.33
609498,Pharmacy,Coordinator,Evening,11,112342.52
609499,Diagnostics,Pharmacist,Evening,29,52514.06
609500,Pharmacy,Coordinator,Night,13,162953.64
609501,Nursing,Technician,Night,20,95863.76
609502,Administration,Technician,Evening,14,75817.23
609503,Surgery,Coordinator,Morning,9,111305.17
609504,Surgery,Manager,Morning,10,102262.11
609505,Nursing,Technician,Morning,24,122043.64
609506,Emergency,Technician,Night,8,27839.43
609507,Administration,Assistant,Morning,21,109482.53
609508,Pharmacy,Pharmacist,Morning,22,168859.3
609509,Surgery,Technician,Evening,22,48359.29
609510,Administration,Technician,Morning,9,73213.56
609511,Diagnostics,Technician,Night,15,68549.63
609512,Nursing,Pharmacist,Morning,9,44443.35
609513,Pharmacy,Manager,Night,6,27655.73
609514,Nursing,Nurse,Morning,24,144934.39
609515,Surgery,Nurse,Night,23,122939.46
609516,Surgery,Technician,Evening,2,155957.17
609517,Pharmacy,Technician,Morning,26,101798.65
609518,Pharmacy,Nurse,Morning,5,57964.23
609519,Administration,Nurse,Morning,15,103256.84
609520,Diagnostics,Nurse,Evening,13,149623.39
609521,Diagnostics,Assistant,Night,17,116715.09
609522,Pharmacy,Coordinator,Night,15,136961.81
609523,Emergency,Assistant,Morning,23,139152.8
609524,Pharmacy,Technician,Morning,5,154627.5
609525,Administration,Assistant,Night,8,148387.67
609526,Diagnostics,Pharmacist,Night,25,84327.18
609527,Pharmacy,Nurse,Night,7,160682.52
609528,Diagnostics,Technician,Evening,16,116495.38
609529,Administration,Assistant,Evening,5,179741.6
609530,Pharmacy,Assistant,Night,3,70387.88
609531,Administration,Nurse,Morning,30,149601.64
609532,Pharmacy,Technician,Morning,30,36188.65
609533,Administration,Pharmacist,Evening,1,88636.22
609534,Diagnostics,Pharmacist,Night,30,83288.78
609535,Nursing,Technician,Night,11,119111.24
609536,Pharmacy,Nurse,Morning,23,53828.65
609537,Pharmacy,Manager,Morning,27,98385.7
609538,Diagnostics,Technician,Evening,26,48977.99
609539,Nursing,Assistant,Morning,12,139819.86
609540,Emergency,Pharmacist,Morning,16,81782.56
609541,Diagnostics,Nurse,Night,6,87167.38
609542,Nursing,Nurse,Evening,17,51249.99
609543,Administration,Coordinator,Morning,8,168517.27
609544,Nursing,Nurse,Night,27,170379.96
609545,Surgery,Manager,Evening,14,86815.06
609546,Administration,Assistant,Evening,23,92516.13
609547,Surgery,Coordinator,Evening,23,33660.95
609548,Administration,Technician,Night,3,75477.34
609549,Administration,Nurse,Morning,21,157940.64
609550,Emergency,Technician,Night,18,107894.77
609551,Surgery,Coordinator,Night,30,79687.82
609552,Administration,Technician,Evening,20,140225.63
609553,Surgery,Technician,Night,12,30927.55
609554,Surgery,Assistant,Morning,18,112384.95
609555,Emergency,Nurse,Evening,27,33305.04
609556,Surgery,Nurse,Evening,28,85826.66
609557,Pharmacy,Manager,Morning,1,63258.8
609558,Surgery,Pharmacist,Night,20,167644.87
609559,Administration,Nurse,Morning,16,150975.22
609560,Administration,Coordinator,Evening,19,91687.33
609561,Emergency,Nurse,Night,13,106133.33
609562,Diagnostics,Manager,Morning,1,88845.15
609563,Pharmacy,Pharmacist,Evening,0,36340.08
609564,Emergency,Coordinator,Night,27,84808.5
609565,Nursing,Pharmacist,Night,12,40566.55
609566,Pharmacy,Nurse,Night,13,162684.47
609567,Diagnostics,Pharmacist,Evening,21,89800.12
609568,Emergency,Coordinator,Night,13,156355.32
609569,Emergency,Nurse,Morning,14,69400.27
609570,Pharmacy,Technician,Evening,17,33146.71
609571,Diagnostics,Coordinator,Morning,30,40700.26
609572,Administration,Coordinator,Night,17,98923.57
609573,Diagnostics,Coordinator,Morning,23,41989.06
609574,Surgery,Technician,Evening,30,139307.86
609575,Surgery,Nurse,Evening,26,167811.14
609576,Nursing,Manager,Morning,14,69695.24
609577,Diagnostics,Manager,Evening,9,90432.47
609578,Pharmacy,Assistant,Night,30,28174.39
609579,Surgery,Pharmacist,Evening,24,40731.36
609580,Surgery,Pharmacist,Morning,24,41221.89
609581,Diagnostics,Coordinator,Evening,3,80691.11
609582,Emergency,Manager,Evening,29,132284.32
609583,Surgery,Assistant,Evening,30,109408.27
609584,Emergency,Pharmacist,Morning,29,58402.31
609585,Pharmacy,Technician,Evening,15,176336.55
609586,Pharmacy,Assistant,Evening,11,178383.05
609587,Administration,Manager,Evening,26,122450.61
609588,Diagnostics,Coordinator,Evening,30,169844.79
609589,Administration,Manager,Morning,1,92816.42
609590,Surgery,Coordinator,Morning,24,83940.25
609591,Administration,Technician,Evening,26,162971.62
609592,Nursing,Nurse,Night,28,169818.94
609593,Surgery,Pharmacist,Evening,16,139155.57
609594,Emergency,Coordinator,Evening,24,28189.55
609595,Diagnostics,Technician,Night,10,178384.97
609596,Emergency,Nurse,Evening,17,80116.54
609597,Pharmacy,Nurse,Evening,23,103711.05
609598,Emergency,Pharmacist,Evening,9,49128.7
609599,Nursing,Assistant,Evening,18,148144.19
609600,Emergency,Assistant,Night,3,60853.97
609601,Administration,Assistant,Night,19,147771.6
609602,Diagnostics,Coordinator,Morning,14,119340.35
609603,Administration,Pharmacist,Morning,16,125951.93
609604,Administration,Coordinator,Night,16,81773.5
609605,Diagnostics,Manager,Morning,22,157715.99
609606,Emergency,Coordinator,Evening,8,112745.51
609607,Nursing,Coordinator,Morning,16,49627.26
609608,Emergency,Nurse,Night,23,48750.08
609609,Surgery,Nurse,Evening,1,41926.84
609610,Pharmacy,Nurse,Morning,10,50153.48
609611,Pharmacy,Manager,Night,8,39561.36
609612,Administration,Coordinator,Morning,7,66696.2
609613,Nursing,Coordinator,Evening,5,79683.04
609614,Administration,Coordinator,Evening,8,143024.08
609615,Pharmacy,Pharmacist,Night,22,45109.28
609616,Emergency,Manager,Night,26,143497.8
609617,Administration,Assistant,Night,25,120889.29
609618,Administration,Technician,Evening,26,83016.06
609619,Surgery,Nurse,Morning,20,168799.24
609620,Nursing,Manager,Night,23,39858.48
609621,Diagnostics,Nurse,Night,12,54114.09
609622,Surgery,Technician,Evening,26,83372.93
609623,Administration,Technician,Morning,25,96577.72
609624,Pharmacy,Coordinator,Evening,12,160780.49
609625,Diagnostics,Coordinator,Night,25,142892
609626,Emergency,Technician,Night,7,163172.49
609627,Surgery,Pharmacist,Morning,23,103385.01
609628,Surgery,Coordinator,Night,18,146572.89
609629,Emergency,Assistant,Morning,5,94990.05
609630,Diagnostics,Coordinator,Morning,26,76817.28
609631,Emergency,Technician,Evening,29,52413.55
609632,Nursing,Manager,Night,11,41051.87
609633,Surgery,Nurse,Evening,27,53779.35
609634,Surgery,Manager,Morning,23,68174.34
609635,Pharmacy,Coordinator,Evening,26,164238.14
609636,Surgery,Manager,Night,15,141701.98
609637,Administration,Coordinator,Evening,4,131913.81
609638,Emergency,Pharmacist,Evening,25,71393.84
609639,Emergency,Nurse,Evening,26,114892.84
609640,Emergency,Assistant,Night,7,130294.49
609641,Surgery,Assistant,Night,15,82568.02
609642,Nursing,Nurse,Evening,3,174390.06
609643,Pharmacy,Manager,Night,14,177345.18
609644,Administration,Coordinator,Evening,28,56106.3
609645,Diagnostics,Pharmacist,Night,6,109269.2
609646,Nursing,Nurse,Night,3,149200.69
609647,Diagnostics,Pharmacist,Night,12,113616.06
609648,Pharmacy,Assistant,Morning,6,81294.85
609649,Diagnostics,Technician,Evening,4,89722.92
609650,Surgery,Assistant,Evening,10,135242.32
609651,Nursing,Manager,Evening,16,54782.5
609652,Emergency,Coordinator,Morning,4,151831.19
609653,Nursing,Manager,Morning,0,120315.18
609654,Diagnostics,Pharmacist,Evening,19,28515.42
609655,Pharmacy,Nurse,Morning,11,49328.06
609656,Nursing,Manager,Night,2,163802.98
609657,Nursing,Pharmacist,Evening,22,82042.68
609658,Surgery,Technician,Morning,4,173858.71
609659,Surgery,Assistant,Evening,30,46252.92
609660,Surgery,Pharmacist,Night,12,162987.13
609661,Surgery,Manager,Night,0,37706.84
609662,Surgery,Technician,Night,23,127674.89
609663,Emergency,Pharmacist,Morning,1,162098.86
609664,Diagnostics,Manager,Night,9,47789.23
609665,Emergency,Coordinator,Evening,12,101688.26
609666,Pharmacy,Nurse,Night,18,171554.7
609667,Diagnostics,Nurse,Morning,0,46449.16
609668,Nursing,Coordinator,Evening,18,150191.47
609669,Nursing,Coordinator,Morning,16,164174.22
609670,Administration,Nurse,Morning,29,114152.33
609671,Emergency,Pharmacist,Morning,9,132725.21
609672,Nursing,Manager,Night,2,34702.1
609673,Administration,Nurse,Night,6,95888.97
609674,Emergency,Coordinator,Night,18,115819.59
609675,Administration,Assistant,Night,6,79866.6
609676,Pharmacy,Pharmacist,Night,20,69775.94
609677,Surgery,Assistant,Night,25,108855.28
609678,Diagnostics,Manager,Evening,15,115579.83
609679,Pharmacy,Technician,Night,18,68637.72
609680,Surgery,Nurse,Morning,13,141137.39
609681,Pharmacy,Assistant,Night,25,148443.76
609682,Pharmacy,Technician,Evening,5,163410.99
609683,Pharmacy,Manager,Night,19,82671.74
609684,Administration,Nurse,Night,3,179068.51
609685,Emergency,Coordinator,Night,22,66800.76
609686,Emergency,Manager,Night,17,105361.91
609687,Nursing,Nurse,Morning,9,175445.41
609688,Emergency,Nurse,Morning,10,52780.68
609689,Surgery,Nurse,Night,10,29960.36
609690,Emergency,Assistant,Night,7,58870.59
609691,Pharmacy,Nurse,Night,3,45271.42
609692,Emergency,Assistant,Evening,0,88056.35
609693,Administration,Nurse,Morning,5,56566.53
609694,Emergency,Coordinator,Evening,26,137451.27
609695,Diagnostics,Pharmacist,Morning,13,43620.47
609696,Diagnostics,Technician,Evening,10,93476.68
609697,Emergency,Nurse,Evening,0,162889.7
609698,Administration,Coordinator,Evening,10,89884.88
609699,Administration,Nurse,Evening,5,106481.06
609700,Pharmacy,Technician,Morning,16,75646.67
609701,Diagnostics,Nurse,Evening,11,92832.55
609702,Pharmacy,Assistant,Night,14,113701.82
609703,Surgery,Nurse,Night,20,81386.35
609704,Diagnostics,Technician,Evening,4,30546.28
609705,Surgery,Coordinator,Morning,27,81921.73
609706,Surgery,Manager,Evening,19,50503.38
609707,Surgery,Manager,Evening,27,136350.13
609708,Administration,Pharmacist,Morning,25,79556.47
609709,Pharmacy,Assistant,Evening,29,160899.19
609710,Emergency,Pharmacist,Evening,7,157300.56
609711,Administration,Assistant,Evening,9,110174.19
609712,Pharmacy,Technician,Evening,1,92136.41
609713,Diagnostics,Nurse,Morning,4,36504.64
609714,Pharmacy,Pharmacist,Morning,12,65685.27
609715,Emergency,Manager,Night,19,111920.63
609716,Emergency,Coordinator,Evening,24,123608.53
609717,Diagnostics,Technician,Morning,21,48445
609718,Administration,Technician,Night,21,137648.19
609719,Nursing,Pharmacist,Night,19,65872.43
609720,Administration,Assistant,Morning,4,33451.78
609721,Emergency,Pharmacist,Night,23,122104.43
609722,Emergency,Manager,Night,21,56824.46
609723,Nursing,Manager,Night,2,41569.35
609724,Surgery,Technician,Night,7,113845.75
609725,Emergency,Coordinator,Night,23,83216.91
609726,Nursing,Assistant,Morning,18,96379.12
609727,Surgery,Pharmacist,Evening,5,114528.72
609728,Emergency,Coordinator,Night,20,147016.79
609729,Nursing,Technician,Night,26,115980.56
609730,Diagnostics,Coordinator,Night,6,127829.89
609731,Emergency,Pharmacist,Evening,21,84549.33
609732,Surgery,Coordinator,Night,15,130397.43
609733,Pharmacy,Coordinator,Night,20,120516.77
609734,Emergency,Assistant,Evening,8,27235.99
609735,Pharmacy,Pharmacist,Night,29,38421.37
609736,Emergency,Technician,Evening,10,153514.82
609737,Pharmacy,Coordinator,Night,30,43443.56
609738,Surgery,Nurse,Morning,15,155665.09
609739,Nursing,Assistant,Morning,10,44688.69
609740,Administration,Coordinator,Morning,25,134980.92
609741,Emergency,Coordinator,Evening,27,152732.3
609742,Emergency,Manager,Morning,2,98640.68
609743,Emergency,Coordinator,Evening,16,26403.26
609744,Surgery,Manager,Night,2,137426.71
609745,Pharmacy,Nurse,Evening,3,167789.13
609746,Surgery,Pharmacist,Night,21,173640.31
609747,Pharmacy,Assistant,Evening,0,162819.06
609748,Surgery,Coordinator,Night,16,151055.71
609749,Pharmacy,Assistant,Evening,23,133545.43
609750,Surgery,Manager,Evening,27,174335.52
609751,Diagnostics,Coordinator,Morning,10,150484.89
609752,Diagnostics,Pharmacist,Morning,3,57761.34
609753,Surgery,Technician,Evening,15,87691.1
609754,Nursing,Assistant,Morning,6,178073.46
609755,Nursing,Assistant,Morning,1,90540.89
609756,Administration,Technician,Morning,14,52159.39
609757,Administration,Manager,Night,14,149237.48
609758,Administration,Pharmacist,Night,5,177422.94
609759,Emergency,Coordinator,Night,15,79929.75
609760,Diagnostics,Coordinator,Night,6,88268.88
609761,Nursing,Nurse,Morning,19,178717.62
609762,Pharmacy,Nurse,Evening,18,94124.47
609763,Pharmacy,Manager,Morning,3,97114.46
609764,Nursing,Coordinator,Evening,23,138219.64
609765,Pharmacy,Manager,Evening,14,148616.6
609766,Pharmacy,Manager,Night,0,42565.66
609767,Surgery,Pharmacist,Night,5,93632.17
609768,Diagnostics,Pharmacist,Night,2,30234.44
609769,Diagnostics,Nurse,Night,18,171358.05
609770,Emergency,Manager,Morning,7,165281.85
609771,Pharmacy,Technician,Night,14,157467.11
609772,Surgery,Manager,Night,11,35353.1
609773,Administration,Pharmacist,Morning,23,126103.04
609774,Diagnostics,Nurse,Night,20,39213.17
609775,Diagnostics,Assistant,Evening,25,93409.72
609776,Nursing,Assistant,Night,3,174530.2
609777,Surgery,Coordinator,Evening,23,147441.02
609778,Diagnostics,Nurse,Morning,19,37229.06
609779,Administration,Nurse,Evening,4,51879.18
609780,Emergency,Coordinator,Night,19,91522.35
609781,Surgery,Pharmacist,Morning,12,55281.56
609782,Nursing,Technician,Morning,6,36299.02
609783,Administration,Nurse,Evening,1,151744.99
609784,Administration,Pharmacist,Evening,2,141790.04
609785,Surgery,Coordinator,Night,9,119411.57
609786,Emergency,Coordinator,Morning,19,170320.73
609787,Pharmacy,Technician,Evening,7,101861.07
609788,Administration,Manager,Night,18,142816.43
609789,Pharmacy,Technician,Morning,4,161441.82
609790,Emergency,Nurse,Morning,21,137187.73
609791,Diagnostics,Manager,Night,19,153283.55
609792,Administration,Nurse,Morning,30,172008.54
609793,Emergency,Pharmacist,Night,24,107425.13
609794,Pharmacy,Pharmacist,Evening,24,83882.72
609795,Pharmacy,Coordinator,Night,27,31080.3
609796,Surgery,Assistant,Night,6,109175.95
609797,Administration,Manager,Night,6,92278.41
609798,Diagnostics,Manager,Night,23,30758.18
609799,Emergency,Nurse,Night,10,119709.51
609800,Administration,Technician,Evening,30,45253.1
609801,Surgery,Technician,Evening,27,132447.36
609802,Surgery,Assistant,Morning,26,87073.82
609803,Diagnostics,Pharmacist,Night,0,63842.08
609804,Administration,Manager,Evening,7,42940.37
609805,Administration,Pharmacist,Night,2,29458.81
609806,Diagnostics,Assistant,Morning,26,30007.31
609807,Emergency,Assistant,Evening,9,174213.71
609808,Diagnostics,Assistant,Morning,15,25813.7
609809,Administration,Coordinator,Evening,17,51155.61
609810,Pharmacy,Manager,Evening,21,38087.68
609811,Administration,Technician,Evening,24,105503.8
609812,Pharmacy,Pharmacist,Night,20,95834.71
609813,Nursing,Technician,Night,10,122219.36
609814,Diagnostics,Technician,Night,8,136836.43
609815,Diagnostics,Assistant,Morning,13,73065.11
609816,Nursing,Technician,Morning,6,143843.05
609817,Administration,Technician,Morning,10,87514.16
609818,Nursing,Technician,Evening,5,48462.58
609819,Nursing,Coordinator,Morning,23,157414.11
609820,Emergency,Nurse,Morning,1,137658.94
609821,Emergency,Pharmacist,Evening,3,133934.91
609822,Surgery,Coordinator,Evening,12,41920.32
609823,Diagnostics,Pharmacist,Evening,21,145519.23
609824,Administration,Pharmacist,Night,1,175919.44
609825,Diagnostics,Manager,Evening,2,28047.79
609826,Surgery,Pharmacist,Morning,13,174981.83
609827,Surgery,Nurse,Evening,23,70514.73
609828,Surgery,Manager,Morning,6,125647.02
609829,Surgery,Pharmacist,Morning,6,80471.84
609830,Surgery,Assistant,Evening,2,64699.01
609831,Diagnostics,Pharmacist,Night,8,157711.39
609832,Nursing,Pharmacist,Evening,6,101711.69
609833,Pharmacy,Manager,Evening,18,172997.08
609834,Administration,Manager,Night,30,53343.86
609835,Pharmacy,Manager,Evening,14,150221.6
609836,Nursing,Nurse,Evening,11,64750.14
609837,Diagnostics,Technician,Evening,16,137440.6
609838,Diagnostics,Coordinator,Evening,7,130409.15
609839,Administration,Pharmacist,Morning,21,27951.22
609840,Nursing,Nurse,Evening,11,94868.95
609841,Pharmacy,Nurse,Morning,0,58146.69
609842,Administration,Manager,Night,21,114716.79
609843,Pharmacy,Pharmacist,Night,1,147330.91
609844,Pharmacy,Coordinator,Night,17,87399.43
609845,Surgery,Coordinator,Morning,1,58307.73
609846,Pharmacy,Pharmacist,Morning,22,26443.52
609847,Surgery,Technician,Evening,17,170484.77
609848,Administration,Technician,Night,21,30005.43
609849,Pharmacy,Coordinator,Morning,17,104847.01
609850,Pharmacy,Technician,Morning,25,104716.15
609851,Pharmacy,Coordinator,Night,30,85162.94
609852,Emergency,Assistant,Evening,7,53757.59
609853,Diagnostics,Pharmacist,Evening,16,58115.06
609854,Diagnostics,Pharmacist,Morning,2,110919.91
609855,Administration,Assistant,Morning,9,164707.65
609856,Surgery,Technician,Evening,2,48318.56
609857,Nursing,Assistant,Evening,30,128927.92
609858,Nursing,Manager,Evening,9,137421.18
609859,Administration,Pharmacist,Morning,10,83470.32
609860,Pharmacy,Coordinator,Morning,18,74615.25
609861,Administration,Coordinator,Evening,17,123871.29
609862,Pharmacy,Technician,Night,29,175811.44
609863,Nursing,Coordinator,Night,20,80400.88
609864,Diagnostics,Coordinator,Night,20,71863.94
609865,Diagnostics,Nurse,Night,13,91923.35
609866,Emergency,Nurse,Morning,17,137463.1
609867,Pharmacy,Technician,Night,26,138822.67
609868,Administration,Coordinator,Evening,13,174835.76
609869,Pharmacy,Pharmacist,Night,11,79499.37
609870,Surgery,Nurse,Night,25,62957.51
609871,Pharmacy,Pharmacist,Morning,16,147110.56
609872,Nursing,Manager,Morning,28,38028.86
609873,Surgery,Coordinator,Evening,22,165978.88
609874,Pharmacy,Nurse,Night,5,55930.72
609875,Nursing,Nurse,Evening,26,91355.76
609876,Diagnostics,Coordinator,Night,8,162721.32
609877,Emergency,Technician,Evening,22,147700.43
609878,Emergency,Technician,Evening,22,70717.81
609879,Administration,Pharmacist,Evening,9,123212.33
609880,Diagnostics,Coordinator,Morning,27,120207.86
609881,Nursing,Pharmacist,Evening,16,82404.95
609882,Administration,Coordinator,Night,24,58381.63
609883,Administration,Nurse,Night,11,84970.44
609884,Pharmacy,Pharmacist,Morning,10,167920.38
609885,Emergency,Coordinator,Morning,11,139494.04
609886,Surgery,Coordinator,Morning,17,144516.64
609887,Diagnostics,Coordinator,Night,2,25301.14
609888,Administration,Nurse,Night,9,59958.46
609889,Pharmacy,Coordinator,Morning,16,27883.75
609890,Pharmacy,Nurse,Night,9,136809.55
609891,Diagnostics,Technician,Night,26,175750.92
609892,Surgery,Technician,Evening,7,172072.01
609893,Administration,Nurse,Morning,26,63285.65
609894,Administration,Assistant,Night,11,108879.73
609895,Nursing,Assistant,Morning,29,153108.93
609896,Surgery,Coordinator,Evening,15,63936.99
609897,Diagnostics,Nurse,Evening,7,105582.03
609898,Administration,Coordinator,Morning,9,61697.28
609899,Administration,Assistant,Evening,21,60874.29
609900,Pharmacy,Pharmacist,Evening,7,48085.23
609901,Administration,Nurse,Morning,5,107850.31
609902,Nursing,Coordinator,Morning,11,71498.87
609903,Surgery,Assistant,Morning,30,72890.86
609904,Administration,Nurse,Evening,15,96736.91
609905,Diagnostics,Manager,Evening,4,130797.43
609906,Pharmacy,Technician,Evening,13,141790.08
609907,Nursing,Technician,Morning,7,106197.7
609908,Diagnostics,Coordinator,Morning,15,69404.66
609909,Pharmacy,Coordinator,Night,27,50952.31
609910,Surgery,Technician,Night,11,119918.39
609911,Administration,Nurse,Morning,15,153687
609912,Administration,Coordinator,Night,11,95620.72
609913,Nursing,Coordinator,Evening,29,127319.02
609914,Surgery,Coordinator,Morning,11,141611.64
609915,Pharmacy,Pharmacist,Evening,16,166521.54
609916,Diagnostics,Technician,Evening,12,67719.46
609917,Pharmacy,Coordinator,Evening,26,164280.26
609918,Nursing,Technician,Evening,14,30705.94
609919,Nursing,Coordinator,Night,30,152065.51
609920,Pharmacy,Coordinator,Evening,16,111146.17
609921,Nursing,Pharmacist,Night,9,59575.85
609922,Nursing,Assistant,Night,27,174091.42
609923,Surgery,Manager,Morning,26,91346.69
609924,Emergency,Pharmacist,Evening,21,87853.07
609925,Nursing,Nurse,Evening,11,48645.05
609926,Emergency,Manager,Night,18,60230.07
609927,Pharmacy,Nurse,Morning,24,106168.58
609928,Nursing,Assistant,Evening,0,49888.66
609929,Diagnostics,Assistant,Morning,10,158679.74
609930,Surgery,Technician,Night,1,91953.04
609931,Surgery,Technician,Morning,3,36583.83
609932,Emergency,Assistant,Evening,2,106571.96
609933,Nursing,Nurse,Night,3,56303.46
609934,Pharmacy,Pharmacist,Evening,3,164213.04
609935,Emergency,Coordinator,Morning,4,147523.48
609936,Surgery,Pharmacist,Morning,24,57753.06
609937,Administration,Technician,Night,2,74759.74
609938,Administration,Coordinator,Evening,2,107074.83
609939,Diagnostics,Assistant,Evening,30,81332.85
609940,Emergency,Manager,Night,26,110422.48
609941,Nursing,Technician,Morning,16,73984.36
609942,Diagnostics,Coordinator,Morning,2,84254.61
609943,Administration,Nurse,Evening,19,92636.45
609944,Emergency,Technician,Morning,2,69342.44
609945,Diagnostics,Coordinator,Evening,30,158217.39
609946,Surgery,Nurse,Night,11,131998.97
609947,Pharmacy,Assistant,Evening,3,43900.07
609948,Nursing,Coordinator,Night,4,138563.79
609949,Administration,Coordinator,Evening,29,116530.98
609950,Surgery,Assistant,Morning,6,112789.34
609951,Nursing,Coordinator,Night,6,77544.33
609952,Nursing,Coordinator,Morning,25,127047.34
609953,Nursing,Coordinator,Night,2,27291.55
609954,Nursing,Technician,Night,14,48182.13
609955,Administration,Technician,Evening,19,147096.88
609956,Emergency,Pharmacist,Evening,5,146633.55
609957,Pharmacy,Technician,Night,27,34661.57
609958,Administration,Coordinator,Evening,26,70892.33
609959,Administration,Manager,Night,22,106672.46
609960,Pharmacy,Assistant,Night,16,78781.72
609961,Diagnostics,Nurse,Night,10,167380.01
609962,Surgery,Nurse,Morning,18,167355.37
609963,Surgery,Nurse,Morning,18,153484.1
609964,Emergency,Manager,Evening,22,130676.1
609965,Pharmacy,Assistant,Morning,7,104875.68
609966,Emergency,Assistant,Morning,22,111369.34
609967,Diagnostics,Technician,Morning,16,74672.34
609968,Nursing,Assistant,Morning,17,151179.79
609969,Nursing,Manager,Night,3,141730.83
609970,Pharmacy,Manager,Morning,22,74442.52
609971,Emergency,Coordinator,Night,21,120210.05
609972,Administration,Nurse,Night,7,77813.42
609973,Nursing,Coordinator,Night,19,124172.52
609974,Pharmacy,Manager,Morning,3,102613.55
609975,Pharmacy,Pharmacist,Morning,1,73537.91
609976,Diagnostics,Coordinator,Morning,25,67957.59
609977,Pharmacy,Nurse,Morning,20,171307.68
609978,Administration,Nurse,Night,22,54035.49
609979,Surgery,Pharmacist,Morning,12,58962.65
609980,Pharmacy,Assistant,Morning,29,129805.03
609981,Surgery,Pharmacist,Evening,18,132625.43
609982,Nursing,Manager,Night,4,50161.41
609983,Surgery,Technician,Morning,3,164262.42
609984,Diagnostics,Assistant,Morning,20,110050.47
609985,Surgery,Coordinator,Morning,0,168922.63
609986,Surgery,Nurse,Night,7,62887.06
609987,Surgery,Manager,Morning,1,94525.63
609988,Pharmacy,Nurse,Evening,5,106032.58
609989,Nursing,Technician,Night,27,49721.88
609990,Administration,Pharmacist,Morning,0,35289.57
609991,Surgery,Pharmacist,Evening,2,121836.14
609992,Administration,Pharmacist,Morning,7,99914.42
609993,Diagnostics,Technician,Night,25,141699.27
609994,Pharmacy,Nurse,Morning,0,62838.06
609995,Pharmacy,Nurse,Morning,27,44652.87
609996,Pharmacy,Pharmacist,Evening,23,94544.94
609997,Nursing,Pharmacist,Morning,28,166830.81
609998,Emergency,Assistant,Morning,7,147347.55
609999,Pharmacy,Technician,Morning,25,35010.45
610000,Administration,Technician,Morning,16,52255.52
